Customer_ID,Avg_Monthly_Usage_KL,Current_Month_Usage_KL,Billing_Amount,Payment_Delay_Days,Usage_Deviation,Account_Age_Months,Payment_History_Score,Neighborhood_Avg_Usage,Seasonal_Factor,Previous_Fraud_Flags,Usage_Ratio,Billing_Per_Usage,Deviation_Ratio,Fraud_Label
CUST_008266,14.87,41.8,695.38,26,26.92,1,0.21,16.72,1.12,1,2.811029,16.635885,1.810356,1
CUST_002150,17.55,20.64,493.19,4,3.08,110,0.9,18.82,1.02,0,1.176068,23.894864,0.175499,0
CUST_004712,17.11,13.67,319.69,8,-3.44,62,0.28,17.08,0.93,0,0.798948,23.386247,-0.201052,0
CUST_001612,32.57,35.63,635.5,8,3.07,65,0.96,31.55,1.07,0,1.093951,17.836093,0.094259,0
CUST_001318,21.48,20.92,362.04,5,-0.56,191,1.0,22.78,1.08,0,0.973929,17.305927,-0.026071,0
CUST_007834,18.81,18.33,433.63,42,-0.48,233,0.07,19.21,0.94,1,0.974482,23.656847,-0.025518,1
CUST_003090,13.96,11.66,255.51,8,-2.3,236,0.82,15.27,0.8,0,0.835244,21.913379,-0.164756,0
CUST_000152,21.36,21.74,356.72,7,0.38,168,0.99,19.56,0.9,0,1.01779,16.408464,0.01779,0
CUST_007050,22.46,49.88,760.17,24,27.42,180,0.04,23.27,0.89,0,2.220837,15.239976,1.220837,1
CUST_003875,30.62,34.36,744.69,4,3.73,71,0.77,31.75,1.18,0,1.122142,21.673166,0.121816,0
CUST_000595,16.43,18.0,428.22,3,1.58,220,0.7,17.08,0.96,0,1.095557,23.79,0.096166,0
CUST_008334,33.03,13.04,226.89,32,-19.98,4,0.46,28.78,0.99,1,0.394793,17.39954,-0.604905,1
CUST_003431,18.66,16.46,408.38,7,-2.2,232,0.37,19.22,1.0,0,0.882101,24.81045,-0.117899,0
CUST_002620,18.32,21.5,431.84,4,3.18,29,0.75,17.78,1.2,0,1.173581,20.085581,0.173581,0
CUST_001029,32.22,28.16,527.32,7,-4.06,179,0.8,32.42,0.87,0,0.873991,18.725852,-0.126009,0
CUST_006198,24.46,69.68,1184.88,25,45.22,207,0.01,27.18,1.14,0,2.848733,17.004592,1.848733,1
CUST_003199,29.04,22.1,534.12,7,-6.94,224,0.81,32.07,0.87,0,0.761019,24.168326,-0.238981,0
CUST_006376,31.59,27.82,676.27,36,-3.77,168,0.32,33.69,0.89,1,0.880658,24.308771,-0.119342,1
CUST_005232,27.73,21.65,379.28,59,-6.08,201,0.07,28.22,0.86,2,0.780743,17.518707,-0.219257,1
CUST_005913,22.12,58.89,1075.49,43,36.77,3,0.12,24.69,1.07,1,2.662297,18.262693,1.662297,1
CUST_007616,18.8,8.05,132.9,16,-10.75,6,0.22,16.7,1.07,1,0.428191,16.509317,-0.571809,1
CUST_004700,29.41,34.29,657.23,5,4.88,78,0.94,27.23,1.07,0,1.16593,19.166812,0.16593,0
CUST_002369,31.63,37.31,715.76,9,5.69,16,0.78,29.88,1.19,0,1.179576,19.184133,0.179893,0
CUST_006180,25.77,22.02,422.82,41,-3.74,6,0.0,27.22,0.99,1,0.854482,19.201635,-0.14513,1
CUST_001696,22.78,26.72,656.16,7,3.94,215,0.92,21.72,1.16,0,1.172959,24.556886,0.172959,0
CUST_009621,21.51,21.5,503.48,39,-0.01,9,0.01,23.22,1.04,1,0.999535,23.417674,-0.000465,1
CUST_002759,22.99,19.57,335.62,7,-3.42,208,0.75,24.34,0.92,0,0.85124,17.149719,-0.14876,0
CUST_007657,33.72,39.05,700.62,58,5.32,1,0.02,30.72,1.07,0,1.158066,17.941613,0.15777,1
CUST_005872,33.08,12.02,184.47,25,-21.06,220,0.07,29.82,0.91,0,0.363362,15.346922,-0.636638,1
CUST_008189,30.16,82.62,1635.77,22,52.47,9,0.07,33.22,1.1,1,2.73939,19.798717,1.739721,1
CUST_003240,16.34,15.48,251.81,5,-0.86,97,0.96,16.76,1.08,0,0.947368,16.266796,-0.052632,0
CUST_003745,26.79,34.01,768.1,7,7.22,129,0.68,28.49,1.14,0,1.269504,22.584534,0.269504,0
CUST_002129,17.91,18.72,373.73,5,0.81,54,0.68,17.92,1.15,0,1.045226,19.964209,0.045226,0
CUST_000609,34.25,38.44,584.37,3,4.19,238,0.98,32.46,1.15,0,1.122336,15.202133,0.122336,0
CUST_009119,23.02,7.41,104.59,35,-15.61,169,0.04,18.42,0.8,0,0.321894,14.11471,-0.678106,1
CUST_001320,32.37,38.09,873.47,8,5.72,152,0.97,31.5,1.04,0,1.176707,22.931741,0.176707,0
CUST_003730,32.6,23.08,492.06,5,-9.52,12,0.94,30.3,0.8,1,0.707975,21.319757,-0.292025,0
CUST_001482,31.07,29.89,485.09,4,-1.17,15,0.87,28.39,0.86,0,0.962021,16.229174,-0.037657,0
CUST_000007,29.15,24.79,593.02,8,-4.36,107,0.93,27.73,0.93,0,0.850429,23.921743,-0.149571,0
CUST_008559,28.3,10.2,170.29,30,-18.1,7,0.15,24.85,0.9,1,0.360424,16.695098,-0.639576,1
CUST_002864,22.28,20.27,436.87,7,-2.02,80,0.66,20.31,0.9,0,0.909785,21.552541,-0.090664,0
CUST_003869,31.57,33.02,780.49,9,1.45,14,0.86,32.0,0.98,0,1.04593,23.636887,0.04593,0
CUST_008085,26.19,23.39,518.5,32,-2.81,8,0.14,27.32,0.85,0,0.893089,22.167593,-0.107293,1
CUST_000867,26.67,21.2,447.08,6,-5.47,19,0.96,24.65,0.82,0,0.794901,21.088679,-0.205099,0
CUST_008697,20.97,25.21,505.54,38,4.24,179,0.26,21.91,1.18,0,1.202194,20.053154,0.202194,1
CUST_002407,21.38,23.21,490.93,4,1.84,216,0.43,20.5,0.99,0,1.085594,21.151659,0.086062,0
CUST_001728,28.82,22.95,455.78,5,-5.87,224,0.83,31.41,0.91,0,0.796322,19.859695,-0.203678,0
CUST_001104,23.52,16.92,354.91,8,-6.59,169,0.88,23.53,0.83,0,0.719388,20.975768,-0.280187,0
CUST_001909,19.68,24.43,444.38,8,4.74,147,0.97,21.13,1.14,1,1.241362,18.18993,0.240854,0
CUST_003514,26.68,26.66,530.95,4,-0.02,45,0.8,26.97,1.03,0,0.99925,19.915604,-0.00075,0
CUST_004061,27.31,28.84,460.97,9,1.53,232,0.86,26.27,1.01,0,1.056023,15.983703,0.056023,0
CUST_007611,40.74,18.18,295.93,40,-22.57,189,0.19,32.99,1.12,1,0.446244,16.277778,-0.554001,1
CUST_002040,26.46,28.07,536.84,7,1.61,127,0.98,25.81,0.98,0,1.060847,19.125045,0.060847,0
CUST_006971,22.16,9.62,140.0,29,-12.53,1,0.04,19.56,1.09,2,0.434116,14.553015,-0.565433,1
CUST_004824,26.93,34.92,855.99,5,7.99,49,0.94,26.56,1.17,0,1.296695,24.512887,0.296695,0
CUST_007699,17.21,49.56,889.4,43,32.35,4,0.01,19.81,1.15,0,2.879721,17.945924,1.879721,1
CUST_002696,19.28,25.51,471.5,9,6.23,233,0.45,17.82,1.2,0,1.323133,18.482948,0.323133,0
CUST_006640,32.76,85.94,1867.33,24,53.18,191,0.12,34.94,1.05,0,2.623321,21.728299,1.623321,1
CUST_001093,27.93,27.26,482.29,7,-0.68,234,0.88,26.45,0.86,0,0.976011,17.692223,-0.024347,0
CUST_003027,24.95,31.51,776.1,10,6.56,226,0.98,22.83,1.18,0,1.262926,24.630276,0.262926,0
CUST_003360,17.44,20.65,402.56,5,3.21,114,0.98,17.94,1.07,0,1.18406,19.494431,0.18406,0
CUST_008208,16.28,7.36,121.65,27,-8.92,7,0.01,17.79,0.86,0,0.452088,16.528533,-0.547912,1
CUST_007321,27.2,24.59,447.76,56,-2.61,137,0.42,29.22,0.98,0,0.904044,18.209028,-0.095956,1
CUST_004650,30.79,36.72,595.17,12,5.93,131,0.53,33.68,1.16,0,1.192595,16.208333,0.192595,0
CUST_001653,22.02,28.87,508.28,5,6.85,100,0.74,22.74,1.19,0,1.311081,17.605819,0.311081,0
CUST_007293,25.14,14.91,226.61,35,-10.23,131,0.1,25.67,0.86,3,0.593079,15.198524,-0.406921,1
CUST_000064,27.41,26.94,608.0,1,-0.46,202,0.81,28.98,0.88,0,0.982853,22.568671,-0.016782,0
CUST_007543,26.69,57.27,1141.28,37,30.58,133,0.16,28.74,0.86,2,2.145747,19.92806,1.145747,1
CUST_006644,29.67,28.17,620.0,42,-1.5,4,0.47,31.54,1.05,2,0.949444,22.00923,-0.050556,1
CUST_003354,18.43,15.39,308.76,13,-3.04,210,0.88,17.34,0.83,0,0.835052,20.062378,-0.164948,0
CUST_002862,15.22,15.91,387.6,10,0.69,54,0.99,15.68,1.0,1,1.045335,24.362036,0.045335,0
CUST_003951,33.83,30.49,750.74,9,-3.34,222,0.68,30.98,0.96,0,0.901271,24.622499,-0.098729,0
CUST_001378,26.68,29.49,709.29,13,2.82,106,0.78,27.64,0.97,0,1.105322,24.051882,0.105697,0
CUST_001355,23.98,16.53,374.0,5,-7.45,173,0.82,23.79,0.81,0,0.689324,22.625529,-0.310676,0
CUST_001265,29.32,26.23,581.0,10,-3.09,174,0.97,31.46,0.9,0,0.894611,22.15021,-0.105389,0
CUST_009967,23.21,26.9,528.34,39,3.69,220,0.37,22.84,1.16,0,1.158983,19.640892,0.158983,1
CUST_003016,32.86,25.26,509.67,8,-7.61,177,0.85,34.8,0.85,0,0.768716,20.17696,-0.231589,0
CUST_006072,33.45,13.21,177.3,40,-20.23,2,0.28,26.97,0.99,1,0.394918,13.42165,-0.604783,1
CUST_008595,27.25,10.84,116.91,34,-16.41,192,0.04,21.87,0.99,0,0.397798,10.785055,-0.602202,1
CUST_002852,14.57,14.72,350.76,10,0.15,15,0.95,16.01,0.99,0,1.010295,23.828804,0.010295,0
CUST_008828,16.51,16.56,329.87,48,0.05,157,0.09,16.19,0.99,0,1.003028,19.919686,0.003028,1
CUST_002278,23.16,25.95,448.14,5,2.8,108,0.48,24.23,1.03,0,1.120466,17.269364,0.120898,0
CUST_004975,36.53,26.8,410.54,6,-9.73,20,0.94,33.51,0.83,0,0.733644,15.318657,-0.266356,0
CUST_004783,23.48,21.66,381.49,9,-1.82,113,0.99,24.84,0.8,1,0.922487,17.61265,-0.077513,0
CUST_004691,35.37,36.46,877.86,7,1.09,46,0.77,33.08,1.0,0,1.030817,24.077345,0.030817,0
CUST_001058,20.67,21.28,367.54,4,0.61,13,0.92,22.48,1.06,0,1.029511,17.271617,0.029511,0
CUST_003478,16.97,21.16,382.55,10,4.19,162,0.81,15.79,1.17,0,1.246906,18.078922,0.246906,0
CUST_002165,27.12,34.68,768.36,9,7.56,195,0.92,29.06,1.13,0,1.278761,22.155709,0.278761,0
CUST_005851,33.84,10.98,182.17,18,-22.86,1,0.15,33.21,0.81,0,0.324468,16.591075,-0.675532,1
CUST_007868,29.79,41.42,813.25,33,11.63,195,0.02,32.1,0.85,0,1.390399,19.634235,0.390399,1
CUST_009259,26.73,9.42,114.39,19,-17.31,151,0.19,22.35,0.88,0,0.352413,12.143312,-0.647587,1
CUST_006861,15.18,32.5,705.32,22,17.31,10,0.0,16.69,0.86,2,2.140975,21.702154,1.140316,1
CUST_005898,24.15,68.95,1025.69,17,44.79,10,0.23,27.51,1.14,2,2.855072,14.875852,1.854658,1
CUST_001292,33.7,38.48,781.93,11,4.78,215,0.63,34.42,1.02,0,1.14184,20.320426,0.14184,0
CUST_000246,16.26,11.17,211.48,6,-5.08,39,0.92,16.54,0.8,0,0.686962,18.932856,-0.312423,0
CUST_004523,24.45,31.35,592.27,9,6.9,212,0.5,23.06,1.12,0,1.282209,18.892185,0.282209,0
CUST_009394,32.07,13.06,190.89,38,-19.01,8,0.13,32.03,1.02,1,0.407234,14.616386,-0.592766,1
CUST_007703,23.67,24.38,403.44,55,0.71,8,0.38,24.59,1.07,1,1.029996,16.54799,0.029996,1
CUST_008001,22.21,44.25,1067.74,44,22.05,1,0.51,20.42,1.1,0,1.992346,24.129718,0.992796,1
CUST_008050,27.07,29.99,450.18,40,2.92,6,0.01,28.66,0.9,2,1.107868,15.011004,0.107868,1
CUST_001352,36.05,39.88,677.89,4,3.83,61,0.94,33.62,1.11,0,1.106241,16.998245,0.106241,0
CUST_002113,23.0,23.02,411.59,6,0.03,119,0.9,22.2,0.9,1,1.00087,17.87967,0.001304,0
CUST_004567,26.87,26.14,535.84,3,-0.73,34,0.63,26.02,1.13,0,0.972832,20.498852,-0.027168,0
CUST_009609,27.03,12.33,143.42,19,-14.7,8,0.08,25.13,1.14,1,0.45616,11.631792,-0.54384,1
CUST_009570,22.91,64.48,1060.15,29,41.56,11,0.01,26.96,1.13,0,2.814491,16.441532,1.814055,1
CUST_000202,31.97,37.44,812.55,7,5.47,229,0.9,30.72,1.04,0,1.171098,21.702724,0.171098,0
CUST_000972,17.74,15.68,307.99,4,-2.06,66,0.58,18.13,1.02,0,0.883878,19.642219,-0.116122,0
CUST_007858,24.71,55.82,924.64,44,31.11,11,0.13,29.35,0.9,1,2.259004,16.564672,1.259004,1
CUST_007261,31.37,27.76,499.29,28,-3.6,2,0.13,34.76,0.89,2,0.884922,17.985951,-0.114759,1
CUST_004727,29.13,27.07,675.64,3,-2.06,99,0.65,29.28,1.06,0,0.929283,24.958995,-0.070717,0
CUST_003418,15.67,17.33,299.14,4,1.66,198,0.84,16.95,1.14,0,1.105935,17.261396,0.105935,0
CUST_008107,35.78,12.21,139.82,15,-23.57,183,0.23,29.53,0.85,2,0.341252,11.451269,-0.658748,1
CUST_004342,36.8,40.64,980.07,11,3.84,137,0.93,33.94,1.04,0,1.104348,24.115896,0.104348,0
CUST_000349,17.3,16.41,377.06,12,-0.89,114,0.6,17.12,1.05,0,0.948555,22.977453,-0.051445,0
CUST_007308,21.88,10.33,120.1,16,-11.55,149,0.55,17.15,1.18,1,0.472121,11.626331,-0.527879,1
CUST_001860,21.31,20.45,499.85,7,-0.86,198,0.98,21.26,0.84,0,0.959643,24.442543,-0.040357,0
CUST_007504,24.96,18.77,464.5,32,-6.19,6,0.1,23.05,0.82,1,0.752003,24.746937,-0.247997,1
CUST_003787,28.49,28.9,629.13,5,0.41,188,0.7,29.88,0.98,0,1.014391,21.769204,0.014391,0
CUST_003189,23.66,24.48,584.02,12,0.82,50,0.74,25.33,1.15,0,1.034658,23.857026,0.034658,0
CUST_004384,24.56,23.86,585.47,4,-0.7,226,0.82,22.63,0.86,0,0.971498,24.53772,-0.028502,0
CUST_008837,40.37,16.65,258.38,35,-23.72,10,0.25,31.42,1.03,1,0.412435,15.518318,-0.587565,1
CUST_004768,33.39,28.87,662.1,8,-4.52,115,0.86,32.73,0.86,1,0.86463,22.933841,-0.13537,0
CUST_007614,19.81,18.39,373.91,54,-1.42,9,0.08,20.01,0.9,1,0.928319,20.332246,-0.071681,1
CUST_002641,22.54,26.62,493.1,6,4.09,145,0.85,21.41,1.1,0,1.181012,18.523666,0.181455,0
CUST_002015,17.89,16.87,333.14,3,-1.03,177,0.83,18.3,0.85,0,0.942985,19.747481,-0.057574,0
CUST_001242,15.98,15.09,376.85,12,-0.89,226,0.91,17.14,1.11,0,0.944305,24.973492,-0.055695,0
CUST_003514,26.68,26.66,530.95,4,-0.02,45,0.8,26.97,1.03,0,0.99925,19.915604,-0.00075,0
CUST_000136,33.61,36.58,761.86,7,2.97,79,0.57,34.6,0.99,1,1.088367,20.827228,0.088367,0
CUST_005535,15.63,9.3,227.26,41,-6.33,9,0.16,15.8,0.96,2,0.59501,24.436559,-0.40499,1
CUST_000122,16.16,21.13,331.4,8,4.97,99,0.76,15.54,1.19,0,1.30755,15.683862,0.30755,0
CUST_008355,23.78,51.37,900.53,16,27.59,222,0.26,24.88,0.86,1,2.160219,17.530271,1.160219,1
CUST_001872,27.69,30.96,524.06,5,3.27,192,0.86,29.17,1.2,0,1.118093,16.927003,0.118093,0
CUST_003468,18.82,14.65,240.52,7,-4.16,202,0.8,18.24,0.83,0,0.778427,16.417747,-0.221041,0
CUST_000722,31.97,31.65,762.41,2,-0.32,124,0.88,29.56,0.87,0,0.989991,24.088784,-0.010009,0
CUST_005166,34.51,43.9,1079.34,34,9.39,221,0.22,34.78,1.01,1,1.272095,24.586333,0.272095,1
CUST_006247,28.63,84.49,1489.11,43,55.86,195,0.05,28.72,1.18,0,2.9511,17.624689,1.9511,1
CUST_004106,26.41,30.05,672.13,5,3.64,101,0.76,27.52,1.0,0,1.137827,22.367055,0.137827,0
CUST_005530,17.19,49.05,673.43,17,31.86,178,0.21,19.54,1.14,2,2.853403,13.72946,1.853403,1
CUST_004448,16.16,19.06,363.12,9,2.9,235,0.96,16.56,1.18,0,1.179455,19.051417,0.179455,0
CUST_009302,21.25,58.7,1214.7,34,37.45,6,0.33,23.01,1.1,0,2.762353,20.693356,1.762353,1
CUST_001379,30.58,35.14,702.42,6,4.55,83,0.88,31.18,1.02,0,1.149117,19.989186,0.14879,0
CUST_006848,28.91,71.45,1255.07,39,42.54,189,0.21,31.71,0.86,2,2.471463,17.56571,1.471463,1
CUST_005199,24.5,10.77,167.37,41,-13.73,6,0.24,20.39,1.1,2,0.439592,15.54039,-0.560408,1
CUST_003228,22.9,25.78,571.48,7,2.88,139,0.96,21.26,1.2,0,1.125764,22.167572,0.125764,0
CUST_006892,19.59,16.4,408.55,50,-3.2,124,0.4,19.26,0.86,3,0.837162,24.911585,-0.163349,1
CUST_007127,21.1,21.88,440.19,38,0.78,6,0.02,22.24,0.98,2,1.036967,20.118373,0.036967,1
CUST_004665,19.33,19.82,407.96,11,0.5,30,0.9,17.78,0.94,0,1.025349,20.583249,0.025867,0
CUST_002451,20.57,23.07,349.24,4,2.5,213,0.85,20.91,1.18,0,1.121536,15.138275,0.121536,0
CUST_001612,32.57,35.63,635.5,8,3.07,65,0.96,31.55,1.07,0,1.093951,17.836093,0.094259,0
CUST_002873,25.85,26.07,486.98,6,0.22,53,0.95,24.9,1.1,0,1.008511,18.679708,0.008511,0
CUST_006791,14.35,11.97,271.95,27,-2.38,1,0.33,15.41,1.16,0,0.834146,22.719298,-0.165854,1
CUST_006876,16.36,20.49,376.23,35,4.13,11,0.04,16.46,1.0,3,1.252445,18.36164,0.252445,1
CUST_001774,22.5,24.85,416.73,5,2.34,60,0.78,20.62,1.06,0,1.104444,16.769819,0.104,0
CUST_007790,33.07,88.37,1409.97,28,55.31,9,0.04,33.88,1.07,1,2.67221,15.955302,1.672513,1
CUST_003027,24.95,31.51,776.1,10,6.56,226,0.98,22.83,1.18,0,1.262926,24.630276,0.262926,0
CUST_009902,25.81,71.56,1424.99,29,45.75,230,0.11,32.22,1.11,0,2.772569,19.91322,1.772569,1
CUST_002691,25.53,28.1,426.28,5,2.57,115,0.7,27.54,1.14,0,1.100666,15.170107,0.100666,0
CUST_001076,19.69,17.21,307.37,3,-2.48,68,0.9,21.75,0.95,0,0.874048,17.859965,-0.125952,0
CUST_003787,28.49,28.9,629.13,5,0.41,188,0.7,29.88,0.98,0,1.014391,21.769204,0.014391,0
CUST_004938,22.54,23.28,393.66,4,0.74,84,0.87,23.06,1.07,0,1.032831,16.909794,0.032831,0
CUST_003473,25.68,25.56,620.39,4,-0.12,28,0.7,23.85,1.15,0,0.995327,24.271909,-0.004673,0
CUST_004999,36.11,29.07,509.2,7,-7.05,50,0.86,34.57,0.84,0,0.80504,17.51634,-0.195237,0
CUST_006128,26.72,30.53,530.67,34,3.81,172,0.33,27.1,1.04,0,1.14259,17.381919,0.14259,1
CUST_003480,34.19,39.18,773.85,6,4.99,161,0.81,31.3,1.1,0,1.145949,19.751149,0.145949,0
CUST_000390,24.79,27.31,526.94,6,2.52,185,0.68,23.27,1.02,0,1.101654,19.294764,0.101654,0
CUST_001288,23.71,21.08,336.06,5,-2.63,85,0.77,22.07,0.85,0,0.889076,15.942125,-0.110924,0
CUST_007895,31.55,34.69,557.03,25,3.14,6,0.63,34.14,1.13,1,1.099525,16.057365,0.099525,1
CUST_006291,23.33,24.7,533.15,40,1.37,4,0.36,22.38,1.07,0,1.058723,21.58502,0.058723,1
CUST_008259,15.61,44.52,944.81,34,28.91,7,0.07,16.12,1.14,1,2.852018,21.222147,1.852018,1
CUST_004265,31.39,34.34,735.42,3,2.95,186,0.87,33.68,1.17,0,1.093979,21.415842,0.093979,0
CUST_001094,23.75,28.25,617.52,6,4.49,17,0.78,22.42,1.1,0,1.189474,21.859115,0.189053,0
CUST_006124,24.63,9.4,153.26,40,-15.23,11,0.12,20.09,0.95,0,0.381648,16.304255,-0.618352,1
CUST_009904,24.16,8.41,115.19,19,-15.75,207,0.56,22.31,0.87,2,0.348096,13.69679,-0.651904,1
CUST_009557,19.38,22.07,387.02,43,2.68,7,0.53,20.7,1.07,3,1.138803,17.536022,0.138287,1
CUST_001914,22.78,20.04,430.47,5,-2.74,155,0.96,25.2,0.89,0,0.879719,21.480539,-0.120281,0
CUST_003297,37.18,30.99,705.28,4,-6.19,137,0.8,33.8,0.84,0,0.833513,22.758309,-0.166487,0
CUST_001174,27.32,26.38,469.17,10,-0.94,49,0.44,30.2,0.95,0,0.965593,17.785064,-0.034407,0
CUST_006347,24.32,8.32,159.06,24,-15.99,121,0.02,25.08,0.89,1,0.342105,19.117788,-0.657484,1
CUST_002219,18.87,17.95,317.56,5,-0.93,146,0.78,19.53,0.83,0,0.951245,17.691365,-0.049285,0
CUST_004924,16.64,21.26,488.88,16,4.62,197,0.97,16.09,1.18,0,1.277644,22.995296,0.277644,0
CUST_009361,27.41,78.03,1604.48,23,50.63,233,0.15,29.26,1.14,0,2.846771,20.562348,1.847136,1
CUST_004447,20.04,18.9,302.19,10,-1.15,190,0.87,18.98,0.87,0,0.943114,15.988889,-0.057385,0
CUST_000210,28.05,32.51,509.44,5,4.45,238,1.0,26.33,1.06,0,1.159002,15.670255,0.158645,0
CUST_001678,15.93,20.75,441.22,14,4.82,150,0.57,15.46,1.15,0,1.302574,21.263614,0.302574,0
CUST_002882,18.76,15.0,372.52,8,-3.76,179,0.7,17.87,0.91,0,0.799574,24.834667,-0.200426,0
CUST_006269,29.49,25.92,596.53,39,-3.57,5,0.01,28.28,0.97,2,0.878942,23.014275,-0.121058,1
CUST_003345,27.14,29.57,450.17,7,2.43,169,0.75,27.78,0.95,0,1.089536,15.223876,0.089536,0
CUST_007345,28.58,11.71,151.9,41,-16.87,10,0.33,26.21,1.02,1,0.409727,12.971819,-0.590273,1
CUST_000385,31.94,28.19,664.94,7,-3.75,110,0.86,32.09,0.8,0,0.882592,23.587797,-0.117408,0
CUST_002052,15.02,16.77,286.97,5,1.75,191,0.94,15.85,1.14,0,1.116511,17.112105,0.116511,0
CUST_006272,32.46,35.94,750.12,58,3.48,191,0.06,30.42,1.03,3,1.107209,20.871452,0.107209,1
CUST_001569,23.59,24.56,590.51,4,0.98,183,0.71,25.56,1.02,0,1.041119,24.043567,0.041543,0
CUST_004239,19.15,18.69,322.32,7,-0.46,228,0.73,18.43,1.03,0,0.975979,17.245586,-0.024021,0
CUST_001024,20.0,22.3,445.77,3,2.3,101,0.97,19.38,1.09,0,1.115,19.989686,0.115,0
CUST_007803,40.92,17.03,275.12,29,-23.89,5,0.03,34.78,1.04,0,0.416178,16.155021,-0.583822,1
CUST_000571,19.11,19.91,400.99,9,0.79,170,0.77,17.6,1.1,0,1.041863,20.140131,0.04134,0
CUST_000993,13.84,13.39,264.08,7,-0.45,135,0.92,15.2,0.99,0,0.967486,19.722181,-0.032514,0
CUST_003483,21.16,25.8,394.77,7,4.63,47,0.96,22.28,1.08,0,1.219282,15.301163,0.218809,0
CUST_001725,32.77,35.9,842.09,6,3.13,87,0.91,29.8,1.0,0,1.095514,23.456546,0.095514,0
CUST_004303,36.32,37.6,929.32,6,1.29,233,0.99,34.74,0.94,0,1.035242,24.715957,0.035518,0
CUST_001304,27.88,29.12,578.76,5,1.23,23,0.89,30.5,1.06,0,1.044476,19.875,0.044118,0
CUST_006720,26.45,72.27,1578.33,38,45.83,185,0.01,31.41,1.09,0,2.732325,21.839352,1.732703,1
CUST_004106,26.41,30.05,672.13,5,3.64,101,0.76,27.52,1.0,0,1.137827,22.367055,0.137827,0
CUST_003910,26.12,30.57,470.5,7,4.44,156,0.4,26.76,1.18,0,1.170368,15.390906,0.169985,0
CUST_009993,26.97,61.13,847.89,38,34.16,3,0.07,29.77,0.91,1,2.266593,13.870276,1.266593,1
CUST_000704,31.51,32.54,775.49,8,1.03,126,0.99,29.38,1.15,0,1.032688,23.831899,0.032688,0
CUST_007886,26.82,42.25,1029.51,39,15.43,6,0.42,25.66,0.97,0,1.575317,24.367101,0.575317,1
CUST_002949,19.25,20.75,501.37,10,1.5,141,0.89,20.13,0.98,0,1.077922,24.16241,0.077922,0
CUST_007964,24.0,53.02,904.97,25,29.02,185,0.24,26.84,0.88,3,2.209167,17.068465,1.209167,1
CUST_000820,20.1,26.47,413.53,6,6.37,237,0.9,20.02,1.17,0,1.316915,15.622592,0.316915,0
CUST_002540,32.96,26.25,506.33,6,-6.72,173,0.71,32.59,0.82,0,0.79642,19.288762,-0.203883,0
CUST_008424,25.07,27.88,683.04,43,2.81,11,0.08,27.52,1.12,2,1.112086,24.499283,0.112086,1
CUST_005064,26.57,9.93,125.6,19,-16.64,8,0.3,20.66,0.93,2,0.37373,12.64854,-0.62627,1
CUST_007523,19.75,48.81,1003.53,40,29.06,1,0.29,22.16,0.99,0,2.471392,20.559926,1.471392,1
CUST_002335,14.59,14.1,238.46,3,-0.49,158,0.84,15.54,1.05,0,0.966415,16.912057,-0.033585,0
CUST_008203,25.87,12.27,161.18,30,-13.6,221,0.1,23.45,1.19,1,0.474295,13.136104,-0.525705,1
CUST_007989,17.85,30.33,734.97,28,12.48,2,0.04,17.2,0.96,0,1.69916,24.232443,0.69916,1
CUST_007788,31.24,68.72,1314.92,19,37.48,157,0.1,33.76,0.88,1,2.199744,19.134459,1.199744,1
CUST_008507,17.11,36.99,501.67,39,19.88,10,0.22,17.75,0.86,1,2.161894,13.562314,1.161894,1
CUST_000623,34.67,38.31,830.35,10,3.64,197,0.77,31.87,1.09,0,1.10499,21.674498,0.10499,0
CUST_005825,24.95,9.53,142.6,32,-15.42,142,0.14,21.42,0.95,1,0.381964,14.963274,-0.618036,1
CUST_006018,25.54,8.34,100.0,36,-17.2,220,0.19,23.32,0.82,1,0.326547,11.990408,-0.673453,1
CUST_006306,20.51,8.76,152.29,26,-11.75,7,0.12,17.27,1.07,3,0.427109,17.384703,-0.572891,1
CUST_000005,23.65,19.39,353.98,5,-4.26,199,0.8,25.85,0.86,0,0.819873,18.255802,-0.180127,0
CUST_005361,33.92,15.31,171.14,39,-18.61,170,0.09,31.47,1.13,1,0.451356,11.178315,-0.548644,1
CUST_001386,32.66,35.73,776.79,3,3.06,80,0.92,30.65,1.02,0,1.093999,21.740554,0.093693,0
CUST_006372,22.41,58.11,938.42,22,35.69,1,0.41,23.72,1.04,0,2.593039,16.149028,1.592593,1
CUST_005950,27.37,41.73,895.84,36,14.36,8,0.49,26.87,0.97,1,1.524662,21.467529,0.524662,1
CUST_002525,17.49,12.72,297.78,10,-4.77,235,0.96,17.55,0.81,0,0.727273,23.410377,-0.272727,0
CUST_003449,21.08,24.75,506.75,9,3.68,85,0.66,22.37,1.09,0,1.174099,20.474747,0.174573,0
CUST_001074,35.25,24.88,497.08,16,-10.36,132,0.59,34.83,0.82,0,0.705816,19.9791,-0.293901,0
CUST_002943,16.72,15.24,349.29,6,-1.48,115,0.98,18.55,1.06,0,0.911483,22.919291,-0.088517,0
CUST_001047,22.74,22.53,556.18,6,-0.21,163,0.89,22.41,0.89,0,0.990765,24.686196,-0.009235,0
CUST_008859,23.79,25.99,645.66,28,2.21,6,0.21,22.24,1.19,0,1.092476,24.842632,0.092896,1
CUST_000930,30.72,29.19,566.71,10,-1.53,106,0.99,28.34,0.83,0,0.950195,19.414526,-0.049805,0
CUST_004877,27.25,31.94,613.11,9,4.69,39,0.62,30.26,1.08,0,1.17211,19.195679,0.17211,0
CUST_001468,32.0,36.58,797.92,9,4.58,126,0.97,29.44,1.18,0,1.143125,21.813013,0.143125,0
CUST_000122,16.16,21.13,331.4,8,4.97,99,0.76,15.54,1.19,0,1.30755,15.683862,0.30755,0
CUST_005732,30.17,12.77,150.06,41,-17.4,9,0.03,28.66,1.06,1,0.423268,11.750979,-0.576732,1
CUST_009667,27.89,67.4,1225.16,37,39.51,5,0.15,29.01,0.97,1,2.416637,18.177448,1.416637,1
CUST_007673,35.39,31.02,688.61,57,-4.37,208,0.19,34.08,0.86,1,0.876519,22.198904,-0.123481,1
CUST_000911,31.75,25.7,581.78,5,-6.05,57,0.91,33.93,0.95,0,0.809449,22.637354,-0.190551,0
CUST_004897,33.76,29.75,627.15,9,-4.01,234,0.77,32.34,0.98,0,0.88122,21.080672,-0.11878,0
CUST_000789,32.8,39.18,637.31,4,6.38,222,0.94,31.65,1.07,0,1.194512,16.266207,0.194512,0
CUST_001194,15.55,19.14,333.66,12,3.59,149,0.56,17.19,1.18,0,1.230868,17.432602,0.230868,0
CUST_001119,34.71,36.75,900.36,10,2.04,50,0.86,32.82,0.92,0,1.058773,24.499592,0.058773,0
CUST_005442,39.13,18.29,268.47,16,-20.84,4,0.26,31.4,1.17,2,0.467416,14.678513,-0.532584,1
CUST_004344,18.68,21.5,443.18,6,2.82,199,0.47,19.01,1.17,0,1.150964,20.613023,0.150964,0
CUST_001193,24.39,27.69,559.45,5,3.3,94,0.71,26.12,1.06,0,1.135301,20.204045,0.135301,0
CUST_004938,22.54,23.28,393.66,4,0.74,84,0.87,23.06,1.07,0,1.032831,16.909794,0.032831,0
CUST_008761,25.68,58.12,888.15,21,32.44,4,0.07,25.82,0.91,0,2.26324,15.281315,1.26324,1
CUST_000372,35.33,35.91,645.02,5,0.58,103,0.98,32.93,1.07,0,1.016417,17.962128,0.016417,0
CUST_005691,25.77,53.68,1058.81,38,27.9,237,0.04,30.42,0.83,0,2.083042,19.724478,1.082654,1
CUST_007237,15.23,7.17,100.0,33,-8.06,165,0.18,15.03,1.18,1,0.470781,13.947001,-0.529219,1
CUST_003445,25.11,18.4,285.57,8,-6.71,89,0.85,26.88,0.81,0,0.732776,15.520109,-0.267224,0
CUST_007711,27.62,32.57,737.57,59,4.95,170,0.08,28.93,1.12,1,1.179218,22.645686,0.179218,1
CUST_001397,20.83,19.33,320.17,7,-1.5,224,0.82,20.59,1.02,0,0.927988,16.563373,-0.072012,0
CUST_005585,31.24,9.53,226.42,19,-21.71,5,0.08,33.47,0.97,0,0.305058,23.758657,-0.694942,1
CUST_004135,15.28,16.81,377.26,11,1.53,224,0.98,16.04,1.09,0,1.100131,22.442594,0.100131,0
CUST_004755,30.7,22.83,543.9,6,-7.87,187,0.83,32.09,0.84,0,0.743648,23.823916,-0.256352,0
CUST_000359,15.59,16.5,403.78,7,0.91,111,0.88,15.96,0.94,0,1.058371,24.471515,0.058371,0
CUST_008066,26.91,75.09,1071.24,30,48.18,8,0.23,29.35,1.12,1,2.790412,14.266081,1.790412,1
CUST_005975,17.68,44.42,862.15,17,26.74,134,0.32,19.27,1.0,2,2.512443,19.40905,1.512443,1
CUST_002324,30.24,32.06,763.88,1,1.82,165,0.93,31.01,1.15,0,1.060185,23.826575,0.060185,0
CUST_001804,29.01,32.18,604.68,2,3.18,36,0.94,28.05,0.97,0,1.109273,18.790553,0.109617,0
CUST_003796,23.59,17.28,396.71,6,-6.31,117,0.9,25.89,0.81,0,0.732514,22.957755,-0.267486,0
CUST_005115,18.92,40.07,690.76,15,21.16,10,0.04,22.96,0.85,1,2.117865,17.238832,1.118393,1
CUST_003688,19.35,14.85,289.42,4,-4.51,52,0.99,21.04,0.89,0,0.767442,19.489562,-0.233075,0
CUST_004987,25.29,29.42,691.99,5,4.13,91,0.94,25.46,1.06,0,1.163306,23.521074,0.163306,0
CUST_000205,14.87,18.2,403.42,9,3.33,99,0.68,15.6,1.18,0,1.223941,22.165934,0.223941,0
CUST_004149,26.13,30.35,613.36,10,4.22,88,0.67,27.59,1.15,0,1.1615,20.209555,0.1615,0
CUST_005163,35.91,13.62,212.31,21,-22.28,2,0.03,28.12,0.95,3,0.379282,15.588106,-0.62044,1
CUST_005671,29.56,72.2,1125.43,38,42.64,175,0.15,31.82,1.07,0,2.44249,15.587673,1.44249,1
CUST_007727,16.72,6.81,100.0,37,-9.91,7,0.12,15.25,1.02,1,0.407297,14.684288,-0.592703,1
CUST_001207,23.54,22.51,555.83,2,-1.02,188,0.79,24.94,0.89,0,0.956245,24.692581,-0.043331,0
CUST_002803,22.81,21.49,396.93,8,-1.32,146,0.74,24.8,0.99,0,0.942131,18.470451,-0.057869,0
CUST_006978,27.62,57.86,791.62,29,30.24,169,0.07,29.88,0.84,1,2.094859,13.681645,1.094859,1
CUST_001535,23.32,20.02,436.81,5,-3.29,148,0.87,25.55,0.92,0,0.858491,21.818681,-0.141081,0
CUST_005142,40.54,13.3,223.8,30,-27.24,9,0.37,33.36,0.82,2,0.328071,16.827068,-0.671929,1
CUST_003508,18.23,14.97,302.57,12,-3.25,19,0.8,19.68,0.82,0,0.821174,20.211757,-0.178278,0
CUST_005028,18.98,53.08,847.06,37,34.1,3,0.02,23.72,1.12,2,2.796628,15.958176,1.796628,1
CUST_000851,33.47,40.45,850.95,8,6.98,32,0.95,31.66,1.08,0,1.208545,21.037083,0.208545,0
CUST_006037,30.34,9.74,159.64,25,-20.6,8,0.45,25.25,0.8,1,0.321028,16.390144,-0.678972,1
CUST_008092,34.93,14.8,175.01,43,-20.14,137,0.05,34.72,1.06,0,0.423705,11.825,-0.576582,1
CUST_005827,27.46,26.23,566.26,33,-1.23,10,0.16,25.09,0.94,0,0.955208,21.588258,-0.044792,1
CUST_007561,15.17,32.94,460.83,28,17.77,4,0.06,16.86,0.87,0,2.171391,13.989982,1.171391,1
CUST_001412,19.03,19.9,438.96,8,0.87,83,0.78,19.18,0.93,0,1.045717,22.058291,0.045717,0
CUST_000997,21.29,22.69,553.79,7,1.39,164,0.96,23.56,1.03,0,1.065759,24.406787,0.065289,0
CUST_000568,22.13,16.27,277.39,5,-5.86,160,0.77,21.02,0.81,0,0.735201,17.04917,-0.264799,0
CUST_004216,28.45,24.05,550.04,9,-4.4,120,0.79,30.66,0.81,0,0.845343,22.870686,-0.154657,0
CUST_003127,16.54,19.27,334.62,7,2.73,116,0.98,16.82,1.02,0,1.165054,17.364816,0.165054,0
CUST_008072,24.52,61.51,987.14,19,36.99,155,0.33,30.5,1.0,1,2.508564,16.048447,1.508564,1
CUST_008433,20.68,7.47,120.39,31,-13.21,5,0.13,18.28,0.9,1,0.361219,16.116466,-0.638781,1
CUST_003993,18.09,20.63,409.26,8,2.55,115,0.81,16.88,0.99,0,1.140409,19.8381,0.140962,0
CUST_005270,18.26,19.91,471.06,40,1.65,218,0.0,19.5,1.2,1,1.090361,23.659468,0.090361,1
CUST_007137,27.69,33.12,786.64,52,5.42,4,0.43,28.94,1.13,0,1.1961,23.751208,0.195739,1
CUST_006587,16.62,6.07,105.67,16,-10.55,7,0.02,15.97,0.91,3,0.365223,17.408567,-0.634777,1
CUST_006127,22.4,42.12,674.87,17,19.72,176,0.24,24.35,0.86,0,1.880357,16.022555,0.880357,1
CUST_002660,36.14,33.7,780.45,6,-2.44,29,0.32,34.34,1.06,0,0.932485,23.158754,-0.067515,0
CUST_008680,15.6,25.04,453.33,38,9.44,5,0.12,15.33,0.81,1,1.605128,18.104233,0.605128,1
CUST_007601,28.9,11.17,132.09,28,-17.72,11,0.1,23.79,0.97,1,0.386505,11.825425,-0.613149,1
CUST_002075,22.34,25.15,475.55,9,2.81,123,0.59,24.64,1.0,0,1.125783,18.908549,0.125783,0
CUST_007275,22.24,63.92,1245.85,30,41.68,171,0.0,24.86,1.15,2,2.874101,19.49077,1.874101,1
CUST_004766,19.16,16.46,395.27,6,-2.71,81,0.76,17.96,0.93,0,0.859081,24.013973,-0.141441,0
CUST_001482,31.07,29.89,485.09,4,-1.17,15,0.87,28.39,0.86,0,0.962021,16.229174,-0.037657,0
CUST_003644,18.08,18.05,347.76,5,-0.03,65,0.99,17.38,1.14,0,0.998341,19.266482,-0.001659,0
CUST_008409,30.23,12.61,181.2,42,-17.62,11,0.37,25.94,1.04,3,0.417135,14.369548,-0.582865,1
CUST_009277,15.14,32.31,597.87,37,17.17,172,0.09,18.13,0.85,0,2.134082,18.504178,1.134082,1
CUST_001437,32.89,24.9,381.19,1,-8.0,136,0.98,31.33,0.82,0,0.757069,15.308835,-0.243235,0
CUST_000069,19.11,17.4,341.75,8,-1.72,142,0.82,18.71,0.98,0,0.910518,19.640805,-0.090005,0
CUST_007511,25.32,63.51,1133.91,20,38.19,2,0.12,26.25,1.0,0,2.508294,17.854039,1.508294,1
CUST_005090,20.12,19.79,482.03,25,-0.33,1,0.04,18.46,1.01,1,0.983598,24.357251,-0.016402,1
CUST_009341,21.01,45.45,774.99,39,24.44,127,0.26,22.2,0.87,2,2.163256,17.051485,1.163256,1
CUST_007534,30.26,88.01,1220.86,28,57.75,11,0.26,30.43,1.16,0,2.90846,13.871833,1.90846,1
CUST_001891,16.88,14.43,349.22,5,-2.44,56,0.91,15.54,0.8,0,0.854858,24.20097,-0.14455,0
CUST_005287,23.1,51.62,1024.06,40,28.52,212,0.17,24.39,0.89,1,2.234632,19.838435,1.234632,1
CUST_004356,21.68,18.78,446.7,11,-2.9,58,0.83,21.3,0.82,0,0.866236,23.785942,-0.133764,0
CUST_008853,33.6,28.01,602.84,52,-5.59,6,0.17,31.66,0.86,1,0.833631,21.522313,-0.166369,1
CUST_009913,36.45,28.4,454.17,42,-8.06,6,0.36,34.62,0.86,2,0.77915,15.991901,-0.221125,1
CUST_000956,32.31,31.11,527.8,2,-1.21,88,0.93,31.19,1.05,0,0.96286,16.965606,-0.03745,0
CUST_008100,34.23,38.48,836.17,36,4.25,3,0.17,32.56,1.2,3,1.12416,21.72999,0.12416,1
CUST_002310,33.24,37.44,583.0,8,4.21,229,0.96,32.7,1.11,0,1.126354,15.571581,0.126655,0
CUST_002415,32.1,30.23,591.83,6,-1.87,66,0.88,32.91,1.01,0,0.941745,19.577572,-0.058255,0
CUST_006556,20.84,60.51,1347.95,26,39.67,149,0.0,23.77,1.16,0,2.903551,22.276483,1.903551,1
CUST_005735,29.36,26.6,528.8,21,-2.76,207,0.13,32.58,1.12,3,0.905995,19.879699,-0.094005,1
CUST_005172,31.93,25.4,483.1,43,-6.53,185,0.05,29.17,0.81,2,0.79549,19.019685,-0.20451,1
CUST_001263,25.12,24.19,501.38,4,-0.93,235,0.43,26.99,1.0,0,0.962978,20.726747,-0.037022,0
CUST_006464,12.29,28.42,448.62,36,16.13,4,0.18,15.15,0.92,0,2.312449,15.785362,1.312449,1
CUST_008340,21.21,8.32,136.1,40,-12.88,214,0.41,17.27,0.98,0,0.392268,16.358173,-0.607261,1
CUST_003878,27.0,30.69,506.73,10,3.69,186,0.75,29.75,1.13,0,1.136667,16.511241,0.136667,0
CUST_003376,18.49,22.57,390.35,6,4.08,46,0.5,18.99,1.15,0,1.22066,17.295082,0.22066,0
CUST_000887,23.45,22.89,349.02,3,-0.56,116,0.77,22.6,1.03,0,0.976119,15.247706,-0.023881,0
CUST_002706,16.23,20.38,345.17,6,4.15,198,0.61,16.64,1.19,0,1.255699,16.936703,0.255699,0
CUST_001399,20.45,19.32,475.46,8,-1.14,181,0.62,20.39,1.02,1,0.944743,24.609731,-0.055746,0
CUST_006261,21.0,18.48,368.11,38,-2.52,124,0.46,21.22,0.87,2,0.88,19.919372,-0.12,1
CUST_004755,30.7,22.83,543.9,6,-7.87,187,0.83,32.09,0.84,0,0.743648,23.823916,-0.256352,0
CUST_004582,29.58,23.68,439.62,5,-5.9,169,0.72,30.84,0.83,1,0.800541,18.565034,-0.199459,0
CUST_008581,23.93,67.36,1013.78,31,43.43,8,0.11,29.03,1.13,0,2.814877,15.050178,1.814877,1
CUST_007820,28.56,22.73,528.66,55,-5.83,162,0.42,28.13,0.81,2,0.795868,23.258249,-0.204132,1
CUST_000831,21.62,21.48,412.03,15,-0.14,19,0.79,19.98,1.03,0,0.993525,19.18203,-0.006475,0
CUST_002003,24.63,20.87,366.83,11,-3.76,191,0.82,22.57,0.89,0,0.847341,17.576905,-0.152659,0
CUST_005454,33.39,14.02,220.23,22,-19.38,125,0.61,33.05,1.05,2,0.419886,15.708274,-0.580413,1
CUST_000570,25.03,30.04,546.12,9,5.0,128,0.83,25.91,1.08,0,1.20016,18.17976,0.19976,0
CUST_009213,21.87,48.13,713.19,19,26.26,6,0.18,25.26,0.88,1,2.200732,14.817993,1.200732,1
CUST_005745,16.62,41.45,659.2,24,24.83,1,0.06,19.16,1.0,1,2.493983,15.903498,1.493983,1
CUST_004191,17.41,17.47,406.73,8,0.06,113,0.22,17.95,0.89,0,1.003446,23.281626,0.003446,0
CUST_002721,26.32,28.62,536.57,10,2.3,108,0.82,24.06,0.98,0,1.087386,18.748078,0.087386,0
CUST_008627,13.41,39.73,758.76,16,26.31,208,0.25,15.39,1.18,1,2.962714,19.097911,1.961969,1
CUST_008336,26.38,74.62,1600.61,44,48.25,206,0.16,28.08,1.13,0,2.828658,21.450147,1.829037,1
CUST_007794,17.11,38.31,655.87,15,21.2,9,0.0,18.05,0.9,2,2.239041,17.120073,1.239041,1
CUST_007903,18.99,17.29,402.85,52,-1.69,201,0.18,18.32,0.94,1,0.910479,23.299595,-0.088994,1
CUST_001489,20.48,18.15,444.54,9,-2.33,186,0.81,19.36,0.82,0,0.88623,24.492562,-0.11377,0
CUST_000416,17.19,14.93,353.97,6,-2.26,101,0.92,16.5,0.85,1,0.868528,23.70864,-0.131472,0
CUST_004179,30.7,34.52,833.67,6,3.82,14,0.96,29.8,1.13,0,1.12443,24.150348,0.12443,0
CUST_005765,17.14,51.19,831.8,29,34.05,1,0.27,17.26,1.19,2,2.986581,16.249267,1.986581,1
CUST_002716,24.38,19.71,324.36,11,-4.67,47,0.54,24.91,0.89,0,0.80845,16.456621,-0.19155,0
CUST_001446,25.05,30.53,716.73,3,5.48,191,0.62,25.63,1.1,0,1.218762,23.476253,0.218762,0
CUST_004314,28.85,32.62,636.73,9,3.77,167,0.96,27.27,1.15,0,1.130676,19.51962,0.130676,0
CUST_009664,21.83,47.64,876.26,17,25.81,201,0.23,22.0,1.17,2,2.182318,18.393367,1.182318,1
CUST_002956,18.89,23.28,496.26,10,4.39,182,0.94,18.1,1.17,0,1.232398,21.31701,0.232398,0
CUST_003331,31.29,39.96,768.13,6,8.67,40,0.88,32.74,1.17,0,1.277085,19.222472,0.277085,0
CUST_003694,32.35,36.25,639.71,7,3.9,199,0.73,29.54,1.18,0,1.120556,17.647172,0.120556,0
CUST_001062,33.52,28.79,479.82,4,-4.73,233,0.69,33.87,0.99,0,0.85889,16.666204,-0.14111,0
CUST_009435,26.46,9.33,121.06,40,-17.13,8,0.07,25.73,0.88,0,0.352608,12.975348,-0.647392,1
CUST_000656,28.69,25.18,510.59,9,-3.5,199,0.85,28.19,0.89,0,0.877658,20.277601,-0.121994,0
CUST_008415,20.94,9.04,111.37,22,-11.9,11,0.08,20.42,1.08,0,0.43171,12.31969,-0.56829,1
CUST_006055,27.55,11.83,153.24,38,-15.72,6,0.13,26.85,1.07,2,0.429401,12.953508,-0.570599,1
CUST_005564,34.3,40.53,815.63,41,6.23,123,0.07,32.26,1.09,1,1.181633,20.124106,0.181633,1
CUST_002825,16.99,17.94,381.91,3,0.94,185,0.94,15.93,1.15,0,1.055915,21.288183,0.055327,0
CUST_001435,15.71,15.21,264.19,9,-0.5,177,0.8,15.88,0.86,0,0.968173,17.369494,-0.031827,0
CUST_001431,32.63,36.5,711.84,4,3.88,87,0.69,33.94,1.0,0,1.118603,19.502466,0.118909,0
CUST_008855,28.55,11.33,228.23,22,-17.22,6,0.25,27.14,1.07,2,0.396848,20.143866,-0.603152,1
CUST_001549,22.84,19.01,312.73,8,-3.83,78,0.81,22.07,0.88,0,0.832312,16.450815,-0.167688,0
CUST_003719,30.32,34.82,653.87,8,4.5,142,0.92,31.19,1.09,0,1.148417,18.778576,0.148417,0
CUST_001182,14.81,13.52,283.12,7,-1.29,23,0.92,15.23,0.92,0,0.912897,20.940828,-0.087103,0
CUST_005954,33.7,11.83,197.92,39,-21.87,214,0.02,29.63,0.88,2,0.351039,16.730347,-0.648961,1
CUST_007183,21.55,61.21,1347.58,16,39.66,214,0.0,24.51,1.14,1,2.840371,22.015684,1.840371,1
CUST_000624,30.3,36.82,713.43,7,6.52,212,0.95,29.89,1.13,0,1.215182,19.376154,0.215182,0
CUST_000914,20.04,20.4,360.9,10,0.35,88,0.77,18.98,1.0,0,1.017964,17.691176,0.017465,0
CUST_002900,29.37,26.41,461.74,8,-2.95,205,0.91,28.18,0.99,0,0.899217,17.483529,-0.100443,0
CUST_005368,25.05,51.74,778.98,25,26.7,7,0.16,27.89,0.83,2,2.065469,15.055663,1.065868,1
CUST_008412,23.45,20.38,400.38,40,-3.06,6,0.01,23.5,0.89,0,0.869083,19.645731,-0.13049,1
CUST_004119,16.56,22.13,520.13,2,5.57,205,0.96,18.36,1.16,0,1.336353,23.503389,0.336353,0
CUST_004628,13.85,15.96,320.89,6,2.11,90,0.77,15.18,1.12,0,1.152347,20.10589,0.152347,0
CUST_000769,25.03,32.27,555.38,6,7.24,20,0.54,27.77,1.18,0,1.289253,17.210412,0.289253,0
CUST_005463,30.78,53.88,1023.9,27,23.1,1,0.35,31.98,1.12,1,1.750487,19.003341,0.750487,1
CUST_009759,19.24,15.94,366.12,31,-3.29,193,0.21,17.98,0.8,1,0.828482,22.968632,-0.170998,1
CUST_001546,27.37,28.22,435.52,6,0.85,51,0.98,29.32,1.06,0,1.031056,15.433026,0.031056,0
CUST_003198,15.33,12.77,288.31,6,-2.56,149,0.94,16.81,0.97,0,0.833007,22.577134,-0.166993,0
CUST_000194,30.64,37.85,694.66,9,7.21,95,0.55,32.62,1.15,0,1.235313,18.352972,0.235313,0
CUST_008643,15.11,21.39,333.08,26,6.27,2,0.24,16.0,0.89,1,1.415619,15.571763,0.414957,1
CUST_009091,26.93,16.49,296.42,19,-10.44,189,0.54,27.73,0.96,2,0.612328,17.975743,-0.387672,1
CUST_004972,18.93,19.83,320.36,4,0.9,237,0.6,18.63,0.93,0,1.047544,16.15532,0.047544,0
CUST_002828,27.57,26.57,590.28,6,-1.01,214,0.88,26.71,1.12,0,0.963729,22.216033,-0.036634,0
CUST_003450,34.59,42.63,852.89,1,8.04,35,0.34,34.85,1.19,0,1.232437,20.006803,0.232437,0
CUST_003989,24.89,23.74,550.38,7,-1.15,220,0.76,24.62,1.08,0,0.953797,23.183656,-0.046203,0
CUST_001676,32.8,36.71,606.28,6,3.91,216,0.96,32.5,1.18,0,1.119207,16.515391,0.119207,0
CUST_004958,35.28,25.01,544.73,4,-10.27,176,0.97,33.93,0.8,0,0.7089,21.780488,-0.2911,0
CUST_004506,27.3,26.05,498.65,6,-1.25,178,1.0,29.28,1.05,0,0.954212,19.142035,-0.045788,0
CUST_002646,17.24,14.23,244.73,10,-3.01,48,0.87,16.67,0.81,0,0.825406,17.198173,-0.174594,0
CUST_002592,17.2,17.33,289.97,10,0.13,36,0.86,18.35,1.13,0,1.007558,16.732256,0.007558,0
CUST_008343,18.96,53.44,1105.54,31,34.48,7,0.13,23.7,1.13,1,2.818565,20.6875,1.818565,1
CUST_007891,27.83,12.35,211.95,40,-15.47,198,0.03,24.95,1.11,1,0.443766,17.161943,-0.555875,1
CUST_009474,29.8,13.53,198.68,39,-16.27,125,0.23,27.76,1.14,1,0.454027,14.684405,-0.545973,1
CUST_001140,17.12,18.05,318.05,8,0.94,196,0.96,16.88,1.06,0,1.054322,17.620499,0.054907,0
CUST_004909,28.61,25.25,590.17,7,-3.37,127,0.81,27.6,0.92,0,0.882559,23.373069,-0.117791,0
CUST_001895,26.04,19.96,339.08,8,-6.08,66,0.93,28.34,0.83,0,0.766513,16.987976,-0.233487,0
CUST_009096,29.46,60.68,1267.46,32,31.21,160,0.12,33.54,0.82,0,2.059742,20.887607,1.059403,1
CUST_000562,23.19,27.48,484.52,6,4.3,191,0.45,22.66,1.04,0,1.184994,17.631732,0.185425,0
CUST_003336,34.43,39.85,633.3,14,5.42,125,0.77,31.68,1.06,0,1.157421,15.892095,0.157421,0
CUST_006054,22.52,47.78,835.05,22,25.27,139,0.26,21.2,0.97,1,2.12167,17.476978,1.122114,1
CUST_000894,14.57,12.09,190.55,7,-2.48,61,0.98,15.49,0.95,0,0.829787,15.760959,-0.170213,0
CUST_003244,28.54,26.0,407.89,3,-2.54,36,0.97,27.45,0.92,0,0.911002,15.688077,-0.088998,0
CUST_007633,25.52,9.13,118.83,25,-16.39,130,0.06,23.49,0.89,0,0.357759,13.015334,-0.642241,1
CUST_008165,14.64,33.39,573.73,29,18.75,5,0.16,17.48,0.91,1,2.280738,17.182689,1.280738,1
CUST_009546,16.05,15.47,365.11,31,-0.58,10,0.12,17.77,0.95,1,0.963863,23.601164,-0.036137,1
CUST_004019,16.68,16.47,267.52,5,-0.21,178,0.79,16.81,0.94,0,0.98741,16.242866,-0.01259,0
CUST_002125,34.76,39.55,718.74,10,4.79,41,0.9,33.26,1.13,1,1.137802,18.172946,0.137802,0
CUST_008386,34.31,12.74,144.77,42,-21.58,181,0.08,28.28,0.93,0,0.37132,11.363422,-0.628971,1
CUST_009496,32.8,15.04,249.37,20,-17.76,5,0.15,28.46,1.15,1,0.458537,16.580452,-0.541463,1
CUST_003674,22.23,19.06,459.61,10,-3.17,142,0.79,21.32,0.85,0,0.8574,24.113851,-0.1426,0
CUST_004221,16.24,13.9,213.61,8,-2.34,239,0.93,16.37,0.85,0,0.855911,15.367626,-0.144089,0
CUST_000132,33.35,28.71,597.01,6,-4.64,224,0.94,31.16,0.89,0,0.86087,20.794497,-0.13913,0
CUST_007620,31.44,36.41,841.35,35,4.98,8,0.33,29.83,1.11,2,1.158079,23.107663,0.158397,1
CUST_008709,16.67,41.16,768.37,16,24.49,207,0.01,19.79,0.99,0,2.469106,18.667881,1.469106,1
CUST_008053,32.02,13.49,178.35,36,-18.53,3,0.33,27.57,1.05,3,0.421299,13.220904,-0.578701,1
CUST_005148,26.47,56.2,760.1,16,29.74,214,0.47,29.26,0.85,0,2.123158,13.524911,1.123536,1
CUST_002296,30.84,28.53,711.5,11,-2.31,145,0.86,28.93,0.94,0,0.925097,24.938661,-0.074903,0
CUST_006143,40.74,15.31,250.05,34,-25.43,145,0.04,34.69,0.94,0,0.375798,16.332462,-0.624202,1
CUST_009793,29.36,26.98,616.98,41,-2.38,165,0.26,29.07,0.86,2,0.918937,22.86805,-0.081063,1
CUST_002136,23.74,31.94,643.06,4,8.19,85,0.94,24.88,1.19,0,1.345409,20.133375,0.344987,0
CUST_000651,30.43,24.26,413.89,9,-6.17,226,0.82,33.03,0.84,0,0.79724,17.060594,-0.20276,0
CUST_000222,30.8,26.07,519.44,4,-4.73,54,0.98,31.11,0.89,0,0.846429,19.924818,-0.153571,0
CUST_003709,21.8,19.26,349.78,8,-2.54,80,0.95,19.87,0.95,1,0.883486,18.160955,-0.116514,0
CUST_008465,23.13,60.5,1330.55,39,37.38,195,0.04,23.64,1.05,2,2.615651,21.992562,1.616083,1
CUST_003183,31.0,28.81,507.94,8,-2.18,20,0.55,34.15,0.82,0,0.929355,17.630684,-0.070323,0
CUST_009707,33.51,24.95,595.33,33,-8.56,9,0.04,31.81,1.17,0,0.744554,23.860922,-0.255446,1
CUST_000360,24.81,18.89,472.12,10,-5.92,107,0.96,24.86,0.87,0,0.761387,24.993118,-0.238613,0
CUST_000324,13.88,16.84,286.9,7,2.96,69,0.94,15.14,1.12,0,1.213256,17.036817,0.213256,0
CUST_002395,24.69,27.97,443.65,6,3.28,17,0.97,25.1,0.99,0,1.132847,15.861637,0.132847,0
CUST_001751,33.46,31.53,504.0,7,-1.93,185,0.96,34.3,0.91,0,0.942319,15.984776,-0.057681,0
CUST_008377,32.3,14.55,203.07,43,-17.75,10,0.05,30.17,1.13,1,0.450464,13.956701,-0.549536,1
CUST_006064,34.07,15.29,165.88,35,-18.78,10,0.1,31.76,1.12,2,0.448782,10.848921,-0.551218,1
CUST_000667,31.91,29.18,643.55,7,-2.73,144,0.98,29.4,0.83,0,0.914447,22.054489,-0.085553,0
CUST_003830,17.83,16.7,370.19,5,-1.12,158,0.75,17.37,0.99,0,0.936624,22.167066,-0.062815,0
CUST_002793,17.28,17.48,385.08,8,0.2,175,0.77,17.23,0.98,0,1.011574,22.029748,0.011574,0
CUST_001896,31.42,28.9,472.28,6,-2.52,125,0.89,29.54,0.89,0,0.919796,16.341869,-0.080204,0
CUST_001845,29.88,26.73,447.07,9,-3.15,146,0.94,29.98,0.88,0,0.894578,16.725402,-0.105422,0
CUST_000549,21.09,21.06,374.64,11,-0.03,88,0.73,20.76,1.11,0,0.998578,17.789174,-0.001422,0
CUST_004138,29.47,32.04,537.64,10,2.57,66,0.88,29.12,1.09,0,1.087207,16.780275,0.087207,0
CUST_000442,19.08,17.52,305.64,1,-1.57,108,0.64,19.42,0.91,0,0.918239,17.445205,-0.082285,0
CUST_007724,19.66,42.88,823.57,32,23.22,5,0.15,20.8,0.87,1,2.181078,19.20639,1.181078,1
CUST_003091,26.4,30.46,651.11,7,4.07,132,0.57,26.35,1.16,0,1.153788,21.375903,0.154167,0
CUST_009159,22.26,47.42,1013.73,43,25.16,2,0.04,27.53,0.85,2,2.130279,21.377689,1.130279,1
CUST_003569,15.92,12.74,278.78,7,-3.18,187,0.71,15.38,0.82,0,0.800251,21.882261,-0.199749,0
CUST_000650,24.55,25.0,416.97,7,0.45,92,0.79,26.57,0.95,0,1.01833,16.6788,0.01833,0
CUST_004625,28.6,29.72,464.95,9,1.13,80,0.91,26.27,1.02,0,1.039161,15.644347,0.03951,0
CUST_007071,23.63,47.86,922.27,23,24.22,185,0.13,23.84,0.81,0,2.025391,19.270163,1.024968,1
CUST_004823,28.92,27.13,588.47,8,-1.8,63,0.97,29.83,1.08,0,0.938105,21.690748,-0.062241,0
CUST_001649,22.44,16.54,378.53,8,-5.9,62,0.98,24.31,0.86,0,0.737077,22.885732,-0.262923,0
CUST_008625,16.76,17.21,414.2,58,0.44,2,0.03,17.5,1.0,1,1.02685,24.067403,0.026253,1
CUST_009176,23.18,8.96,144.52,23,-14.22,6,0.21,22.2,0.97,1,0.38654,16.129464,-0.61346,1
CUST_004043,18.72,22.44,410.45,7,3.72,186,0.78,18.56,1.1,0,1.198718,18.290998,0.198718,0
CUST_005367,24.75,9.28,106.48,29,-15.47,159,0.14,22.17,0.94,1,0.374949,11.474138,-0.625051,1
CUST_006218,26.2,71.65,1342.01,35,45.45,4,0.04,31.46,1.09,0,2.734733,18.730077,1.734733,1
CUST_008771,18.46,22.77,361.16,31,4.31,5,0.32,17.17,1.17,2,1.233478,15.861221,0.233478,1
CUST_005314,28.47,10.73,130.01,43,-17.74,6,0.02,23.74,0.94,2,0.376888,12.116496,-0.623112,1
CUST_002608,27.18,25.18,481.29,4,-2.0,77,0.81,28.75,0.86,0,0.926416,19.113979,-0.073584,0
CUST_000418,27.46,19.71,362.0,9,-7.75,63,0.93,28.35,0.81,0,0.717771,18.366312,-0.282229,0
CUST_000983,22.46,25.08,585.54,6,2.61,30,0.98,20.57,1.01,0,1.116652,23.34689,0.116207,0
CUST_003748,24.69,19.6,426.87,8,-5.09,78,0.72,25.59,0.84,0,0.793844,21.779082,-0.206156,0
CUST_004867,31.8,29.11,515.7,3,-2.68,199,0.94,34.14,0.87,0,0.915409,17.715562,-0.084277,0
CUST_003289,17.18,19.33,299.37,7,2.15,147,0.38,17.67,1.03,0,1.125146,15.487325,0.125146,0
CUST_005322,20.43,19.33,455.05,37,-1.11,4,0.18,19.21,0.89,1,0.946158,23.541128,-0.054332,1
CUST_004106,26.41,30.05,672.13,5,3.64,101,0.76,27.52,1.0,0,1.137827,22.367055,0.137827,0
CUST_001285,18.04,15.74,326.56,5,-2.29,138,1.0,19.43,0.95,0,0.872506,20.747141,-0.12694,0
CUST_008777,29.6,55.46,1333.52,44,25.87,148,0.09,28.36,1.1,0,1.873649,24.044717,0.873986,1
CUST_005400,24.23,21.97,495.99,30,-2.25,187,0.06,25.2,0.84,1,0.906727,22.575785,-0.09286,1
CUST_000627,18.33,16.99,318.84,8,-1.34,148,0.71,18.42,0.97,0,0.926896,18.766333,-0.073104,0
CUST_006369,27.94,9.12,157.96,39,-18.82,123,0.07,22.7,0.82,0,0.326414,17.320175,-0.673586,1
CUST_001847,31.94,26.37,634.44,7,-5.57,59,0.93,33.65,0.92,0,0.825611,24.059158,-0.174389,0
CUST_000462,16.54,14.35,290.01,9,-2.18,187,0.95,18.27,0.81,0,0.867594,20.209756,-0.131802,0
CUST_002074,18.54,14.18,340.09,10,-4.36,144,0.98,19.78,0.87,0,0.764833,23.98378,-0.235167,0
CUST_004248,29.04,29.48,641.7,7,0.44,222,0.79,29.25,1.07,0,1.015152,21.7673,0.015152,0
CUST_000196,28.97,31.64,541.13,4,2.66,48,0.83,30.19,1.19,0,1.092164,17.102718,0.091819,0
CUST_009137,14.88,35.74,532.5,21,20.86,3,0.34,17.23,0.96,0,2.401882,14.899273,1.401882,1
CUST_001590,20.76,23.74,376.08,11,2.98,178,0.7,21.58,1.2,0,1.143545,15.841618,0.143545,0
CUST_003716,26.8,23.05,486.31,3,-3.74,40,0.87,27.76,0.84,0,0.860075,21.098048,-0.139552,0
CUST_004857,27.1,26.87,666.43,9,-0.23,220,0.63,30.11,1.1,1,0.991513,24.80201,-0.008487,0
CUST_002568,30.66,23.56,588.42,7,-7.1,22,0.75,31.42,0.9,0,0.768428,24.975382,-0.231572,0
CUST_000206,33.71,34.3,570.41,5,0.59,199,0.92,34.8,0.92,0,1.017502,16.630029,0.017502,0
CUST_008947,29.64,72.17,1464.07,23,42.53,128,0.01,31.87,0.97,2,2.434885,20.286407,1.434885,1
CUST_007420,31.96,68.85,1015.25,33,36.89,225,0.22,33.05,0.86,0,2.154255,14.745824,1.154255,1
CUST_007527,16.66,38.03,705.52,22,21.37,191,0.45,18.43,0.91,1,2.282713,18.55167,1.282713,1
CUST_001688,16.99,16.81,265.78,3,-0.18,102,0.93,15.45,0.89,0,0.989406,15.810827,-0.010594,0
CUST_001826,29.44,31.91,793.25,8,2.48,84,0.83,27.57,1.0,0,1.083899,24.858978,0.084239,0
CUST_005817,18.2,15.72,318.75,49,-2.48,8,0.08,18.65,0.86,0,0.863736,20.276718,-0.136264,1
CUST_001332,28.12,30.22,512.5,5,2.1,86,0.83,26.35,1.12,0,1.07468,16.958968,0.07468,0
CUST_001163,22.46,26.0,463.46,9,3.53,204,0.71,23.23,1.07,0,1.157614,17.825385,0.157168,0
CUST_008644,24.46,71.62,1099.57,36,47.16,172,0.3,28.94,1.17,2,2.928046,15.352834,1.928046,1
CUST_007889,15.66,33.63,746.89,15,17.96,2,0.05,17.13,0.86,1,2.14751,22.20904,1.146871,1
CUST_009370,26.25,72.8,1210.06,27,46.55,4,0.06,29.01,1.11,0,2.773333,16.621703,1.773333,1
CUST_008398,32.8,15.22,201.26,19,-17.58,9,0.0,26.16,1.16,0,0.464024,13.22339,-0.535976,1
CUST_005801,30.05,14.52,266.67,22,-15.53,11,0.26,29.16,1.18,1,0.483195,18.365702,-0.516805,1
CUST_003603,26.72,23.34,378.24,4,-3.39,34,0.96,24.51,0.93,0,0.873503,16.205656,-0.126871,0
CUST_003219,34.18,39.31,657.67,8,5.13,115,0.81,34.84,1.19,0,1.150088,16.730349,0.150088,0
CUST_007655,33.44,15.23,232.39,27,-18.21,11,0.0,26.97,1.14,0,0.455443,15.2587,-0.544557,1
CUST_006470,18.32,7.52,100.0,24,-10.81,7,0.0,18.09,1.03,1,0.41048,13.297872,-0.590066,1
CUST_000801,24.92,23.55,380.8,5,-1.37,194,0.74,26.02,0.88,0,0.945024,16.169851,-0.054976,0
CUST_001240,26.88,25.47,543.94,5,-1.41,167,0.75,27.62,0.94,0,0.947545,21.356105,-0.052455,0
CUST_002648,23.67,27.06,593.83,5,3.38,136,0.99,23.71,1.07,0,1.143219,21.944937,0.142797,0
CUST_001386,32.66,35.73,776.79,3,3.06,80,0.92,30.65,1.02,0,1.093999,21.740554,0.093693,0
CUST_005783,26.8,34.54,617.23,25,7.73,1,0.18,28.59,1.19,0,1.288806,17.870006,0.288433,1
CUST_008270,13.03,26.85,377.45,29,13.82,2,0.3,15.29,0.82,3,2.060629,14.057728,1.060629,1
CUST_005901,29.87,87.78,1753.41,23,57.91,2,0.04,31.87,1.18,1,2.938735,19.975051,1.938735,1
CUST_002067,23.23,24.81,588.0,11,1.58,204,0.86,23.17,1.01,0,1.068015,23.700121,0.068015,0
CUST_002627,29.38,23.69,473.63,6,-5.69,79,0.76,30.67,0.85,0,0.806331,19.992824,-0.193669,0
CUST_001471,32.91,27.96,644.27,3,-4.95,196,0.97,34.72,0.94,0,0.84959,23.042561,-0.15041,0
CUST_003828,28.8,29.84,611.43,11,1.04,217,0.83,31.77,1.14,0,1.036111,20.490282,0.036111,0
CUST_005976,19.64,39.91,720.6,27,20.27,140,0.2,19.02,0.9,1,2.032077,18.055625,1.032077,1
CUST_006320,14.44,41.59,603.64,41,27.15,3,0.34,17.85,1.15,0,2.880194,14.514066,1.880194,1
CUST_000831,21.62,21.48,412.03,15,-0.14,19,0.79,19.98,1.03,0,0.993525,19.18203,-0.006475,0
CUST_004800,31.47,36.04,803.2,4,4.57,52,0.78,33.24,1.19,0,1.145218,22.286349,0.145218,0
CUST_000238,17.64,21.44,346.54,3,3.8,136,0.99,17.22,1.15,0,1.21542,16.163246,0.21542,0
CUST_003652,22.38,18.8,445.65,8,-3.58,48,0.95,24.6,0.96,0,0.840036,23.704787,-0.159964,0
CUST_000702,17.14,16.97,370.61,3,-0.17,239,0.81,16.91,0.87,0,0.990082,21.839128,-0.009918,0
CUST_003472,30.17,38.69,635.46,12,8.52,91,0.94,31.53,1.17,0,1.2824,16.424399,0.2824,0
CUST_006276,25.71,46.45,1029.67,29,20.74,1,0.04,25.6,1.05,3,1.80669,22.167277,0.80669,1
CUST_000073,21.84,17.94,391.19,10,-3.9,23,0.96,19.94,0.86,0,0.821429,21.805463,-0.178571,0
CUST_003668,32.26,26.42,592.01,8,-5.84,189,0.81,32.66,0.82,0,0.818971,22.407646,-0.181029,0
CUST_000799,35.38,36.06,829.85,12,0.69,132,0.86,32.77,1.12,0,1.01922,23.013034,0.019503,0
CUST_005074,22.07,27.62,447.43,28,5.56,1,0.04,21.35,1.2,1,1.251473,16.199493,0.251926,1
CUST_004942,22.12,21.66,372.4,8,-0.46,214,0.96,21.47,0.96,0,0.979204,17.192982,-0.020796,0
CUST_006012,27.28,70.43,1100.92,23,43.15,199,0.28,31.51,1.03,1,2.581745,15.631407,1.581745,1
CUST_002566,22.38,28.52,630.31,4,6.15,66,0.84,21.69,1.17,0,1.274352,22.100631,0.274799,0
CUST_009360,26.39,40.53,686.46,21,14.14,2,0.12,26.62,1.11,0,1.535809,16.937084,0.535809,1
CUST_005130,25.18,56.08,984.88,38,30.9,223,0.0,26.74,0.89,1,2.227164,17.562054,1.227164,1
CUST_002188,16.82,16.99,303.56,5,0.17,70,0.64,15.66,0.89,0,1.010107,17.866981,0.010107,0
CUST_000141,31.56,36.2,571.18,10,4.64,174,0.9,34.96,1.07,0,1.147022,15.778453,0.147022,0
CUST_006568,19.77,9.19,149.24,24,-10.59,153,0.02,15.49,1.16,1,0.464846,16.239391,-0.53566,1
CUST_008471,16.36,47.95,922.22,35,31.6,8,0.04,20.2,1.17,2,2.930929,19.232951,1.93154,1
CUST_004926,14.72,16.01,380.83,9,1.29,182,0.85,15.53,0.98,0,1.087636,23.787008,0.087636,0
CUST_006573,13.7,36.73,516.06,25,23.03,7,0.18,16.53,1.07,2,2.681022,14.050095,1.681022,1
CUST_002959,14.57,12.8,214.74,6,-1.77,195,0.97,15.17,0.95,0,0.878518,16.776562,-0.121482,0
CUST_008238,17.7,50.9,709.74,17,33.2,5,0.07,20.18,1.15,1,2.875706,13.943811,1.875706,1
CUST_005402,15.74,42.9,944.79,39,27.16,11,0.09,17.36,1.09,1,2.72554,22.023077,1.72554,1
CUST_000184,19.54,18.1,306.77,10,-1.44,169,0.74,19.35,1.06,0,0.926305,16.948619,-0.073695,0
CUST_009290,23.69,67.53,1392.95,35,43.84,4,0.17,27.29,1.14,1,2.85057,20.627129,1.85057,1
CUST_007564,25.34,31.48,528.3,36,6.14,10,0.17,26.66,1.09,1,1.242305,16.782084,0.242305,1
CUST_004206,23.15,25.04,402.06,11,1.88,86,0.92,22.43,0.97,0,1.081641,16.056709,0.08121,0
CUST_003457,14.46,12.35,259.39,3,-2.11,197,0.88,16.05,0.82,0,0.85408,21.003239,-0.14592,0
CUST_005144,28.09,59.84,1270.24,38,31.75,8,0.06,28.29,0.85,1,2.130295,21.227273,1.130295,1
CUST_001902,22.68,28.41,579.62,8,5.73,43,0.86,25.04,1.17,0,1.252646,20.401971,0.252646,0
CUST_002748,22.72,24.92,394.24,8,2.2,97,0.76,20.81,1.03,0,1.096831,15.820225,0.096831,0
CUST_008291,23.8,10.98,130.44,37,-12.82,5,0.16,23.14,1.15,1,0.461345,11.879781,-0.538655,1
CUST_005164,26.62,63.15,1212.11,37,36.53,1,0.05,32.76,0.95,1,2.372276,19.194141,1.372276,1
CUST_000831,21.62,21.48,412.03,15,-0.14,19,0.79,19.98,1.03,0,0.993525,19.18203,-0.006475,0
CUST_009049,19.92,24.34,400.44,55,4.42,1,0.09,18.38,1.18,0,1.221888,16.451931,0.221888,1
CUST_009569,22.28,19.39,428.94,38,-2.88,7,0.07,23.42,1.1,0,0.870287,22.121712,-0.129264,1
CUST_000226,24.05,23.74,520.4,12,-0.31,150,0.76,26.12,1.11,0,0.98711,21.920809,-0.01289,0
CUST_008262,25.47,11.54,191.63,27,-13.93,2,0.44,24.12,1.13,2,0.453082,16.605719,-0.546918,1
CUST_008034,21.95,8.36,112.37,19,-13.59,174,0.04,18.05,0.95,1,0.380866,13.441388,-0.619134,1
CUST_003678,25.77,20.22,347.14,5,-5.55,65,0.52,28.29,0.88,0,0.784633,17.16815,-0.215367,0
CUST_006203,23.55,20.62,398.13,25,-2.93,3,0.03,24.94,0.86,1,0.875584,19.307953,-0.124416,1
CUST_007583,22.55,9.91,169.52,38,-12.64,7,0.16,19.31,1.1,2,0.439468,17.105954,-0.560532,1
CUST_002214,23.26,17.86,315.56,4,-5.4,105,0.91,21.49,0.9,0,0.767842,17.668533,-0.232158,0
CUST_004051,33.43,29.65,700.02,4,-3.78,181,0.93,33.47,0.93,0,0.886928,23.609444,-0.113072,0
CUST_004333,22.69,19.67,464.42,6,-3.01,195,0.54,21.21,0.98,0,0.866902,23.610574,-0.132658,0
CUST_001850,32.33,31.37,525.34,9,-0.96,25,0.87,31.97,0.89,0,0.970306,16.746573,-0.029694,0
CUST_002540,32.96,26.25,506.33,6,-6.72,173,0.71,32.59,0.82,0,0.79642,19.288762,-0.203883,0
CUST_002150,17.55,20.64,493.19,4,3.08,110,0.9,18.82,1.02,0,1.176068,23.894864,0.175499,0
CUST_007685,19.34,8.93,125.44,38,-10.41,10,0.11,15.26,1.15,0,0.461737,14.047032,-0.538263,1
CUST_007274,15.67,32.8,505.17,19,17.13,6,0.12,15.76,0.84,3,2.093172,15.401524,1.093172,1
CUST_004275,24.5,21.82,529.03,6,-2.69,16,0.95,24.08,0.94,0,0.890612,24.245188,-0.109796,0
CUST_006299,21.83,20.99,337.72,51,-0.83,128,0.04,22.37,1.01,1,0.961521,16.089566,-0.038021,1
CUST_008689,19.46,48.13,700.83,39,28.67,11,0.23,22.29,0.99,0,2.473279,14.561188,1.473279,1
CUST_006824,28.72,9.43,136.91,27,-19.29,121,0.32,22.8,0.82,1,0.328343,14.518558,-0.671657,1
CUST_007512,32.54,95.0,1833.28,39,62.46,9,0.26,33.18,1.17,1,2.919484,19.297684,1.919484,1
CUST_007761,20.48,59.38,1076.39,44,38.89,192,0.15,20.97,1.16,1,2.899414,18.127147,1.898926,1
CUST_007621,29.97,86.85,1746.13,18,56.88,4,0.21,33.05,1.16,2,2.897898,20.105124,1.897898,1
CUST_007526,18.88,7.91,100.0,33,-10.97,147,0.21,17.12,1.05,2,0.418962,12.642225,-0.581038,1
CUST_000572,30.73,24.59,596.51,9,-6.14,150,0.66,31.46,0.82,0,0.800195,24.258235,-0.199805,0
CUST_005786,33.27,11.84,183.03,15,-21.44,10,0.27,29.98,0.89,0,0.355876,15.458615,-0.644424,1
CUST_002802,29.78,28.03,697.28,7,-1.75,154,0.86,30.5,0.99,0,0.941236,24.876204,-0.058764,0
CUST_000454,30.52,31.33,744.16,9,0.81,128,0.94,28.58,1.19,0,1.02654,23.752314,0.02654,0
CUST_003330,19.83,22.13,437.81,11,2.3,40,0.95,20.84,1.05,0,1.115986,19.783552,0.115986,0
CUST_002136,23.74,31.94,643.06,4,8.19,85,0.94,24.88,1.19,0,1.345409,20.133375,0.344987,0
CUST_001729,29.7,28.52,581.44,4,-1.18,92,0.79,27.51,1.03,0,0.960269,20.387097,-0.039731,0
CUST_000504,18.45,16.26,304.16,5,-2.18,162,0.85,19.4,0.88,0,0.881301,18.706027,-0.118157,0
CUST_002567,15.64,12.89,204.39,7,-2.75,218,0.82,15.52,0.84,0,0.824169,15.856478,-0.175831,0
CUST_003721,24.82,26.85,441.78,3,2.03,61,0.48,27.22,1.12,0,1.081789,16.453631,0.081789,0
CUST_008421,31.1,84.17,1793.89,36,53.06,4,0.23,32.94,1.08,0,2.706431,21.3127,1.706109,1
CUST_006721,23.03,9.85,109.67,23,-13.19,8,0.51,17.8,1.07,0,0.427703,11.13401,-0.572731,1
CUST_009121,17.5,7.98,100.38,29,-9.52,180,0.43,16.53,1.14,3,0.456,12.578947,-0.544,1
CUST_002469,36.98,39.11,617.6,6,2.12,70,0.83,33.65,1.1,0,1.057599,15.791358,0.057328,0
CUST_008879,24.57,28.46,680.66,40,3.89,8,0.14,22.64,1.06,1,1.158323,23.916374,0.158323,1
CUST_000847,25.26,24.66,522.7,5,-0.6,21,0.43,23.13,1.15,0,0.976247,21.196269,-0.023753,0
CUST_003756,28.33,30.13,628.52,6,1.8,185,0.89,28.53,1.06,0,1.063537,20.860272,0.063537,0
CUST_002096,24.79,31.71,701.36,5,6.92,54,0.99,24.89,1.12,0,1.279145,22.117944,0.279145,0
CUST_004366,32.16,31.33,669.04,11,-0.82,196,0.71,33.63,0.95,0,0.974192,21.354612,-0.025498,0
CUST_003749,22.3,19.96,337.88,8,-2.34,218,0.85,23.08,0.99,0,0.895067,16.927856,-0.104933,0
CUST_005716,33.17,12.26,188.06,27,-20.91,5,0.35,29.31,0.92,3,0.369611,15.339315,-0.630389,1
CUST_009528,25.73,28.68,537.48,57,2.95,7,0.35,23.59,1.05,0,1.114652,18.740586,0.114652,1
CUST_001047,22.74,22.53,556.18,6,-0.21,163,0.89,22.41,0.89,0,0.990765,24.686196,-0.009235,0
CUST_000710,17.11,17.58,266.88,6,0.46,156,0.96,18.23,1.13,0,1.027469,15.180887,0.026885,0
CUST_003266,15.96,15.13,376.81,5,-0.83,58,0.98,17.59,1.05,0,0.947995,24.904825,-0.052005,0
CUST_001222,19.12,24.63,411.01,7,5.51,231,0.74,17.52,1.14,0,1.28818,16.687373,0.28818,0
CUST_009006,25.36,26.3,590.39,40,0.94,7,0.01,27.76,1.14,0,1.037066,22.448289,0.037066,1
CUST_005063,18.3,51.53,988.98,34,33.23,159,0.14,18.36,1.13,0,2.815847,19.192315,1.815847,1
CUST_009484,21.32,45.34,977.75,28,24.02,1,0.08,25.13,0.85,2,2.126642,21.564843,1.126642,1
CUST_006732,24.99,62.75,1059.55,16,37.76,4,0.14,26.12,1.0,2,2.511004,16.885259,1.511004,1
CUST_004391,30.11,26.03,633.0,9,-4.08,26,1.0,27.9,0.84,0,0.864497,24.318095,-0.135503,0
CUST_000442,19.08,17.52,305.64,1,-1.57,108,0.64,19.42,0.91,0,0.918239,17.445205,-0.082285,0
CUST_000434,23.62,21.45,504.48,10,-2.18,58,0.91,21.77,0.99,0,0.908129,23.518881,-0.092295,0
CUST_003816,29.45,27.6,521.53,8,-1.85,117,1.0,30.81,0.88,0,0.937182,18.896014,-0.062818,0
CUST_005511,28.46,10.53,176.17,15,-17.93,125,0.03,27.28,0.92,2,0.369993,16.730294,-0.630007,1
CUST_000169,29.86,27.68,683.8,6,-2.18,95,0.92,28.43,1.05,0,0.926993,24.703757,-0.073007,0
CUST_000097,21.3,21.86,389.0,6,0.56,63,0.77,19.87,1.06,0,1.026291,17.795059,0.026291,0
CUST_001131,26.47,19.88,378.57,7,-6.59,132,0.84,25.65,0.83,0,0.751039,19.042757,-0.248961,0
CUST_001278,18.14,21.4,375.54,7,3.27,139,0.9,18.26,1.11,0,1.179713,17.548598,0.180265,0
CUST_003248,28.31,28.93,506.06,7,0.62,232,0.82,29.28,0.97,0,1.0219,17.492568,0.0219,0
CUST_003159,29.14,26.0,391.99,9,-3.14,65,0.98,30.18,0.84,0,0.892244,15.076538,-0.107756,0
CUST_005882,20.31,25.51,574.17,59,5.2,10,0.24,20.55,1.16,1,1.256032,22.507644,0.256032,1
CUST_003527,25.48,27.92,554.8,11,2.44,211,0.67,25.63,1.13,0,1.095761,19.87106,0.095761,0
CUST_001753,24.82,24.43,561.53,9,-0.4,228,0.78,25.24,0.92,0,0.984287,22.985264,-0.016116,0
CUST_006077,31.83,69.04,1575.93,19,37.21,232,0.25,30.85,0.93,0,2.169023,22.826333,1.169023,1
CUST_001054,31.75,33.23,596.92,2,1.48,230,0.97,29.85,1.03,0,1.046614,17.963286,0.046614,0
CUST_001082,21.69,19.78,429.23,3,-1.91,207,0.74,23.45,0.91,0,0.911941,21.700202,-0.088059,0
CUST_000162,31.52,30.82,629.56,6,-0.7,49,0.79,29.63,1.06,0,0.977792,20.426995,-0.022208,0
CUST_000171,30.03,29.43,719.59,9,-0.59,158,1.0,27.47,1.06,0,0.98002,24.4509,-0.019647,0
CUST_000742,30.84,37.02,760.78,8,6.18,90,0.96,28.59,1.06,0,1.200389,20.550513,0.200389,0
CUST_003763,28.82,29.89,659.46,5,1.07,220,0.98,31.42,1.17,0,1.037127,22.062897,0.037127,0
CUST_006691,18.46,37.33,715.38,22,18.87,10,0.04,22.89,0.81,1,2.02221,19.163675,1.02221,1
CUST_002826,22.39,24.37,520.77,5,1.98,184,0.96,21.91,1.05,0,1.088432,21.369307,0.088432,0
CUST_005189,31.3,60.33,1301.04,26,29.03,2,0.0,31.84,0.88,3,1.927476,21.56539,0.927476,1
CUST_005075,32.08,10.36,163.42,27,-21.72,6,0.05,28.76,0.81,2,0.322943,15.774131,-0.677057,1
CUST_002058,24.79,21.87,470.41,7,-2.91,124,0.81,25.89,0.84,0,0.882211,21.509374,-0.117386,0
CUST_003137,27.23,24.6,458.85,8,-2.63,225,1.0,28.98,1.01,0,0.903415,18.652439,-0.096585,0
CUST_003555,15.83,12.29,295.17,6,-3.54,153,0.8,15.66,0.87,0,0.776374,24.017087,-0.223626,0
CUST_002576,19.96,25.68,626.78,7,5.72,153,0.68,20.65,1.16,0,1.286573,24.407321,0.286573,0
CUST_000047,24.9,29.84,671.42,6,4.94,40,0.79,26.61,1.05,0,1.198394,22.50067,0.198394,0
CUST_001670,33.21,28.57,493.96,7,-4.64,67,0.78,30.74,0.84,0,0.860283,17.289464,-0.139717,0
CUST_005174,29.92,28.07,566.46,44,-1.84,6,0.09,31.98,0.88,3,0.938168,20.180264,-0.061497,1
CUST_004311,19.8,17.28,359.99,11,-2.52,164,0.59,18.41,0.92,0,0.872727,20.832755,-0.127273,0
CUST_000946,25.21,27.27,488.53,14,2.06,236,0.84,24.43,1.02,1,1.081714,17.914558,0.081714,0
CUST_005515,18.53,18.48,368.47,59,-0.06,11,0.24,18.34,1.04,1,0.997302,19.938853,-0.003238,1
CUST_009318,27.83,10.5,140.14,19,-17.33,185,0.16,27.08,0.94,0,0.377291,13.346667,-0.622709,1
CUST_002366,17.99,15.18,317.37,4,-2.81,176,0.83,17.56,0.81,0,0.843802,20.907115,-0.156198,0
CUST_003326,29.1,24.45,385.22,9,-4.65,25,0.85,29.42,0.96,0,0.840206,15.755419,-0.159794,0
CUST_001978,28.87,26.19,417.65,13,-2.68,34,0.91,31.75,1.0,1,0.90717,15.946926,-0.09283,0
CUST_003792,26.83,28.59,562.23,11,1.76,91,0.94,28.43,1.12,0,1.065598,19.665268,0.065598,0
CUST_008021,40.41,15.25,219.91,36,-25.16,8,0.57,32.72,0.94,1,0.377382,14.420328,-0.622618,1
CUST_003822,22.81,21.5,398.55,5,-1.31,213,0.74,21.43,0.88,0,0.942569,18.537209,-0.057431,0
CUST_003605,30.35,25.45,624.09,4,-4.9,153,0.81,29.56,0.84,0,0.83855,24.5222,-0.16145,0
CUST_009590,21.35,21.24,370.92,50,-0.11,2,0.05,20.94,0.95,1,0.994848,17.463277,-0.005152,1
CUST_007104,36.17,89.14,1609.35,44,52.97,175,0.03,34.36,0.92,0,2.464473,18.054184,1.464473,1
CUST_001515,28.22,37.19,782.47,7,8.97,118,0.75,26.09,1.18,0,1.31786,21.039796,0.31786,0
CUST_006434,16.07,17.06,387.31,32,0.99,161,0.03,16.15,0.98,1,1.061605,22.702814,0.061605,1
CUST_005073,34.82,26.78,470.98,38,-8.04,5,0.31,34.68,0.82,0,0.769098,17.587005,-0.230902,1
CUST_003612,28.62,30.0,454.24,10,1.38,214,0.72,27.8,0.92,0,1.048218,15.141333,0.048218,0
CUST_002570,22.67,16.29,276.49,15,-6.38,66,0.98,22.65,0.8,0,0.718571,16.97299,-0.281429,0
CUST_004856,24.47,21.96,364.6,7,-2.51,68,0.69,23.33,0.99,0,0.897425,16.602914,-0.102575,0
CUST_003312,29.26,36.41,794.35,8,7.15,121,0.94,30.34,1.2,1,1.244361,21.816809,0.244361,0
CUST_004372,30.51,32.39,711.88,7,1.87,211,0.93,31.88,1.2,0,1.061619,21.978388,0.061291,0
CUST_003206,17.52,16.3,340.8,13,-1.22,175,0.88,18.54,0.98,0,0.930365,20.907975,-0.069635,0
CUST_000627,18.33,16.99,318.84,8,-1.34,148,0.71,18.42,0.97,0,0.926896,18.766333,-0.073104,0
CUST_006931,28.58,26.9,431.94,31,-1.68,136,0.07,29.35,1.0,1,0.941218,16.057249,-0.058782,1
CUST_004291,15.16,15.6,235.98,10,0.44,75,0.72,15.82,0.98,0,1.029024,15.126923,0.029024,0
CUST_004464,20.32,18.74,348.24,2,-1.57,232,0.82,20.87,0.97,0,0.922244,18.582711,-0.077264,0
CUST_005019,32.36,32.99,726.6,50,0.63,153,0.06,32.02,1.12,0,1.019468,22.024856,0.019468,1
CUST_007297,19.59,53.42,1077.02,26,33.83,2,0.26,23.06,1.09,1,2.726901,20.161363,1.726901,1
CUST_007220,26.82,12.05,175.0,17,-14.77,176,0.01,23.85,1.12,1,0.449292,14.522822,-0.550708,1
CUST_005309,18.91,11.99,273.59,33,-6.92,10,0.38,18.78,1.04,1,0.634056,22.818182,-0.365944,1
CUST_005721,17.01,14.13,230.99,32,-2.88,6,0.45,16.33,0.84,1,0.830688,16.347488,-0.169312,1
CUST_007813,22.59,7.67,133.22,32,-14.92,184,0.36,17.54,0.85,1,0.339531,17.36897,-0.660469,1
CUST_008665,20.13,42.42,724.56,33,22.29,231,0.19,22.89,0.84,2,2.107303,17.080622,1.107303,1
CUST_000970,26.48,23.99,395.21,8,-2.5,87,0.97,24.43,0.9,0,0.905967,16.473947,-0.094411,0
CUST_004430,25.59,27.52,532.71,5,1.93,135,0.97,27.21,1.16,0,1.07542,19.357195,0.07542,0
CUST_002475,20.52,21.25,506.78,7,0.73,145,0.9,21.1,1.11,1,1.035575,23.848471,0.035575,0
CUST_004939,28.66,20.01,471.77,4,-8.65,79,0.8,26.84,0.81,0,0.698186,23.576712,-0.301814,0
CUST_004762,32.57,33.36,665.93,11,0.79,108,0.98,30.08,0.98,0,1.024255,19.96193,0.024255,0
CUST_003835,17.67,15.67,256.34,12,-2.01,159,0.58,17.52,0.94,0,0.886814,16.358647,-0.113752,0
CUST_006048,23.45,65.2,1279.51,21,41.75,222,0.28,24.82,1.11,1,2.780384,19.624387,1.780384,1
CUST_005459,30.02,51.86,1268.52,25,21.84,195,0.04,28.12,0.91,0,1.727515,24.46047,0.727515,1
CUST_001581,21.97,18.88,403.69,10,-3.1,226,0.81,22.02,0.84,0,0.859354,21.381886,-0.141102,0
CUST_006980,24.36,69.36,1140.19,18,45.0,224,0.45,27.62,1.14,2,2.847291,16.438725,1.847291,1
CUST_008907,33.47,14.9,180.33,33,-18.56,1,0.06,27.71,1.11,2,0.445175,12.102685,-0.554526,1
CUST_004529,32.26,24.26,393.42,13,-8.0,194,0.68,30.77,0.81,0,0.752015,16.216818,-0.247985,0
CUST_007185,26.04,21.92,508.03,51,-4.12,11,0.08,25.7,0.83,1,0.841782,23.176551,-0.158218,1
CUST_002697,15.78,13.11,235.17,8,-2.67,100,0.99,17.41,0.9,0,0.830798,17.938215,-0.169202,0
CUST_005582,24.09,9.85,166.84,31,-14.24,4,0.1,20.32,1.02,2,0.408883,16.938071,-0.591117,1
CUST_004950,19.69,23.19,532.35,7,3.5,120,0.87,18.18,1.05,0,1.177755,22.956016,0.177755,0
CUST_000999,35.1,41.33,772.26,8,6.24,95,0.83,34.29,1.15,0,1.177493,18.685217,0.177778,0
CUST_009201,32.42,11.02,127.72,19,-21.4,6,0.36,28.36,0.85,1,0.339914,11.589837,-0.660086,1
CUST_009312,17.69,12.83,192.9,36,-4.86,3,0.05,19.02,1.04,0,0.725269,15.035074,-0.274731,1
CUST_004726,26.98,28.33,602.3,9,1.35,38,0.81,27.33,1.17,0,1.050037,21.260148,0.050037,0
CUST_001741,29.17,26.0,505.86,12,-3.17,225,0.76,27.07,0.81,0,0.891327,19.456154,-0.108673,0
CUST_003120,18.87,15.89,377.29,2,-2.98,228,0.88,19.97,0.86,0,0.842077,23.743864,-0.157923,0
CUST_007982,16.67,6.67,100.0,26,-9.99,7,0.2,15.99,1.0,0,0.40012,14.992504,-0.59928,1
CUST_003169,26.53,19.82,360.21,6,-6.71,68,0.76,24.47,0.84,1,0.747079,18.174067,-0.252921,0
CUST_006076,25.55,70.56,1489.39,30,45.01,6,0.44,29.39,1.1,0,2.761644,21.108135,1.761644,1
CUST_007152,32.59,12.07,188.79,33,-20.52,4,0.15,25.11,0.93,1,0.370359,15.641259,-0.629641,1
CUST_009270,23.19,8.91,103.86,41,-14.28,9,0.18,19.24,0.96,1,0.384217,11.656566,-0.615783,1
CUST_009478,21.09,9.15,140.69,37,-11.93,9,0.05,19.2,1.09,1,0.433855,15.375956,-0.565671,1
CUST_000541,29.38,22.53,526.92,7,-6.85,150,0.83,30.86,0.85,0,0.766848,23.387483,-0.233152,0
CUST_008163,19.18,8.08,130.78,37,-11.1,3,0.12,15.05,1.05,1,0.421272,16.185644,-0.578728,1
CUST_009154,28.36,28.29,518.08,45,-0.07,235,0.06,26.1,0.96,1,0.997532,18.313185,-0.002468,1
CUST_002671,17.6,21.37,514.4,11,3.77,195,0.74,18.59,1.07,0,1.214205,24.071128,0.214205,0
CUST_004772,19.79,20.03,440.2,4,0.23,86,0.94,20.07,1.03,0,1.012127,21.977034,0.011622,0
CUST_009397,33.21,12.37,138.94,31,-20.83,9,0.06,33.05,0.93,1,0.372478,11.232013,-0.627221,1
CUST_005910,32.82,21.35,517.39,30,-11.47,145,0.24,34.65,0.83,1,0.650518,24.233724,-0.349482,1
CUST_003986,26.03,28.83,679.0,10,2.8,76,0.9,27.25,1.03,0,1.107568,23.551856,0.107568,0
CUST_009665,19.53,45.92,1003.42,40,26.39,220,0.22,20.18,0.81,1,2.351254,21.851481,1.351254,1
CUST_001806,17.84,15.93,294.33,8,-1.91,206,0.67,19.03,0.87,0,0.892937,18.47646,-0.107063,0
CUST_007499,31.57,71.2,1112.83,37,39.63,122,0.01,32.32,0.8,1,2.255306,15.629635,1.255306,1
CUST_008938,23.72,26.86,602.72,51,3.14,236,0.22,23.61,1.11,1,1.132378,22.439315,0.132378,1
CUST_004084,24.13,27.52,609.87,7,3.39,56,0.84,26.04,1.01,0,1.140489,22.160974,0.140489,0
CUST_005622,29.34,13.5,160.11,32,-15.84,6,0.04,25.5,1.15,0,0.460123,11.86,-0.539877,1
CUST_006462,17.36,41.17,853.4,42,23.81,222,0.17,18.84,0.95,1,2.371544,20.728686,1.371544,1
CUST_007081,32.68,27.77,442.06,29,-4.91,3,0.21,30.13,1.03,2,0.849755,15.918617,-0.150245,1
CUST_006250,27.08,20.92,330.98,30,-6.16,10,0.32,28.06,0.82,1,0.772526,15.821224,-0.227474,1
CUST_008574,22.74,40.16,705.5,24,17.42,5,0.08,21.47,0.85,2,1.766051,17.567231,0.766051,1
CUST_003948,26.77,34.69,784.2,12,7.93,219,0.71,25.48,1.13,0,1.295854,22.605938,0.296227,0
CUST_003425,24.67,32.98,721.49,4,8.3,152,0.99,24.46,1.16,0,1.336846,21.876592,0.336441,0
CUST_005521,30.24,88.67,1676.35,40,58.42,3,0.05,30.46,1.17,1,2.932209,18.905492,1.931878,1
CUST_004652,22.58,21.75,478.43,3,-0.83,181,0.66,24.42,1.06,0,0.963242,21.996782,-0.036758,0
CUST_008022,18.58,46.97,998.12,18,28.39,9,0.14,19.35,1.01,2,2.527987,21.25016,1.527987,1
CUST_004516,30.69,23.44,404.37,11,-7.26,110,0.83,32.98,0.81,0,0.763767,17.25128,-0.236559,0
CUST_000875,32.73,24.57,543.7,10,-8.16,121,0.78,33.44,0.82,0,0.750687,22.128612,-0.249313,0
CUST_000130,33.06,30.28,489.3,10,-2.77,186,0.99,32.43,0.9,0,0.91591,16.159181,-0.083787,0
CUST_007873,16.43,49.2,743.33,18,32.77,190,0.16,18.92,1.2,2,2.994522,15.108333,1.994522,1
CUST_007242,29.15,11.98,159.71,26,-17.17,11,0.02,23.34,1.03,2,0.410978,13.331386,-0.589022,1
CUST_004896,19.15,21.6,478.84,9,2.45,188,0.97,19.83,1.07,0,1.127937,22.168519,0.127937,0
CUST_007337,17.56,19.32,425.28,55,1.76,5,0.5,17.55,1.12,1,1.100228,22.012422,0.100228,1
CUST_002001,19.44,15.81,336.02,4,-3.63,88,0.91,18.54,0.85,0,0.813272,21.253637,-0.186728,0
CUST_001696,22.78,26.72,656.16,7,3.94,215,0.92,21.72,1.16,0,1.172959,24.556886,0.172959,0
CUST_000231,23.69,24.29,387.46,7,0.61,110,0.85,22.13,0.9,0,1.025327,15.95142,0.025749,0
CUST_004161,28.81,24.28,462.26,8,-4.52,150,0.49,28.12,0.87,0,0.842763,19.038715,-0.15689,0
CUST_001501,25.09,25.47,394.45,8,0.38,124,0.97,27.88,0.93,0,1.015145,15.486847,0.015145,0
CUST_007017,16.85,37.03,624.56,26,20.18,207,0.12,17.6,0.88,0,2.197626,16.866325,1.197626,1
CUST_001889,17.09,15.36,289.68,6,-1.73,162,0.98,18.83,1.02,0,0.898771,18.859375,-0.101229,0
CUST_002713,32.48,28.95,500.43,5,-3.53,118,0.84,30.32,0.85,0,0.891318,17.28601,-0.108682,0
CUST_003056,24.6,19.27,406.1,8,-5.33,121,0.89,23.83,0.88,0,0.783333,21.074209,-0.216667,0
CUST_001856,32.68,32.81,624.06,5,0.13,189,0.74,34.77,0.94,0,1.003978,19.020421,0.003978,0
CUST_002807,17.6,18.91,451.36,7,1.31,91,0.97,16.41,1.03,0,1.074432,23.868852,0.074432,0
CUST_000651,30.43,24.26,413.89,9,-6.17,226,0.82,33.03,0.84,0,0.79724,17.060594,-0.20276,0
CUST_004859,24.18,17.48,373.24,8,-6.7,16,0.78,25.73,0.81,0,0.722911,21.352403,-0.277089,0
CUST_004468,21.25,23.91,564.77,9,2.66,50,0.78,21.52,0.98,0,1.125176,23.620661,0.125176,0
CUST_000026,24.83,19.59,326.35,5,-5.24,202,0.21,24.55,0.83,0,0.788965,16.65901,-0.211035,0
CUST_006172,26.55,73.95,1204.38,16,47.4,4,0.08,27.86,1.11,2,2.785311,16.28641,1.785311,1
CUST_005004,40.22,13.87,203.07,42,-26.35,2,0.11,31.92,0.86,1,0.344853,14.640952,-0.655147,1
CUST_004280,31.11,25.83,605.33,7,-5.28,225,0.99,30.8,0.83,0,0.83028,23.435153,-0.16972,0
CUST_003861,26.98,31.07,726.95,4,4.09,36,0.92,25.45,1.07,0,1.151594,23.397168,0.151594,0
CUST_009534,27.49,32.58,614.35,36,5.09,159,0.19,28.77,1.17,0,1.185158,18.856661,0.185158,1
CUST_003131,25.25,20.09,492.12,5,-5.15,179,0.65,26.51,0.82,0,0.795644,24.495769,-0.20396,0
CUST_009276,15.87,11.66,264.51,33,-4.21,8,0.08,15.81,0.81,1,0.73472,22.685249,-0.26528,1
CUST_001021,21.9,24.66,485.41,9,2.76,227,0.97,21.14,1.04,0,1.126027,19.684104,0.126027,0
CUST_005749,26.64,67.39,1167.4,21,40.75,7,0.08,28.91,1.01,1,2.529655,17.323045,1.529655,1
CUST_003461,19.72,16.88,293.28,6,-2.84,180,0.93,18.9,0.82,1,0.855984,17.374408,-0.144016,0
CUST_006006,19.0,18.21,398.21,27,-0.79,10,0.01,20.35,0.89,0,0.958421,21.867655,-0.041579,1
CUST_002721,26.32,28.62,536.57,10,2.3,108,0.82,24.06,0.98,0,1.087386,18.748078,0.087386,0
CUST_000476,32.65,36.84,704.87,5,4.19,45,0.93,32.56,1.03,0,1.128331,19.133279,0.128331,0
CUST_004364,32.29,27.5,429.69,12,-4.78,15,0.87,34.25,0.94,0,0.851657,15.625091,-0.148033,0
CUST_008685,33.44,11.3,171.71,25,-22.14,2,0.13,28.7,0.84,3,0.337919,15.195575,-0.662081,1
CUST_003746,29.8,31.94,758.94,7,2.14,82,0.71,32.22,1.18,0,1.071812,23.761428,0.071812,0
CUST_005336,31.59,12.15,272.88,24,-19.45,11,0.47,33.86,1.0,1,0.384615,22.459259,-0.615701,1
CUST_001525,31.11,27.43,657.87,11,-3.68,149,0.86,32.55,0.83,0,0.88171,23.983595,-0.11829,0
CUST_005995,15.42,43.24,737.6,20,27.82,3,0.14,18.9,1.12,1,2.80415,17.058279,1.80415,1
CUST_003229,16.78,16.4,273.24,6,-0.38,63,0.51,17.24,1.12,0,0.977354,16.660976,-0.022646,0
CUST_004360,17.8,16.69,329.77,9,-1.11,85,0.75,19.07,0.95,0,0.93764,19.758538,-0.06236,0
CUST_008455,25.45,48.95,1139.65,16,23.5,2,0.53,25.79,0.87,1,1.923379,23.28192,0.923379,1
CUST_001537,21.39,16.84,334.76,11,-4.55,132,0.86,22.49,0.85,0,0.787284,19.87886,-0.212716,0
CUST_009405,23.05,21.47,404.84,48,-1.58,180,0.2,24.98,0.87,3,0.931453,18.856078,-0.068547,1
CUST_003299,18.48,20.17,375.28,10,1.69,29,0.68,20.04,0.95,0,1.09145,18.60585,0.09145,0
CUST_002138,24.66,17.92,397.19,8,-6.74,71,0.94,23.09,0.82,0,0.726683,22.164621,-0.273317,0
CUST_006469,36.84,62.08,1485.38,30,25.24,196,0.01,34.04,0.94,0,1.685125,23.926869,0.685125,1
CUST_002340,34.11,40.83,662.59,13,6.72,112,0.83,31.85,1.2,0,1.19701,16.228019,0.19701,0
CUST_002409,34.58,36.08,734.74,7,1.49,64,0.92,33.45,0.91,0,1.043378,20.364191,0.043088,0
CUST_006812,28.82,85.28,1786.83,29,56.46,186,0.46,30.18,1.18,1,2.959056,20.952509,1.959056,1
CUST_005409,21.38,8.82,143.06,29,-12.56,7,0.09,19.2,1.03,1,0.412535,16.219955,-0.587465,1
CUST_002515,20.62,16.96,259.49,9,-3.65,112,0.81,19.41,0.83,0,0.822502,15.300118,-0.177013,0
CUST_008545,32.77,28.18,524.93,31,-4.59,239,0.07,31.9,0.91,0,0.859933,18.62775,-0.140067,1
CUST_006961,22.48,10.64,130.72,38,-11.84,5,0.29,18.74,1.18,1,0.47331,12.285714,-0.52669,1
CUST_000053,28.03,25.26,401.8,10,-2.77,133,0.88,29.4,0.84,0,0.901177,15.906572,-0.098823,0
CUST_006153,18.79,6.6,100.07,33,-12.19,7,0.11,18.14,0.88,2,0.351251,15.162121,-0.648749,1
CUST_003328,31.34,32.38,747.98,5,1.03,55,0.87,33.07,0.97,0,1.033184,23.100062,0.032865,0
CUST_008057,26.5,78.51,1486.38,33,52.01,210,0.05,27.11,1.18,1,2.962642,18.932365,1.962642,1
CUST_006920,34.99,32.81,625.77,49,-2.19,11,0.2,34.32,0.92,0,0.937696,19.072539,-0.062589,1
CUST_004597,27.16,25.42,491.83,5,-1.74,187,0.99,29.99,1.02,0,0.935935,19.348151,-0.064065,0
CUST_002200,32.68,35.23,874.74,3,2.55,148,0.91,33.82,0.96,0,1.078029,24.829407,0.078029,0
CUST_005184,13.34,27.09,430.24,28,13.74,185,0.5,16.53,0.81,0,2.030735,15.881875,1.029985,1
CUST_009615,22.47,8.12,133.55,21,-14.35,7,0.51,21.78,1.03,2,0.361371,16.447044,-0.638629,1
CUST_005057,17.87,38.5,577.2,38,20.63,5,0.24,19.78,0.86,1,2.154449,14.992208,1.154449,1
CUST_003461,19.72,16.88,293.28,6,-2.84,180,0.93,18.9,0.82,1,0.855984,17.374408,-0.144016,0
CUST_004326,24.68,27.28,680.04,4,2.6,231,0.85,24.48,0.97,0,1.105348,24.928152,0.105348,0
CUST_003217,27.55,22.83,562.32,10,-4.73,58,0.96,26.98,0.82,0,0.828675,24.630749,-0.171688,0
CUST_007147,32.4,35.05,723.83,48,2.65,190,0.49,31.38,1.2,2,1.08179,20.651355,0.08179,1
CUST_006370,21.2,18.57,420.97,51,-2.62,9,0.06,21.43,0.91,0,0.875943,22.669359,-0.123585,1
CUST_002988,16.55,18.1,415.76,4,1.55,117,0.9,16.31,0.96,0,1.093656,22.970166,0.093656,0
CUST_002128,24.21,25.04,462.54,7,0.83,174,0.98,23.96,1.18,0,1.034283,18.472045,0.034283,0
CUST_008119,24.41,40.6,734.86,36,16.19,159,0.12,22.62,0.85,2,1.663253,18.1,0.663253,1
CUST_008961,19.57,32.16,490.63,24,12.59,124,0.09,20.07,1.11,0,1.643332,15.255908,0.643332,1
CUST_007916,15.85,15.16,249.29,25,-0.69,206,0.16,15.44,0.94,0,0.956467,16.443931,-0.043533,1
CUST_003473,25.68,25.56,620.39,4,-0.12,28,0.7,23.85,1.15,0,0.995327,24.271909,-0.004673,0
CUST_003475,21.52,24.15,419.9,3,2.63,46,0.98,21.31,1.09,0,1.122212,17.387164,0.122212,0
CUST_000647,16.77,13.55,216.86,14,-3.22,197,0.91,17.31,0.83,0,0.80799,16.004428,-0.19201,0
CUST_003287,21.5,20.43,439.96,7,-1.07,33,0.9,22.92,1.07,0,0.950233,21.534998,-0.049767,0
CUST_009762,34.19,48.99,827.3,20,14.8,143,0.13,32.74,1.2,1,1.432875,16.88712,0.432875,1
CUST_000673,29.55,32.32,768.89,8,2.77,153,0.8,31.75,1.15,0,1.093739,23.789913,0.093739,0
CUST_004679,17.9,14.74,245.56,7,-3.17,95,0.99,16.68,0.95,0,0.823464,16.65943,-0.177095,0
CUST_003855,26.89,28.52,502.1,4,1.62,199,0.72,29.16,1.01,0,1.060617,17.605189,0.060245,0
CUST_002151,29.78,28.92,599.04,11,-0.86,119,0.98,28.09,0.96,0,0.971122,20.713693,-0.028878,0
CUST_000590,26.18,29.66,642.42,6,3.47,174,0.88,27.79,1.0,0,1.132926,21.659474,0.132544,0
CUST_006450,25.75,70.75,1100.9,40,45.0,8,0.11,32.07,1.1,1,2.747573,15.560424,1.747573,1
CUST_006451,15.91,32.46,691.21,20,16.55,4,0.03,16.99,0.82,1,2.040226,21.294208,1.040226,1
CUST_002743,35.06,27.83,646.29,4,-7.23,131,0.83,32.33,0.82,0,0.793782,23.222781,-0.206218,0
CUST_004014,17.59,17.27,312.3,8,-0.32,238,0.95,17.32,0.93,0,0.981808,18.083382,-0.018192,0
CUST_001565,28.2,27.8,484.73,13,-0.4,61,0.94,28.98,0.94,0,0.985816,17.436331,-0.014184,0
CUST_006767,19.75,45.17,884.66,35,25.42,183,0.07,22.07,0.91,2,2.287089,19.585123,1.287089,1
CUST_001144,37.09,28.59,626.83,7,-8.5,94,0.86,34.47,0.83,1,0.770828,21.924799,-0.229172,0
CUST_000982,17.75,15.89,246.1,5,-1.87,232,0.9,19.01,0.91,0,0.895211,15.487728,-0.105352,0
CUST_002330,30.11,33.31,672.56,9,3.2,209,0.94,28.38,1.03,0,1.106277,20.190934,0.106277,0
CUST_007355,19.12,20.77,473.52,39,1.65,11,0.29,20.97,1.02,1,1.086297,22.798267,0.086297,1
CUST_002040,26.46,28.07,536.84,7,1.61,127,0.98,25.81,0.98,0,1.060847,19.125045,0.060847,0
CUST_002317,33.69,31.75,650.99,5,-1.95,214,0.97,31.43,0.89,0,0.942416,20.503622,-0.057881,0
CUST_009631,34.81,11.47,193.44,25,-23.34,6,0.03,28.77,0.82,1,0.329503,16.864865,-0.670497,1
CUST_004016,34.64,41.72,1032.93,8,7.08,42,0.96,33.48,1.16,0,1.204388,24.758629,0.204388,0
CUST_009760,26.85,28.78,595.8,34,1.93,2,0.19,27.16,0.99,0,1.071881,20.701876,0.071881,1
CUST_003108,28.5,20.51,374.24,4,-7.99,24,0.88,27.6,0.81,0,0.719649,18.246709,-0.280351,0
CUST_006744,25.59,8.41,107.05,16,-17.18,136,0.06,22.33,0.82,2,0.328644,12.728894,-0.671356,1
CUST_005465,35.77,31.08,744.65,37,-4.68,3,0.1,33.21,1.08,2,0.868885,23.959138,-0.130836,1
CUST_002976,31.35,34.04,681.78,6,2.68,100,0.86,31.26,0.97,0,1.085805,20.02879,0.085486,0
CUST_008319,18.6,29.13,542.82,18,10.53,8,0.03,17.08,0.84,0,1.566129,18.634398,0.566129,1
CUST_001074,35.25,24.88,497.08,16,-10.36,132,0.59,34.83,0.82,0,0.705816,19.9791,-0.293901,0
CUST_003418,15.67,17.33,299.14,4,1.66,198,0.84,16.95,1.14,0,1.105935,17.261396,0.105935,0
CUST_003640,28.35,27.38,675.01,5,-0.97,99,0.98,29.65,1.07,0,0.965785,24.653397,-0.034215,0
CUST_001501,25.09,25.47,394.45,8,0.38,124,0.97,27.88,0.93,0,1.015145,15.486847,0.015145,0
CUST_002954,29.76,28.84,596.87,6,-0.92,177,0.89,30.65,0.91,0,0.969086,20.695908,-0.030914,0
CUST_009105,23.74,8.09,117.84,18,-15.65,3,0.02,20.03,0.85,2,0.340775,14.566131,-0.659225,1
CUST_000625,16.0,13.17,250.33,6,-2.83,104,0.78,15.5,0.95,0,0.823125,19.007593,-0.176875,0
CUST_006420,19.5,49.36,669.61,30,29.86,1,0.03,22.12,1.01,0,2.531282,13.565843,1.531282,1
CUST_007801,21.59,52.22,942.61,23,30.62,150,0.4,25.57,0.97,1,2.418712,18.050747,1.418249,1
CUST_000590,26.18,29.66,642.42,6,3.47,174,0.88,27.79,1.0,0,1.132926,21.659474,0.132544,0
CUST_000620,27.18,28.29,511.99,9,1.11,155,0.76,30.08,0.98,0,1.040839,18.097914,0.040839,0
CUST_005319,28.61,13.4,180.46,23,-15.21,9,0.08,28.03,1.17,2,0.468368,13.467164,-0.531632,1
CUST_008137,30.91,28.46,463.79,42,-2.45,135,0.18,33.38,1.14,0,0.920738,16.296205,-0.079262,1
CUST_000289,37.33,33.36,627.97,6,-3.97,176,0.88,34.91,0.98,0,0.893651,18.824041,-0.106349,0
CUST_009480,22.11,45.23,683.73,15,23.12,221,0.14,27.04,0.82,1,2.045681,15.116737,1.045681,1
CUST_009653,27.13,60.68,1489.67,42,33.54,130,0.29,28.66,0.93,1,2.236638,24.549604,1.23627,1
CUST_008221,27.63,30.72,638.47,56,3.09,5,0.29,25.99,1.06,0,1.111835,20.783529,0.111835,1
CUST_001159,31.77,27.09,618.25,7,-4.68,192,0.81,34.86,0.95,0,0.852691,22.822075,-0.147309,0
CUST_008063,26.15,76.26,1407.12,19,50.1,136,0.03,29.52,1.17,1,2.916252,18.451613,1.91587,1
CUST_000121,32.79,38.45,739.17,8,5.66,156,0.95,30.32,1.12,0,1.172614,19.224187,0.172614,0
CUST_003020,25.14,23.71,507.96,9,-1.43,37,0.56,27.74,0.85,0,0.943119,21.423872,-0.056881,0
CUST_009525,16.55,46.81,878.23,32,30.26,10,0.18,19.22,1.13,1,2.828399,18.761589,1.828399,1
CUST_002114,31.19,34.64,526.98,6,3.45,32,0.62,33.1,0.99,0,1.110612,15.213048,0.110612,0
CUST_002643,21.31,24.91,373.78,8,3.6,52,0.87,23.14,1.05,0,1.168935,15.005219,0.168935,0
CUST_006367,22.8,8.3,116.33,41,-14.5,175,0.02,19.1,0.91,1,0.364035,14.015663,-0.635965,1
CUST_003133,18.46,18.42,457.57,11,-0.05,137,0.67,18.3,0.96,0,0.997833,24.840934,-0.002709,0
CUST_005243,18.15,25.91,478.33,25,7.77,181,0.15,19.45,1.15,0,1.427548,18.461212,0.428099,1
CUST_005353,31.31,43.49,976.27,24,12.18,9,0.18,32.25,1.08,3,1.389013,22.448149,0.389013,1
CUST_001222,19.12,24.63,411.01,7,5.51,231,0.74,17.52,1.14,0,1.28818,16.687373,0.28818,0
CUST_007006,27.99,76.76,1382.63,33,48.77,178,0.17,29.53,1.1,0,2.742408,18.012376,1.742408,1
CUST_003598,30.6,31.11,693.14,9,0.51,12,0.99,28.14,1.06,1,1.016667,22.280296,0.016667,0
CUST_000078,33.78,23.77,582.71,3,-10.01,48,0.92,33.73,0.82,0,0.703671,24.514514,-0.296329,0
CUST_004780,26.89,28.3,458.82,3,1.41,138,0.3,26.71,0.98,0,1.052436,16.212721,0.052436,0
CUST_007706,20.36,7.43,116.1,41,-12.93,4,0.07,19.37,0.91,3,0.364931,15.625841,-0.635069,1
CUST_003749,22.3,19.96,337.88,8,-2.34,218,0.85,23.08,0.99,0,0.895067,16.927856,-0.104933,0
CUST_001609,22.78,22.51,513.63,5,-0.27,164,0.74,22.14,1.08,0,0.988147,22.817859,-0.011853,0
CUST_003403,32.28,27.64,671.06,7,-4.65,126,0.84,32.95,1.0,0,0.856258,24.278582,-0.144052,0
CUST_005161,25.55,21.84,523.82,46,-3.72,169,0.18,24.1,0.92,0,0.854795,23.984432,-0.145597,1
CUST_002986,18.21,14.24,235.19,4,-3.96,62,0.81,19.14,0.88,0,0.781988,16.516152,-0.217463,0
CUST_002071,27.69,33.34,701.74,5,5.65,171,0.97,26.12,1.07,0,1.204045,21.04799,0.204045,0
CUST_007935,22.1,23.33,421.38,44,1.23,183,0.14,23.29,0.96,2,1.055656,18.061723,0.055656,1
CUST_008569,24.86,49.97,988.29,43,25.11,177,0.05,27.2,0.8,2,2.010056,19.777667,1.010056,1
CUST_008170,15.29,35.2,787.72,32,19.91,198,0.37,15.9,0.92,1,2.302158,22.378409,1.302158,1
CUST_000957,18.78,14.71,282.18,6,-4.07,126,0.95,18.94,0.88,0,0.78328,19.182869,-0.21672,0
CUST_007918,37.89,17.86,272.3,27,-20.02,6,0.05,31.37,1.18,0,0.471364,15.246361,-0.528372,1
CUST_006474,32.27,52.53,1280.22,18,20.26,2,0.16,34.51,1.19,0,1.627828,24.371216,0.627828,1
CUST_004444,22.54,25.56,512.4,9,3.01,45,0.37,20.8,1.18,0,1.133984,20.046948,0.13354,0
CUST_004997,22.64,20.74,446.16,13,-1.9,109,0.95,23.76,0.97,0,0.916078,21.512054,-0.083922,0
CUST_009517,23.27,22.09,478.04,25,-1.17,11,0.05,23.0,0.95,2,0.949291,21.640561,-0.050279,1
CUST_003700,19.43,18.52,432.35,8,-0.9,53,0.93,19.14,0.95,0,0.953165,23.345032,-0.04632,0
CUST_000117,19.24,25.68,633.47,7,6.44,38,0.94,20.54,1.19,0,1.334719,24.667835,0.334719,0
CUST_004211,17.17,22.89,359.09,8,5.72,125,0.89,15.92,1.17,0,1.333139,15.687637,0.333139,0
CUST_007924,28.7,25.48,417.52,28,-3.22,7,0.12,29.55,0.88,1,0.887805,16.386185,-0.112195,1
CUST_007786,21.43,7.02,102.91,16,-14.42,129,0.3,16.52,0.82,0,0.327578,14.659544,-0.672888,1
CUST_004319,27.91,23.87,436.67,7,-4.04,68,0.98,28.11,0.9,0,0.855249,18.293674,-0.144751,0
CUST_001458,17.03,20.47,391.7,5,3.45,166,0.96,16.99,1.18,0,1.201996,19.13532,0.202584,0
CUST_002783,21.25,17.2,417.57,9,-4.05,158,0.89,23.1,0.83,0,0.809412,24.277326,-0.190588,0
CUST_009085,19.89,52.49,1148.08,37,32.6,5,0.07,24.46,1.06,1,2.639015,21.872357,1.639015,1
CUST_003686,16.68,14.88,291.86,9,-1.8,122,0.91,16.51,0.91,0,0.892086,19.614247,-0.107914,0
CUST_005126,25.28,10.43,139.49,25,-14.85,191,0.01,21.18,1.03,2,0.412579,13.373921,-0.587421,1
CUST_004814,16.7,16.18,267.07,9,-0.52,231,0.86,16.31,1.02,0,0.968862,16.50618,-0.031138,0
CUST_007259,32.64,11.05,147.52,25,-21.59,8,0.34,25.75,0.85,1,0.338542,13.350226,-0.661458,1
CUST_009581,30.42,67.54,1359.43,17,37.11,1,0.06,30.96,0.89,1,2.22025,20.127776,1.219921,1
CUST_000192,29.12,26.15,575.13,5,-2.97,100,0.97,27.97,0.91,0,0.898008,21.993499,-0.101992,0
CUST_002367,21.78,22.61,563.81,12,0.83,16,0.45,20.53,0.95,0,1.038108,24.936311,0.038108,0
CUST_004078,30.47,25.85,628.89,6,-4.61,69,0.82,28.51,0.99,0,0.848375,24.328433,-0.151296,0
CUST_001921,22.26,21.93,398.47,7,-0.33,41,0.9,20.77,0.93,0,0.985175,18.170087,-0.014825,0
CUST_002410,17.78,21.17,451.26,6,3.39,104,0.96,16.93,1.11,0,1.190664,21.316013,0.190664,0
CUST_004286,24.53,26.55,589.64,9,2.02,145,0.78,23.92,1.1,0,1.082348,22.208663,0.082348,0
CUST_000820,20.1,26.47,413.53,6,6.37,237,0.9,20.02,1.17,0,1.316915,15.622592,0.316915,0
CUST_002647,19.16,15.91,384.4,5,-3.26,71,0.79,18.13,0.91,0,0.830376,24.160905,-0.170146,0
CUST_007992,20.2,19.93,338.03,54,-0.27,4,0.0,20.48,0.99,0,0.986634,16.960863,-0.013366,1
CUST_003559,27.32,29.81,566.98,10,2.49,31,0.62,24.96,0.99,0,1.091142,19.019792,0.091142,0
CUST_007477,35.8,14.22,197.38,32,-21.58,149,0.34,27.72,0.99,0,0.397207,13.88045,-0.602793,1
CUST_001020,24.92,24.85,566.53,7,-0.07,77,0.47,25.08,1.09,0,0.997191,22.797988,-0.002809,0
CUST_003136,27.06,26.68,401.28,8,-0.38,180,0.95,26.9,1.1,0,0.985957,15.04048,-0.014043,0
CUST_003423,17.26,22.21,385.48,4,4.96,13,0.97,16.65,1.2,1,1.28679,17.356146,0.28737,0
CUST_007484,19.31,6.72,100.0,28,-12.59,3,0.04,15.9,0.87,2,0.348006,14.880952,-0.651994,1
CUST_003099,35.87,31.68,477.63,5,-4.19,119,0.76,32.69,0.9,0,0.883189,15.076705,-0.116811,0
CUST_002434,20.45,20.12,393.79,6,-0.32,192,0.39,18.85,1.16,0,0.983863,19.572068,-0.015648,0
CUST_007133,21.46,47.84,1025.9,35,26.39,229,0.01,21.94,0.89,0,2.229264,21.444398,1.22973,1
CUST_003759,34.14,32.64,593.38,5,-1.5,41,0.56,32.5,1.12,0,0.956063,18.179534,-0.043937,0
CUST_000341,17.71,17.63,314.19,11,-0.07,28,0.87,18.69,1.0,0,0.995483,17.821327,-0.003953,0
CUST_003376,18.49,22.57,390.35,6,4.08,46,0.5,18.99,1.15,0,1.22066,17.295082,0.22066,0
CUST_007819,16.59,14.79,259.06,22,-1.8,131,0.24,18.1,0.98,2,0.891501,17.515889,-0.108499,1
CUST_001906,16.73,14.91,361.08,1,-1.82,214,0.92,17.0,0.86,0,0.891213,24.217304,-0.108787,0
CUST_006375,38.47,12.95,193.18,30,-25.53,124,0.01,32.32,0.84,0,0.336626,14.917375,-0.663634,1
CUST_001051,25.6,24.86,397.94,7,-0.74,71,0.79,24.78,0.92,0,0.971094,16.007241,-0.028906,0
CUST_004550,21.2,18.92,323.85,9,-2.28,24,0.86,23.19,0.81,0,0.892453,17.116808,-0.107547,0
CUST_003544,17.92,20.94,408.67,4,3.03,84,0.63,17.76,1.03,0,1.168527,19.516237,0.169085,0
CUST_008301,22.43,55.64,1114.12,20,33.21,3,0.16,24.28,0.99,1,2.480606,20.023724,1.480606,1
CUST_005932,13.24,27.45,476.08,37,14.21,129,0.05,15.6,0.83,0,2.073263,17.343534,1.073263,1
CUST_004369,25.32,20.62,349.18,5,-4.7,53,0.83,27.93,0.94,0,0.814376,16.934045,-0.185624,0
CUST_002717,32.67,32.78,774.88,6,0.12,230,0.96,32.03,0.89,0,1.003367,23.638804,0.003673,0
CUST_004874,21.23,18.08,415.69,5,-3.15,56,0.95,19.38,0.81,0,0.851625,22.991704,-0.148375,0
CUST_004104,26.4,24.47,436.85,10,-1.93,193,0.83,24.57,0.86,0,0.926894,17.852472,-0.073106,0
CUST_004113,30.37,37.39,575.29,9,7.02,82,0.93,32.85,1.14,0,1.231149,15.3862,0.231149,0
CUST_009068,22.19,38.67,694.65,39,16.48,123,0.02,22.02,0.89,0,1.742677,17.963538,0.742677,1
CUST_001418,21.93,24.09,371.04,8,2.16,45,0.88,23.28,1.13,0,1.098495,15.402242,0.098495,0
CUST_008843,23.27,47.6,955.75,16,24.32,149,0.01,24.25,0.82,2,2.045552,20.078782,1.045122,1
CUST_001230,19.54,17.63,416.24,9,-1.9,33,0.87,19.2,0.91,0,0.902252,23.609756,-0.097236,0
CUST_009090,31.59,68.98,1257.39,39,37.39,6,0.06,33.11,0.87,1,2.183602,18.228327,1.183602,1
CUST_005992,19.19,8.01,100.0,38,-11.17,142,0.54,17.34,1.04,0,0.417405,12.484395,-0.582074,1
CUST_005108,31.2,29.81,659.62,46,-1.39,7,0.2,34.17,0.88,1,0.955449,22.127474,-0.044551,1
CUST_000362,20.89,18.61,329.1,12,-2.28,119,0.72,22.13,0.9,0,0.890857,17.684041,-0.109143,0
CUST_005235,22.99,61.7,1077.07,37,38.72,8,0.15,25.93,1.07,1,2.683776,17.456564,1.684211,1
CUST_004732,29.36,26.18,566.78,11,-3.19,160,0.45,29.99,1.03,0,0.891689,21.649351,-0.108651,0
CUST_004855,24.47,22.65,349.74,8,-1.83,189,0.79,23.56,0.92,0,0.925623,15.44106,-0.074785,0
CUST_001468,32.0,36.58,797.92,9,4.58,126,0.97,29.44,1.18,0,1.143125,21.813013,0.143125,0
CUST_001943,28.48,30.9,587.59,3,2.42,42,0.94,30.05,1.1,0,1.084972,19.015858,0.084972,0
CUST_004555,17.96,18.52,446.68,5,0.55,152,0.79,17.29,0.98,0,1.03118,24.11879,0.030624,0
CUST_001338,19.98,24.35,429.48,7,4.37,205,0.65,20.78,1.06,0,1.218719,17.637782,0.218719,0
CUST_002254,28.7,24.76,380.08,7,-3.94,102,0.92,31.12,0.81,0,0.862718,15.350565,-0.137282,0
CUST_002491,34.45,36.35,751.32,4,1.89,191,0.96,33.98,1.1,0,1.055152,20.669051,0.054862,0
CUST_002565,22.35,20.3,356.62,8,-2.04,187,0.94,21.77,0.83,0,0.908277,17.567488,-0.091275,0
CUST_007421,29.43,10.44,160.71,28,-18.98,4,0.05,22.84,0.89,2,0.35474,15.393678,-0.64492,1
CUST_002758,25.01,28.85,505.63,10,3.84,28,0.99,27.0,1.16,0,1.153539,17.52617,0.153539,0
CUST_006016,26.76,39.07,698.29,41,12.31,3,0.08,25.92,0.93,1,1.460015,17.872792,0.460015,1
CUST_002979,21.29,18.46,406.1,7,-2.83,140,0.78,20.59,0.86,0,0.867074,21.998917,-0.132926,0
CUST_004179,30.7,34.52,833.67,6,3.82,14,0.96,29.8,1.13,0,1.12443,24.150348,0.12443,0
CUST_002239,24.04,29.27,556.01,7,5.24,95,0.98,23.35,1.07,0,1.217554,18.9959,0.21797,0
CUST_001289,15.12,14.11,276.57,5,-1.01,74,0.85,16.73,0.94,0,0.933201,19.600992,-0.066799,0
CUST_006730,25.63,41.52,951.83,36,15.89,1,0.58,25.0,0.82,1,1.619977,22.924615,0.619977,1
CUST_003977,23.22,22.2,420.09,6,-1.02,121,0.87,25.38,0.94,0,0.956072,18.922973,-0.043928,0
CUST_008575,19.42,8.41,126.04,29,-11.02,233,0.15,18.08,1.08,2,0.433059,14.98692,-0.567456,1
CUST_004305,16.83,12.77,258.56,6,-4.06,53,0.89,17.87,0.87,0,0.758764,20.247455,-0.241236,0
CUST_001182,14.81,13.52,283.12,7,-1.29,23,0.92,15.23,0.92,0,0.912897,20.940828,-0.087103,0
CUST_004376,18.49,15.7,240.94,7,-2.79,190,0.95,17.31,0.81,0,0.849108,15.346497,-0.150892,0
CUST_002405,22.98,29.73,708.41,9,6.75,198,1.0,23.3,1.15,0,1.293734,23.82812,0.293734,0
CUST_001090,24.82,19.44,419.98,6,-5.38,83,0.97,26.23,0.8,1,0.783239,21.603909,-0.216761,0
CUST_004788,24.11,30.29,619.8,5,6.18,126,0.58,25.98,1.14,0,1.256325,20.462199,0.256325,0
CUST_009886,24.21,19.97,459.49,33,-4.25,158,0.09,25.59,0.89,3,0.824866,23.009014,-0.175547,1
CUST_004745,32.56,30.76,727.95,11,-1.8,182,0.71,30.18,0.88,0,0.944717,23.665475,-0.055283,0
CUST_000252,33.84,39.21,805.84,5,5.37,188,0.9,32.23,1.03,0,1.158688,20.5519,0.158688,0
CUST_006839,35.11,13.52,158.66,38,-21.59,3,0.08,31.89,0.96,1,0.385075,11.735207,-0.614925,1
CUST_008642,24.49,51.07,1000.31,36,26.59,204,0.06,26.64,1.17,0,2.085341,19.587037,1.085749,1
CUST_005132,20.59,44.72,725.38,28,24.13,219,0.22,21.18,0.87,2,2.171928,16.220483,1.171928,1
CUST_008755,30.62,75.24,1380.33,40,44.61,8,0.21,27.84,0.96,2,2.457218,18.345694,1.456891,1
CUST_008280,24.81,60.56,862.1,41,35.76,7,0.11,27.69,0.98,1,2.440951,14.235469,1.441354,1
CUST_004760,36.45,33.59,532.0,5,-2.86,68,0.98,33.62,0.87,0,0.921536,15.838047,-0.078464,0
CUST_000321,28.4,33.36,760.92,11,4.96,111,1.0,28.65,1.05,0,1.174648,22.809353,0.174648,0
CUST_005294,28.87,61.2,855.1,29,32.33,192,0.08,30.19,0.85,1,2.119848,13.972222,1.119848,1
CUST_004226,18.35,20.23,334.75,4,1.87,200,0.99,17.96,1.13,0,1.102452,16.547207,0.101907,0
CUST_002095,30.73,37.99,946.92,8,7.26,118,0.95,31.32,1.2,0,1.236251,24.925507,0.236251,0
CUST_002949,19.25,20.75,501.37,10,1.5,141,0.89,20.13,0.98,0,1.077922,24.16241,0.077922,0
CUST_001649,22.44,16.54,378.53,8,-5.9,62,0.98,24.31,0.86,0,0.737077,22.885732,-0.262923,0
CUST_000393,29.62,27.26,663.29,5,-2.35,121,0.77,27.34,0.8,0,0.920324,24.331988,-0.079338,0
CUST_006381,34.73,36.68,850.11,51,1.95,11,0.08,33.84,1.15,0,1.056147,23.17639,0.056147,1
CUST_003942,21.86,18.25,355.31,6,-3.61,178,0.98,22.77,0.97,0,0.834858,19.469041,-0.165142,0
CUST_007723,27.95,73.98,1019.26,17,46.02,10,0.29,34.29,1.06,1,2.646869,13.777507,1.646512,1
CUST_005053,27.41,9.54,151.61,43,-17.86,187,0.06,26.61,0.87,1,0.348048,15.892034,-0.651587,1
CUST_009962,19.85,36.41,693.62,18,16.56,4,0.03,20.53,1.1,1,1.834257,19.050261,0.834257,1
CUST_000843,34.14,32.72,635.35,9,-1.41,25,0.7,31.39,1.08,0,0.958407,19.417787,-0.041301,0
CUST_005742,23.04,10.53,173.49,20,-12.52,188,0.27,20.0,1.14,3,0.457031,16.475783,-0.543403,1
CUST_000966,29.29,33.42,594.93,7,4.13,57,0.76,29.65,1.08,0,1.141004,17.801616,0.141004,0
CUST_000315,24.3,18.43,285.48,4,-5.87,104,0.85,25.93,0.84,0,0.758436,15.489962,-0.241564,0
CUST_006345,22.01,25.24,561.56,47,3.24,131,0.17,22.8,1.1,1,1.146751,22.248811,0.147206,1
CUST_007622,23.5,7.81,108.93,21,-15.69,142,0.07,20.8,0.83,0,0.33234,13.947503,-0.66766,1
CUST_009297,29.96,71.46,1311.44,41,41.5,155,0.14,31.58,0.95,1,2.38518,18.352085,1.38518,1
CUST_008181,36.6,30.56,718.7,27,-6.05,189,0.03,34.77,0.83,0,0.834973,23.51767,-0.165301,1
CUST_000438,32.92,35.88,769.86,4,2.96,73,0.94,31.77,0.99,0,1.089915,21.456522,0.089915,0
CUST_001078,17.05,15.86,247.14,7,-1.19,138,0.48,18.82,1.06,0,0.930205,15.582598,-0.069795,0
CUST_001257,33.28,27.24,440.36,12,-6.03,50,0.79,33.77,0.92,0,0.81851,16.165932,-0.18119,0
CUST_007716,23.98,55.46,1061.21,21,31.48,210,0.14,26.68,0.93,0,2.312761,19.134692,1.312761,1
CUST_004813,29.5,35.21,877.6,8,5.71,35,0.89,30.52,1.04,0,1.193559,24.924737,0.193559,0
CUST_001612,32.57,35.63,635.5,8,3.07,65,0.96,31.55,1.07,0,1.093951,17.836093,0.094259,0
CUST_009947,25.41,32.98,728.05,44,7.57,136,0.23,27.17,1.19,0,1.297914,22.0755,0.297914,1
CUST_001490,22.85,21.36,347.78,11,-1.49,184,0.84,24.47,0.88,0,0.934792,16.281835,-0.065208,0
CUST_003179,25.56,25.6,552.77,8,0.03,207,0.99,25.47,1.11,0,1.001565,21.592578,0.001174,0
CUST_000007,29.15,24.79,593.02,8,-4.36,107,0.93,27.73,0.93,0,0.850429,23.921743,-0.149571,0
CUST_002850,18.87,19.28,338.46,3,0.41,228,0.99,19.36,1.09,0,1.021728,17.554979,0.021728,0
CUST_009396,32.8,14.61,252.19,15,-18.19,3,0.17,25.45,1.11,1,0.445427,17.261465,-0.554573,1
CUST_009559,16.83,16.4,376.33,32,-0.43,8,0.01,15.51,0.89,1,0.97445,22.946951,-0.02555,1
CUST_005712,24.68,62.86,887.21,15,38.17,8,0.06,28.68,1.02,0,2.547002,14.114063,1.546596,1
CUST_009017,31.76,90.12,1373.63,25,58.36,140,0.17,33.38,1.13,3,2.837531,15.242233,1.837531,1
CUST_001538,20.73,19.32,348.52,8,-1.41,216,0.85,19.25,1.04,0,0.931983,18.039337,-0.068017,0
CUST_006757,34.95,71.29,1560.28,26,36.35,1,0.2,33.34,1.11,0,2.039771,21.88638,1.040057,1
CUST_004975,36.53,26.8,410.54,6,-9.73,20,0.94,33.51,0.83,0,0.733644,15.318657,-0.266356,0
CUST_001385,23.34,19.79,366.76,7,-3.55,139,0.86,25.15,0.81,0,0.847901,18.532592,-0.152099,0
CUST_000675,22.13,24.51,477.13,10,2.38,124,0.75,23.47,1.17,0,1.107546,19.466748,0.107546,0
CUST_001344,16.26,11.66,283.1,9,-4.61,52,0.32,17.64,0.81,0,0.717097,24.279588,-0.283518,0
CUST_000062,27.23,24.5,368.8,5,-2.72,131,0.67,29.96,0.81,0,0.899743,15.053061,-0.09989,0
CUST_006564,14.07,35.54,529.27,37,21.47,8,0.47,17.23,1.01,1,2.525942,14.892234,1.525942,1
CUST_002119,31.0,24.12,584.25,6,-6.88,105,0.79,30.75,0.89,0,0.778065,24.222637,-0.221935,0
CUST_000534,30.05,30.16,685.27,3,0.1,163,0.95,30.82,1.0,0,1.003661,22.721154,0.003328,0
CUST_002583,30.34,27.21,584.09,10,-3.13,124,0.77,29.8,0.97,0,0.896836,21.466005,-0.103164,0
CUST_001782,17.58,20.44,428.42,5,2.85,71,0.96,19.21,1.13,0,1.162685,20.959883,0.162116,0
CUST_007691,19.27,8.23,125.53,28,-11.04,220,0.17,18.34,1.07,1,0.427089,15.252734,-0.572911,1
CUST_008288,26.74,9.07,101.5,35,-17.67,171,0.77,25.3,0.85,0,0.339192,11.190739,-0.660808,1
CUST_002947,22.08,21.62,336.7,10,-0.46,76,0.87,22.43,0.9,0,0.979167,15.573543,-0.020833,0
CUST_002257,34.9,33.72,740.69,9,-1.18,140,0.92,34.7,1.12,0,0.966189,21.965896,-0.033811,0
CUST_009685,25.56,31.14,475.06,28,5.58,218,0.11,26.85,0.85,0,1.21831,15.25562,0.21831,1
CUST_008631,20.76,8.77,118.98,34,-11.99,6,0.54,19.17,1.06,1,0.422447,13.566705,-0.577553,1
CUST_000823,32.39,33.26,561.45,9,0.87,57,0.59,31.6,1.06,0,1.02686,16.880637,0.02686,0
CUST_008770,29.68,71.79,1436.22,25,42.11,4,0.28,30.17,0.97,1,2.418801,20.00585,1.418801,1
CUST_004513,36.19,36.58,837.09,9,0.39,136,0.92,34.82,1.01,0,1.010776,22.883816,0.010776,0
CUST_000080,32.34,29.16,627.37,8,-3.18,113,0.86,32.36,0.87,0,0.90167,21.514746,-0.09833,0
CUST_002835,30.93,29.91,515.85,3,-1.02,215,0.8,28.39,0.88,0,0.967022,17.24674,-0.032978,0
CUST_001842,25.42,26.28,565.89,9,0.86,73,0.89,25.38,0.94,1,1.033832,21.533105,0.033832,0
CUST_004197,33.74,33.61,565.27,6,-0.13,73,0.68,34.2,1.01,0,0.996147,16.818506,-0.003853,0
CUST_001339,30.41,29.15,562.92,11,-1.27,145,0.99,32.98,0.88,0,0.958566,19.311149,-0.041763,0
CUST_008537,26.63,14.25,291.26,26,-12.38,200,0.12,28.72,1.12,0,0.535111,20.439298,-0.464889,1
CUST_001468,32.0,36.58,797.92,9,4.58,126,0.97,29.44,1.18,0,1.143125,21.813013,0.143125,0
CUST_001450,26.24,26.38,544.28,7,0.14,87,0.85,27.65,1.16,0,1.005335,20.632297,0.005335,0
CUST_001627,31.92,24.68,591.51,7,-7.23,71,0.66,29.87,0.9,1,0.773183,23.96718,-0.226504,0
CUST_004662,15.41,12.52,226.75,7,-2.89,173,0.89,15.71,0.82,0,0.812459,18.111022,-0.187541,0
CUST_007388,24.1,60.52,880.43,18,36.42,9,0.33,26.61,1.0,1,2.511203,14.547753,1.511203,1
CUST_000002,23.66,21.58,454.76,6,-2.08,69,0.9,25.5,0.97,0,0.912088,21.073216,-0.087912,0
CUST_009813,26.27,8.36,130.65,39,-17.92,9,0.06,24.43,1.17,0,0.318234,15.62799,-0.682147,1
CUST_008969,26.51,46.35,789.35,36,19.84,8,0.05,25.63,0.94,0,1.748397,17.030205,0.748397,1
CUST_009774,27.6,68.14,1311.44,22,40.53,220,0.33,26.35,1.13,1,2.468841,19.246258,1.468478,1
CUST_003093,23.18,24.79,513.83,11,1.62,185,0.9,24.56,1.06,0,1.069456,20.727309,0.069888,0
CUST_001886,15.3,13.1,297.04,11,-2.2,50,0.82,15.13,0.8,0,0.856209,22.674809,-0.143791,0
CUST_000106,21.5,21.92,399.44,4,0.42,68,0.98,22.75,0.96,0,1.019535,18.222628,0.019535,0
CUST_008674,20.52,25.4,505.52,51,4.88,143,0.4,19.66,1.18,0,1.237817,19.902362,0.237817,1
CUST_000366,27.35,22.95,403.56,10,-4.4,81,0.78,24.99,0.82,0,0.839122,17.584314,-0.160878,0
CUST_000824,22.73,21.73,536.91,6,-1.0,32,0.79,20.8,0.87,0,0.956005,24.708237,-0.043995,0
CUST_008179,30.83,85.95,1793.33,34,55.13,9,0.11,33.61,1.12,0,2.787869,20.864805,1.788193,1
CUST_001655,28.03,26.98,649.88,11,-1.05,48,0.88,26.44,1.03,0,0.96254,24.087472,-0.03746,0
CUST_004507,24.01,26.36,472.0,12,2.35,213,0.96,25.58,1.13,0,1.097876,17.905918,0.097876,0
CUST_002596,24.88,18.62,300.79,5,-6.26,51,0.92,25.24,0.85,0,0.748392,16.154135,-0.251608,0
CUST_002935,23.09,23.12,515.52,6,0.03,168,0.95,22.53,0.97,0,1.001299,22.297578,0.001299,0
CUST_004502,15.09,15.19,378.1,7,0.1,90,0.83,15.47,1.06,0,1.006627,24.891376,0.006627,0
CUST_000929,34.81,41.71,688.2,7,6.9,182,0.93,34.69,1.09,0,1.198219,16.49964,0.198219,0
CUST_000982,17.75,15.89,246.1,5,-1.87,232,0.9,19.01,0.91,0,0.895211,15.487728,-0.105352,0
CUST_007255,27.86,19.96,494.51,20,-7.91,11,0.46,28.61,0.99,1,0.716439,24.77505,-0.28392,1
CUST_005653,26.68,33.75,584.56,44,7.07,11,0.31,24.7,1.17,1,1.264993,17.320296,0.264993,1
CUST_004944,22.41,19.01,345.81,7,-3.4,178,0.98,21.61,0.9,0,0.848282,18.190952,-0.151718,0
CUST_000199,31.08,29.59,696.62,13,-1.49,238,0.7,30.99,0.85,0,0.952059,23.542413,-0.047941,0
CUST_000124,22.26,20.13,494.25,4,-2.14,169,0.95,23.58,0.91,0,0.904313,24.552906,-0.096137,0
CUST_009195,21.88,8.98,113.41,41,-12.9,236,0.07,19.94,1.03,2,0.41042,12.629176,-0.58958,1
CUST_001280,20.03,22.15,541.27,7,2.12,223,0.64,20.45,1.2,0,1.105841,24.436569,0.105841,0
CUST_004625,28.6,29.72,464.95,9,1.13,80,0.91,26.27,1.02,0,1.039161,15.644347,0.03951,0
CUST_001511,20.3,16.09,361.69,6,-4.22,165,0.8,19.32,0.92,0,0.792611,22.47918,-0.207882,0
CUST_006353,25.72,11.34,155.73,15,-14.38,10,0.05,22.87,1.1,2,0.440902,13.732804,-0.559098,1
CUST_002598,23.43,27.43,482.63,5,4.0,214,0.81,24.8,1.05,0,1.170721,17.594969,0.170721,0
CUST_005694,20.14,7.11,162.24,30,-13.03,9,0.11,18.75,0.96,2,0.353029,22.818565,-0.646971,1
CUST_004686,32.51,34.03,780.73,9,1.51,41,0.61,31.84,1.16,0,1.046755,22.942404,0.046447,0
CUST_002743,35.06,27.83,646.29,4,-7.23,131,0.83,32.33,0.82,0,0.793782,23.222781,-0.206218,0
CUST_007854,34.48,30.92,490.7,39,-3.56,5,0.03,31.63,1.13,1,0.896752,15.869987,-0.103248,1
CUST_000637,20.05,21.12,320.6,11,1.07,201,0.82,18.86,1.05,0,1.053367,15.179924,0.053367,0
CUST_004196,25.32,26.75,473.52,5,1.43,179,0.97,24.14,1.1,0,1.056477,17.701682,0.056477,0
CUST_002653,22.45,22.44,476.65,9,-0.02,182,0.94,21.38,1.16,0,0.999555,21.241087,-0.000891,0
CUST_006620,17.11,16.54,386.19,52,-0.57,7,0.31,18.63,0.93,1,0.966686,23.348851,-0.033314,1
CUST_000810,29.01,27.06,667.94,9,-1.95,216,0.94,26.76,0.89,0,0.932782,24.683666,-0.067218,0
CUST_004724,21.22,16.48,326.29,10,-4.74,164,0.6,21.88,0.82,0,0.776626,19.79915,-0.223374,0
CUST_000888,32.33,41.1,765.03,7,8.77,216,0.96,30.44,1.18,0,1.271265,18.613869,0.271265,0
CUST_003278,20.16,16.22,361.82,10,-3.95,131,0.74,19.48,0.82,0,0.804563,22.307028,-0.195933,0
CUST_000839,21.51,19.47,379.2,9,-2.04,236,0.95,22.51,1.0,0,0.90516,19.476117,-0.09484,0
CUST_001311,26.95,21.98,546.18,12,-4.96,95,0.87,25.49,0.95,0,0.815584,24.848954,-0.184045,0
CUST_007470,30.18,32.8,750.38,29,2.62,8,0.01,31.68,1.05,1,1.086812,22.877439,0.086812,1
CUST_006277,31.03,40.8,806.06,34,9.76,4,0.13,28.83,1.14,1,1.314857,19.756373,0.314534,1
CUST_004769,30.51,31.93,733.65,11,1.42,100,0.79,32.81,0.91,0,1.046542,22.976824,0.046542,0
CUST_002232,34.41,39.32,634.64,6,4.91,239,0.9,34.44,1.06,0,1.142691,16.140387,0.142691,0
CUST_008663,32.58,34.95,685.49,46,2.37,5,0.18,31.32,1.07,1,1.072744,19.613448,0.072744,1
CUST_000346,26.72,21.19,346.52,5,-5.54,217,0.92,26.23,0.87,0,0.793039,16.352997,-0.207335,0
CUST_003071,32.34,29.16,505.14,9,-3.18,191,0.88,31.73,0.96,0,0.90167,17.323045,-0.09833,0
CUST_007885,14.81,36.43,725.74,19,21.62,9,0.12,17.34,0.98,1,2.459824,19.921493,1.459824,1
CUST_002650,34.89,32.85,544.93,6,-2.04,194,0.95,33.64,1.0,0,0.941531,16.588432,-0.058469,0
CUST_003400,15.42,13.1,247.91,12,-2.32,114,0.55,15.26,0.94,0,0.849546,18.924427,-0.150454,0
CUST_006405,16.61,36.86,882.38,16,20.25,2,0.36,15.65,1.04,0,2.219145,23.938687,1.219145,1
CUST_009499,40.43,18.06,283.52,16,-22.37,162,0.22,34.91,1.12,2,0.446698,15.698782,-0.553302,1
CUST_000287,18.35,13.34,313.62,7,-5.01,16,0.94,18.29,0.83,0,0.726975,23.509745,-0.273025,0
CUST_008646,18.18,44.28,758.79,31,26.1,3,0.02,20.88,0.97,0,2.435644,17.136179,1.435644,1
CUST_002407,21.38,23.21,490.93,4,1.84,216,0.43,20.5,0.99,0,1.085594,21.151659,0.086062,0
CUST_003193,23.83,20.74,350.4,9,-3.09,96,0.96,22.07,0.9,0,0.870332,16.894889,-0.129668,0
CUST_003469,16.77,12.71,245.65,6,-4.05,207,0.87,18.61,0.81,0,0.757901,19.327301,-0.241503,0
CUST_003923,35.52,29.97,574.24,6,-5.55,154,0.7,32.87,0.9,0,0.84375,19.160494,-0.15625,0
CUST_001800,19.11,16.12,349.55,7,-2.99,116,0.97,20.33,0.96,0,0.843537,21.684243,-0.156463,0
CUST_007502,24.05,39.96,674.39,25,15.9,221,0.18,24.83,0.93,1,1.661538,16.876627,0.661123,1
CUST_006410,19.21,28.58,655.49,22,9.37,238,0.18,20.96,0.93,2,1.487767,22.935269,0.487767,1
CUST_001521,23.01,23.31,355.59,5,0.3,116,0.97,25.32,1.19,0,1.013038,15.254826,0.013038,0
CUST_004269,18.44,17.86,430.74,10,-0.58,139,0.76,16.87,1.02,0,0.968547,24.117581,-0.031453,0
CUST_000850,31.18,26.14,646.89,7,-5.04,90,0.93,33.33,0.89,0,0.838358,24.747131,-0.161642,0
CUST_000479,23.19,25.74,550.92,9,2.55,113,0.9,23.06,1.16,0,1.109961,21.403263,0.109961,0
CUST_009141,24.28,19.12,331.82,44,-5.16,7,0.23,23.44,0.8,1,0.787479,17.354603,-0.212521,1
CUST_009143,16.75,20.95,343.88,55,4.21,133,0.23,17.76,1.18,0,1.250746,16.41432,0.251343,1
CUST_000760,21.5,22.06,394.05,5,0.56,18,0.52,19.99,1.04,1,1.026047,17.862647,0.026047,0
CUST_001281,19.64,19.5,371.35,4,-0.15,195,0.57,19.3,0.91,0,0.992872,19.04359,-0.007637,0
CUST_006785,19.72,42.76,856.5,39,23.03,6,0.01,21.85,0.87,1,2.168357,20.030402,1.16785,1
CUST_004421,24.77,31.9,742.59,8,7.13,40,0.78,24.45,1.16,0,1.287848,23.278683,0.287848,0
CUST_002029,23.32,31.02,502.16,6,7.7,30,0.98,24.55,1.18,0,1.330189,16.188266,0.330189,0
CUST_000505,26.72,23.79,381.1,8,-2.93,187,0.87,25.47,0.82,0,0.890344,16.019336,-0.109656,0
CUST_006507,15.72,15.88,290.78,20,0.16,9,0.27,16.76,1.04,1,1.010178,18.311083,0.010178,1
CUST_004725,30.82,35.44,689.93,6,4.62,104,0.79,30.13,1.0,0,1.149903,19.467551,0.149903,0
CUST_009651,21.09,55.99,927.31,38,34.9,5,0.22,24.14,1.06,0,2.654813,16.562065,1.654813,1
CUST_004228,19.95,17.31,338.83,8,-2.64,126,0.36,21.05,0.94,1,0.867669,19.574235,-0.132331,0
CUST_008556,39.23,13.19,189.28,17,-26.04,204,0.28,33.2,0.84,0,0.336222,14.350265,-0.663778,1
CUST_002891,23.03,21.42,348.27,5,-1.61,23,0.91,24.71,1.01,0,0.930091,16.259104,-0.069909,0
CUST_003173,29.28,35.41,533.55,8,6.14,149,0.93,26.65,1.12,0,1.209358,15.067777,0.209699,0
CUST_002717,32.67,32.78,774.88,6,0.12,230,0.96,32.03,0.89,0,1.003367,23.638804,0.003673,0
CUST_003765,33.28,34.07,651.64,8,0.79,238,0.94,30.8,1.02,1,1.023738,19.126504,0.023738,0
CUST_005792,28.16,66.78,1275.53,38,38.62,1,0.08,26.31,1.13,1,2.371449,19.100479,1.371449,1
CUST_006414,15.33,32.09,444.78,32,16.75,187,0.17,18.1,0.84,1,2.093281,13.860393,1.092629,1
CUST_001493,33.81,35.41,747.2,8,1.6,89,0.86,33.12,1.01,0,1.047323,21.101384,0.047323,0
CUST_004338,15.82,11.59,184.01,3,-4.24,156,0.86,15.67,0.84,0,0.732617,15.876618,-0.268015,0
CUST_008587,21.55,51.05,1058.2,24,29.51,3,0.31,25.55,0.95,0,2.36891,20.728697,1.369374,1
CUST_002101,29.04,28.89,661.89,4,-0.15,169,0.91,31.62,0.91,0,0.994835,22.910696,-0.005165,0
CUST_002215,29.59,28.78,671.41,11,-0.81,27,0.73,31.92,1.03,0,0.972626,23.329048,-0.027374,0
CUST_001777,30.43,26.25,467.06,8,-4.18,26,0.91,28.73,0.87,0,0.862636,17.792762,-0.137364,0
CUST_005388,28.14,26.43,402.24,28,-1.71,2,0.19,26.0,0.88,0,0.939232,15.219069,-0.060768,1
CUST_004370,22.42,18.66,425.55,9,-3.76,131,0.88,21.61,0.89,0,0.832293,22.805466,-0.167707,0
CUST_004892,22.11,18.98,362.62,8,-3.13,57,0.94,21.42,0.89,0,0.858435,19.105374,-0.141565,0
CUST_004049,28.13,28.41,426.37,4,0.28,47,0.81,27.68,1.09,0,1.009954,15.007744,0.009954,0
CUST_002265,32.38,43.14,748.83,5,10.76,172,0.93,32.56,1.17,0,1.332304,17.358136,0.332304,0
CUST_005093,34.76,45.21,996.92,41,10.45,9,0.01,31.74,1.08,0,1.300633,22.050874,0.300633,1
CUST_006654,14.28,30.3,439.88,40,16.01,8,0.17,16.27,0.85,0,2.121849,14.517492,1.121148,1
CUST_009746,29.58,83.28,1147.75,27,53.7,11,0.13,32.62,1.13,2,2.815416,13.78182,1.815416,1
CUST_004948,25.5,28.52,536.86,3,3.03,62,0.96,28.15,0.99,0,1.118431,18.823983,0.118824,0
CUST_005672,18.57,7.66,100.0,33,-10.91,236,0.09,15.32,1.03,1,0.412493,13.05483,-0.587507,1
CUST_001929,32.71,27.55,438.7,5,-5.16,159,0.89,31.86,0.81,0,0.84225,15.923775,-0.15775,0
CUST_003553,23.5,28.94,511.2,7,5.44,81,0.9,22.97,1.17,1,1.231489,17.664133,0.231489,0
CUST_004629,27.76,27.75,691.06,3,-0.01,203,0.65,26.55,1.02,0,0.99964,24.903063,-0.00036,0
CUST_004818,32.24,34.52,826.11,4,2.28,26,0.9,29.69,0.97,0,1.07072,23.931344,0.07072,0
CUST_009150,25.95,61.32,1378.77,28,35.38,230,0.18,29.62,0.95,1,2.363006,22.484834,1.363391,1
CUST_009975,30.27,13.36,233.08,38,-16.91,3,0.04,25.75,1.1,0,0.441361,17.446108,-0.558639,1
CUST_007378,27.25,25.65,553.46,29,-1.59,9,0.07,24.83,0.86,3,0.941284,21.577388,-0.058349,1
CUST_004797,27.52,20.11,398.24,7,-7.41,123,0.84,25.88,0.82,0,0.730741,19.803083,-0.269259,0
CUST_008910,22.92,49.52,949.78,18,26.6,9,0.12,25.69,0.86,3,2.160558,19.179725,1.160558,1
CUST_004781,31.35,31.21,687.35,6,-0.13,188,0.75,34.44,0.99,0,0.995534,22.02339,-0.004147,0
CUST_000842,27.02,26.23,400.59,6,-0.79,69,0.73,27.19,0.88,0,0.970762,15.272207,-0.029238,0
CUST_005655,15.74,18.22,334.44,55,2.48,1,0.06,15.78,1.11,1,1.15756,18.355653,0.15756,1
CUST_002122,27.89,23.18,576.11,7,-4.71,14,0.86,29.88,0.96,0,0.831122,24.853753,-0.168878,0
CUST_001296,28.3,26.58,610.77,3,-1.73,213,0.82,31.39,0.88,0,0.939223,22.978555,-0.061131,0
CUST_005208,36.38,16.66,193.02,32,-19.73,4,0.33,32.36,1.14,0,0.457944,11.585834,-0.542331,1
CUST_009095,17.17,14.78,310.33,31,-2.39,4,0.22,16.49,0.95,0,0.860804,20.996617,-0.139196,1
CUST_000169,29.86,27.68,683.8,6,-2.18,95,0.92,28.43,1.05,0,0.926993,24.703757,-0.073007,0
CUST_003988,16.56,15.67,390.03,5,-0.89,133,0.82,17.26,0.92,0,0.946256,24.890236,-0.053744,0
CUST_004332,33.63,34.25,682.52,13,0.62,107,0.65,30.66,1.06,0,1.018436,19.927591,0.018436,0
CUST_009579,33.55,17.54,409.55,27,-16.01,135,0.04,34.13,0.91,0,0.522802,23.349487,-0.477198,1
CUST_004054,28.42,31.44,627.54,11,3.02,53,0.8,31.42,1.1,0,1.106263,19.959924,0.106263,0
CUST_003740,27.14,27.03,511.49,10,-0.11,214,0.74,28.16,0.89,0,0.995947,18.923048,-0.004053,0
CUST_005588,23.19,49.84,1022.29,34,26.65,3,0.19,27.83,0.86,1,2.149202,20.511437,1.149202,1
CUST_004754,25.93,24.79,488.23,8,-1.14,176,0.6,24.16,1.06,0,0.956035,19.694635,-0.043965,0
CUST_004837,32.01,25.55,510.35,7,-6.46,128,0.99,29.19,0.94,0,0.798188,19.97456,-0.201812,0
CUST_006794,26.28,74.62,1324.04,44,48.33,234,0.01,30.24,1.14,1,2.839422,17.743768,1.839041,1
CUST_002080,20.72,20.2,465.37,10,-0.52,17,0.72,22.22,1.12,0,0.974903,23.038119,-0.025097,0
CUST_001680,23.25,25.67,556.47,9,2.42,117,0.68,21.43,1.02,0,1.104086,21.677834,0.104086,0
CUST_009683,17.62,47.26,645.45,44,29.64,9,0.04,18.14,1.07,2,2.682179,13.657427,1.682179,1
CUST_007386,16.8,6.12,100.0,15,-10.67,3,0.07,16.42,0.91,1,0.364286,16.339869,-0.635119,1
CUST_004944,22.41,19.01,345.81,7,-3.4,178,0.98,21.61,0.9,0,0.848282,18.190952,-0.151718,0
CUST_004479,25.74,24.81,393.94,5,-0.93,33,0.93,26.84,0.89,0,0.963869,15.878275,-0.036131,0
CUST_003438,18.11,23.26,478.46,7,5.15,235,0.93,19.21,1.18,0,1.284373,20.570077,0.284373,0
CUST_002464,17.35,16.63,374.02,9,-0.72,193,0.74,18.17,1.11,0,0.958501,22.490679,-0.041499,0
CUST_005661,31.52,24.77,586.97,56,-6.75,6,0.18,29.4,0.86,0,0.78585,23.696811,-0.21415,1
CUST_007751,21.88,10.28,168.91,22,-11.6,3,0.08,22.35,1.1,2,0.469835,16.430934,-0.530165,1
CUST_003563,27.83,25.64,475.03,8,-2.2,66,0.79,28.32,0.96,0,0.921308,18.526911,-0.079051,0
CUST_003764,30.11,34.54,610.92,7,4.43,105,0.96,30.18,1.14,0,1.147127,17.687319,0.147127,0
CUST_000942,16.33,14.6,335.24,6,-1.72,107,0.48,15.81,1.0,0,0.89406,22.961644,-0.105328,0
CUST_008220,15.44,33.63,508.75,32,18.19,4,0.05,16.74,0.87,1,2.178109,15.127862,1.178109,1
CUST_002580,22.21,24.96,533.99,5,2.75,60,0.8,20.7,1.11,1,1.123818,21.39383,0.123818,0
CUST_000721,16.28,14.49,309.04,8,-1.79,115,0.98,16.0,0.87,0,0.890049,21.327812,-0.109951,0
CUST_002029,23.32,31.02,502.16,6,7.7,30,0.98,24.55,1.18,0,1.330189,16.188266,0.330189,0
CUST_001661,33.84,35.14,850.79,4,1.3,17,0.83,31.33,1.07,0,1.038416,24.21144,0.038416,0
CUST_004587,31.68,26.19,617.85,0,-5.48,58,0.7,30.81,0.83,0,0.826705,23.591065,-0.17298,0
CUST_001883,26.94,19.77,311.67,3,-7.18,73,0.99,24.65,0.86,0,0.733853,15.764795,-0.266518,0
CUST_005952,38.02,17.41,235.02,20,-20.61,6,0.19,29.59,1.14,1,0.457917,13.499138,-0.542083,1
CUST_008971,15.92,36.33,708.69,16,20.41,1,0.01,19.62,0.91,1,2.282035,19.507019,1.282035,1
CUST_004663,29.28,21.77,518.37,9,-7.51,101,0.74,28.88,0.82,0,0.743511,23.811208,-0.256489,0
CUST_005218,16.59,20.01,317.19,45,3.42,160,0.22,15.61,1.16,3,1.206148,15.851574,0.206148,1
CUST_000981,16.59,15.06,317.44,4,-1.53,174,0.91,15.91,0.94,0,0.907776,21.078353,-0.092224,0
CUST_009767,22.98,10.85,139.93,18,-12.13,174,0.45,18.56,1.18,3,0.47215,12.896774,-0.52785,1
CUST_003298,27.97,30.59,685.48,8,2.62,204,0.85,25.76,1.1,1,1.093672,22.40863,0.093672,0
CUST_002455,18.56,16.13,329.65,4,-2.43,82,0.84,17.32,0.96,0,0.869073,20.437074,-0.130927,0
CUST_004994,18.87,19.89,440.59,5,1.02,87,0.93,17.53,1.11,0,1.054054,22.151332,0.054054,0
CUST_005205,21.7,22.28,448.34,57,0.58,4,0.05,22.94,1.04,3,1.026728,20.12298,0.026728,1
CUST_006017,17.49,13.26,326.66,33,-4.23,7,0.25,18.91,0.84,2,0.758148,24.634992,-0.241852,1
CUST_004090,30.5,28.73,474.13,7,-1.77,162,0.8,30.49,1.07,0,0.941967,16.502959,-0.058033,0
CUST_001367,15.99,15.59,351.27,14,-0.4,132,0.75,16.52,1.05,0,0.974984,22.531751,-0.025016,0
CUST_000241,36.15,27.31,573.4,4,-8.84,23,0.97,34.01,0.81,0,0.755463,20.995972,-0.244537,0
CUST_003350,25.75,21.12,382.24,8,-4.64,216,0.9,24.71,0.94,0,0.820194,18.098485,-0.180194,0
CUST_002199,17.91,19.57,423.79,12,1.67,197,0.91,17.91,1.06,0,1.092686,21.655084,0.093244,0
CUST_007693,30.37,49.35,1167.43,23,18.98,163,0.17,29.24,1.17,3,1.624959,23.65613,0.624959,1
CUST_008603,18.82,7.7,129.46,44,-11.12,217,0.06,17.88,1.02,1,0.409139,16.812987,-0.590861,1
CUST_003337,24.07,22.61,457.85,4,-1.47,214,1.0,22.99,0.83,0,0.939344,20.249889,-0.061072,0
CUST_000481,16.64,15.83,351.16,9,-0.81,232,0.75,15.7,0.96,0,0.951322,22.183196,-0.048678,0
CUST_000268,36.0,26.31,537.85,5,-9.69,204,0.94,34.07,0.82,0,0.730833,20.442797,-0.269167,0
CUST_006184,25.01,52.81,771.21,21,27.79,122,0.17,26.05,0.84,1,2.111555,14.603484,1.111156,1
CUST_007603,34.79,29.21,707.84,57,-5.58,4,0.22,34.11,0.87,0,0.839609,24.232797,-0.160391,1
CUST_007107,15.27,14.35,347.07,57,-0.92,4,0.0,15.36,1.01,1,0.939751,24.186063,-0.060249,1
CUST_002003,24.63,20.87,366.83,11,-3.76,191,0.82,22.57,0.89,0,0.847341,17.576905,-0.152659,0
CUST_002962,30.93,35.87,612.62,2,4.94,222,0.82,29.45,1.02,0,1.159715,17.078896,0.159715,0
CUST_002517,20.62,21.52,467.23,3,0.89,192,0.95,20.24,1.16,0,1.043647,21.711431,0.043162,0
CUST_008757,33.13,15.3,212.88,19,-17.83,11,0.09,27.59,1.15,1,0.461817,13.913725,-0.538183,1
CUST_006022,23.71,14.66,293.48,39,-9.05,6,0.03,24.48,0.83,1,0.618305,20.0191,-0.381695,1
CUST_002881,17.64,22.6,539.71,10,4.96,184,0.57,17.22,1.14,0,1.281179,23.880973,0.281179,0
CUST_003459,30.64,35.2,624.48,5,4.56,188,1.0,29.06,1.02,0,1.148825,17.740909,0.148825,0
CUST_009111,32.73,29.27,553.18,37,-3.47,133,0.29,29.76,0.82,2,0.894287,18.899214,-0.106019,1
CUST_007556,25.89,11.08,147.51,32,-14.8,121,0.18,21.52,1.07,0,0.427964,13.313177,-0.571649,1
CUST_000682,27.17,21.55,534.85,12,-5.62,211,0.63,26.4,0.87,0,0.793154,24.819026,-0.206846,0
CUST_000980,19.46,24.36,605.68,8,4.9,24,1.0,20.01,1.14,0,1.251799,24.863711,0.251799,0
CUST_002427,30.22,23.0,446.62,11,-7.22,137,0.62,32.51,0.86,0,0.761085,19.418261,-0.238915,0
CUST_000102,20.07,19.2,298.28,9,-0.88,228,1.0,18.27,0.91,0,0.956652,15.535417,-0.043847,0
CUST_009223,24.53,68.98,1297.02,30,44.44,8,0.34,26.81,1.12,2,2.812067,18.802841,1.811659,1
CUST_005900,15.79,35.31,587.98,38,19.52,10,0.11,17.82,0.89,1,2.236225,16.65194,1.236225,1
CUST_003906,16.64,14.26,244.32,9,-2.37,188,0.78,15.68,0.93,0,0.856971,17.13324,-0.142428,0
CUST_004698,31.9,25.38,575.6,6,-6.52,89,0.85,31.55,0.88,0,0.795611,22.679275,-0.204389,0
CUST_002161,30.95,26.12,612.57,8,-4.84,131,0.97,31.12,0.98,0,0.843942,23.452144,-0.156381,0
CUST_008810,21.9,32.8,592.29,33,10.9,1,0.22,22.32,0.93,0,1.497717,18.057622,0.497717,1
CUST_008686,27.6,11.11,207.2,27,-16.49,9,0.1,28.89,0.85,3,0.402536,18.649865,-0.597464,1
CUST_004822,15.6,16.54,396.75,11,0.93,236,0.94,16.17,1.12,0,1.060256,23.987304,0.059615,0
CUST_005897,19.65,14.9,273.54,20,-4.75,5,0.21,19.37,0.85,1,0.75827,18.358389,-0.24173,1
CUST_002526,15.92,16.45,375.36,6,0.53,202,0.93,15.59,0.91,0,1.033291,22.818237,0.033291,0
CUST_004684,28.1,29.52,701.19,10,1.42,137,0.94,26.15,1.15,0,1.050534,23.753049,0.050534,0
CUST_005443,21.63,47.28,801.66,27,25.66,7,0.21,25.7,0.87,2,2.185853,16.955584,1.186315,1
CUST_009596,21.14,55.39,889.93,44,34.25,11,0.05,26.32,1.05,2,2.620151,16.066619,1.620151,1
CUST_008404,16.02,34.77,540.23,26,18.75,1,0.07,15.5,1.2,1,2.170412,15.537245,1.170412,1
CUST_004270,24.15,20.2,378.06,4,-3.95,88,0.74,24.16,0.92,0,0.836439,18.715842,-0.163561,0
CUST_000725,16.56,16.81,405.38,9,0.25,173,0.79,17.25,1.07,0,1.015097,24.115407,0.015097,0
CUST_006275,31.1,51.3,829.28,33,20.19,3,0.09,33.84,0.87,0,1.649518,16.165302,0.649196,1
CUST_007277,21.37,60.3,1137.29,38,38.93,1,0.41,21.7,1.13,1,2.821713,18.860531,1.821713,1
CUST_007662,18.0,45.61,999.51,35,27.61,7,0.04,19.97,1.01,1,2.533889,21.914273,1.533889,1
CUST_003134,14.08,13.82,328.02,13,-0.26,120,1.0,15.15,0.97,1,0.981534,23.735166,-0.018466,0
CUST_007901,26.56,59.61,943.1,34,33.06,8,0.27,29.06,0.9,1,2.244352,15.821171,1.244729,1
CUST_000066,19.11,23.01,419.58,6,3.9,79,0.84,21.02,1.08,0,1.204082,18.234681,0.204082,0
CUST_009659,23.97,10.45,165.48,40,-13.52,5,0.13,20.17,1.09,0,0.435962,15.835407,-0.564038,1
CUST_002719,30.45,28.24,521.98,5,-2.21,188,0.96,32.23,1.0,0,0.927422,18.483711,-0.072578,0
CUST_002773,35.19,26.38,458.8,5,-8.81,149,0.96,33.42,0.8,0,0.749645,17.391964,-0.250355,0
CUST_002078,21.36,19.62,413.51,7,-1.74,141,0.36,22.02,0.81,0,0.918539,21.075943,-0.081461,0
CUST_009310,15.62,33.91,673.17,28,18.29,10,0.18,17.55,0.87,2,2.170935,19.851666,1.170935,1
CUST_004017,27.75,27.15,421.25,5,-0.6,166,0.64,29.34,1.14,0,0.978378,15.515654,-0.021622,0
CUST_008790,23.3,67.66,1282.14,27,44.36,9,0.23,24.77,1.16,3,2.903863,18.949749,1.903863,1
CUST_004250,34.17,29.05,647.8,6,-5.13,200,0.93,34.16,0.97,0,0.850161,22.299484,-0.150132,0
CUST_005836,19.38,8.83,112.86,31,-10.55,2,0.0,18.22,1.14,0,0.455624,12.781427,-0.544376,1
CUST_006231,23.27,32.42,561.55,24,9.14,188,0.09,23.2,0.86,3,1.39321,17.321098,0.39278,1
CUST_002323,16.79,17.0,390.6,7,0.21,68,0.98,16.24,1.08,0,1.012507,22.976471,0.012507,0
CUST_003292,21.11,17.97,442.58,6,-3.15,36,0.98,23.18,0.97,0,0.851255,24.628826,-0.149218,0
CUST_004006,19.93,20.0,466.93,8,0.07,227,0.48,21.02,0.93,0,1.003512,23.3465,0.003512,0
CUST_000418,27.46,19.71,362.0,9,-7.75,63,0.93,28.35,0.81,0,0.717771,18.366312,-0.282229,0
CUST_008582,20.51,9.63,148.15,34,-10.88,8,0.21,19.17,1.17,3,0.469527,15.384216,-0.530473,1
CUST_003020,25.14,23.71,507.96,9,-1.43,37,0.56,27.74,0.85,0,0.943119,21.423872,-0.056881,0
CUST_004471,22.92,25.08,432.84,5,2.17,148,0.77,22.15,1.03,0,1.094241,17.258373,0.094677,0
CUST_002845,24.32,20.77,339.98,7,-3.55,159,0.96,25.64,0.93,0,0.85403,16.368801,-0.14597,0
CUST_003461,19.72,16.88,293.28,6,-2.84,180,0.93,18.9,0.82,1,0.855984,17.374408,-0.144016,0
CUST_006357,16.27,5.82,100.0,16,-10.45,223,0.18,15.13,0.89,1,0.357714,17.182131,-0.642286,1
CUST_006749,17.69,8.26,129.42,39,-9.43,2,0.0,15.05,1.17,1,0.46693,15.668281,-0.53307,1
CUST_005095,30.46,36.61,908.14,57,6.15,10,0.01,28.3,1.14,0,1.201904,24.805791,0.201904,1
CUST_001577,34.05,40.74,677.07,6,6.69,197,0.99,34.64,1.16,0,1.196476,16.619293,0.196476,0
CUST_000611,22.97,20.86,467.34,7,-2.11,205,0.94,21.3,1.01,0,0.908141,22.403643,-0.091859,0
CUST_000039,25.63,31.35,513.76,8,5.72,124,0.97,25.6,1.08,0,1.223176,16.387879,0.223176,0
CUST_008723,26.5,30.02,500.21,51,3.52,5,0.05,26.5,1.06,1,1.13283,16.662558,0.13283,1
CUST_005804,29.58,66.31,1046.39,25,36.73,121,0.16,27.89,0.9,1,2.241717,15.780274,1.241717,1
CUST_003842,25.43,24.38,606.1,8,-1.05,157,0.94,24.79,1.05,0,0.95871,24.860541,-0.04129,0
CUST_000203,24.72,22.33,346.06,3,-2.38,119,0.92,25.03,0.82,0,0.903317,15.497537,-0.096278,0
CUST_001974,29.92,36.4,796.48,7,6.48,226,0.55,29.78,1.08,1,1.216578,21.881319,0.216578,0
CUST_000171,30.03,29.43,719.59,9,-0.59,158,1.0,27.47,1.06,0,0.98002,24.4509,-0.019647,0
CUST_007365,32.6,14.26,185.03,32,-18.34,144,0.01,27.18,1.09,0,0.437423,12.975456,-0.562577,1
CUST_004872,28.63,21.92,380.32,9,-6.71,202,0.91,27.04,0.87,0,0.76563,17.350365,-0.23437,0
CUST_004154,18.79,18.79,446.31,3,-0.0,197,0.92,20.67,1.11,0,1.0,23.752528,-0.0,0
CUST_009851,32.04,14.46,237.9,21,-17.58,2,0.16,27.22,1.13,0,0.451311,16.452282,-0.548689,1
CUST_009628,27.09,71.63,1475.45,43,44.54,184,0.77,28.8,1.06,1,2.644149,20.598213,1.644149,1
CUST_003998,17.8,15.94,331.08,5,-1.86,214,0.9,19.34,0.83,0,0.895506,20.770389,-0.104494,0
CUST_002416,36.88,38.27,908.52,6,1.39,164,0.87,34.95,1.16,0,1.03769,23.739744,0.03769,0
CUST_003202,33.71,34.82,545.84,6,1.11,176,0.53,32.29,0.93,0,1.032928,15.676048,0.032928,0
CUST_007169,37.45,47.08,908.67,51,9.63,8,0.25,34.92,1.18,1,1.257143,19.300552,0.257143,1
CUST_002702,27.31,29.11,588.86,13,1.8,65,0.8,28.37,1.14,0,1.06591,20.228787,0.06591,0
CUST_000549,21.09,21.06,374.64,11,-0.03,88,0.73,20.76,1.11,0,0.998578,17.789174,-0.001422,0
CUST_002303,29.75,23.95,382.6,6,-5.8,231,0.73,29.36,0.92,0,0.805042,15.974948,-0.194958,0
CUST_008084,23.38,20.69,345.89,29,-2.69,155,0.42,22.83,0.86,0,0.884944,16.717738,-0.115056,1
CUST_004215,26.69,28.04,629.27,10,1.35,65,0.99,24.32,1.06,0,1.050581,22.441869,0.050581,0
CUST_002789,20.91,19.13,420.71,9,-1.77,35,0.68,19.81,0.83,0,0.914873,21.992159,-0.084648,0
CUST_004573,30.38,25.38,516.31,5,-5.0,73,0.81,28.01,0.94,0,0.835418,20.343184,-0.164582,0
CUST_000926,23.21,18.93,358.87,8,-4.28,231,0.9,21.48,0.82,0,0.815597,18.957739,-0.184403,0
CUST_005927,15.75,40.68,650.13,40,24.93,228,0.06,17.27,1.03,0,2.582857,15.981563,1.582857,1
CUST_006837,26.02,27.57,623.74,52,1.56,120,0.54,25.1,1.04,3,1.05957,22.623867,0.059954,1
CUST_004276,30.08,34.73,857.23,9,4.65,92,0.73,32.48,1.12,0,1.154588,24.682695,0.154588,0
CUST_009221,26.69,12.66,134.72,33,-14.03,1,0.02,23.4,1.19,0,0.474335,10.64139,-0.525665,1
CUST_001292,33.7,38.48,781.93,11,4.78,215,0.63,34.42,1.02,0,1.14184,20.320426,0.14184,0
CUST_004056,26.09,30.07,636.58,4,3.97,85,0.75,27.44,1.16,0,1.152549,21.169937,0.152166,0
CUST_008619,19.23,50.37,771.34,29,31.14,9,0.06,22.04,1.05,3,2.619345,15.31348,1.619345,1
CUST_002266,17.55,19.49,445.19,10,1.94,51,0.73,16.03,1.03,0,1.110541,22.84197,0.110541,0
CUST_008457,18.38,14.47,277.34,31,-3.91,10,0.02,18.53,0.84,0,0.787269,19.166551,-0.212731,1
CUST_004713,30.74,32.61,645.5,4,1.88,202,0.87,32.11,0.98,0,1.060833,19.794542,0.061158,0
CUST_003147,31.61,22.8,406.78,4,-8.81,75,0.71,31.23,0.83,0,0.721291,17.841228,-0.278709,0
CUST_001174,27.32,26.38,469.17,10,-0.94,49,0.44,30.2,0.95,0,0.965593,17.785064,-0.034407,0
CUST_004653,27.61,30.8,723.37,12,3.19,66,0.7,28.55,0.99,0,1.115538,23.486039,0.115538,0
CUST_002940,33.37,28.43,591.17,6,-4.94,91,0.8,30.48,0.99,0,0.851963,20.79388,-0.148037,0
CUST_004241,29.72,34.08,816.84,10,4.36,108,0.83,29.4,1.16,0,1.146703,23.96831,0.146703,0
CUST_006183,21.35,6.87,113.5,24,-14.47,5,0.03,18.07,0.8,3,0.32178,16.521106,-0.677752,1
CUST_009960,29.95,21.32,463.79,31,-8.63,10,0.38,31.63,0.99,3,0.711853,21.753752,-0.288147,1
CUST_002098,14.79,14.39,302.52,6,-0.4,170,0.89,16.03,1.02,0,0.972955,21.022933,-0.027045,0
CUST_000717,31.48,30.33,727.83,6,-1.15,66,0.83,29.3,0.99,0,0.963469,23.997033,-0.036531,0
CUST_002660,36.14,33.7,780.45,6,-2.44,29,0.32,34.34,1.06,0,0.932485,23.158754,-0.067515,0
CUST_005171,18.26,34.29,789.65,19,16.03,6,0.3,17.59,0.95,1,1.877875,23.02858,0.877875,1
CUST_003649,18.91,17.6,302.05,7,-1.31,37,0.83,18.75,0.99,1,0.930724,17.161932,-0.069276,0
CUST_007250,22.62,8.56,106.68,31,-14.06,8,0.28,18.61,0.95,1,0.378426,12.462617,-0.621574,1
CUST_000986,30.59,28.73,671.69,6,-1.86,70,0.9,28.1,0.99,0,0.939196,23.379394,-0.060804,0
CUST_001612,32.57,35.63,635.5,8,3.07,65,0.96,31.55,1.07,0,1.093951,17.836093,0.094259,0
CUST_004625,28.6,29.72,464.95,9,1.13,80,0.91,26.27,1.02,0,1.039161,15.644347,0.03951,0
CUST_002768,19.71,20.58,322.38,9,0.86,200,0.8,18.73,1.13,0,1.04414,15.664723,0.043633,0
CUST_006549,34.57,16.35,178.97,18,-18.22,5,0.31,29.21,1.18,1,0.472953,10.946177,-0.527047,1
CUST_001736,16.48,19.64,380.16,10,3.16,151,0.95,17.52,1.09,0,1.191748,19.356415,0.191748,0
CUST_001094,23.75,28.25,617.52,6,4.49,17,0.78,22.42,1.1,0,1.189474,21.859115,0.189053,0
CUST_006154,34.64,43.17,812.21,52,8.53,185,0.18,33.43,1.16,0,1.246247,18.814223,0.246247,1
CUST_009069,19.46,48.25,724.87,26,28.78,2,0.05,24.04,0.99,0,2.479445,15.023212,1.478931,1
CUST_004646,20.81,25.66,451.26,6,4.85,141,0.91,21.69,1.09,0,1.233061,17.586126,0.233061,0
CUST_008948,16.01,27.05,672.51,26,11.03,151,0.03,16.64,1.19,0,1.689569,24.861738,0.688944,1
CUST_005638,29.31,69.95,1205.6,30,40.64,209,0.21,32.23,0.95,3,2.386557,17.235168,1.386557,1
CUST_002029,23.32,31.02,502.16,6,7.7,30,0.98,24.55,1.18,0,1.330189,16.188266,0.330189,0
CUST_000855,28.16,30.64,716.2,7,2.48,121,0.87,25.66,0.99,0,1.088068,23.374674,0.088068,0
CUST_000543,24.22,30.14,672.85,3,5.92,55,0.96,26.5,1.19,0,1.244426,22.324154,0.244426,0
CUST_003834,20.61,18.35,413.87,8,-2.26,132,0.99,20.34,0.84,0,0.890344,22.554223,-0.109656,0
CUST_004128,25.73,26.69,556.53,8,0.96,111,0.59,23.89,0.99,0,1.037311,20.85163,0.037311,0
CUST_007245,18.53,20.32,464.07,46,1.79,222,0.02,19.42,1.04,1,1.0966,22.838091,0.0966,1
CUST_007535,31.99,26.88,438.29,35,-5.11,1,0.11,32.94,1.07,2,0.840263,16.305432,-0.159737,1
CUST_009007,19.14,17.01,415.49,51,-2.13,130,0.06,18.2,0.83,2,0.888715,24.42622,-0.111285,1
CUST_005211,27.83,26.28,472.34,48,-1.56,137,0.4,27.38,0.86,0,0.944305,17.973364,-0.056055,1
CUST_007303,16.42,16.4,276.7,46,-0.02,3,0.1,16.39,1.04,0,0.998782,16.871951,-0.001218,1
CUST_006484,20.21,43.93,760.81,19,23.72,9,0.1,24.96,0.87,0,2.173676,17.318689,1.173676,1
CUST_009079,35.32,34.78,605.18,50,-0.54,6,0.63,33.84,0.91,0,0.984711,17.40023,-0.015289,1
CUST_004317,25.02,19.73,400.2,7,-5.28,204,0.79,26.3,0.88,0,0.788569,20.283832,-0.211031,0
CUST_002700,24.27,24.5,493.75,7,0.24,225,0.82,26.91,1.04,0,1.009477,20.153061,0.009889,0
CUST_007958,24.91,68.46,1186.78,33,43.55,124,0.02,28.45,1.1,1,2.748294,17.335378,1.748294,1
CUST_000041,34.07,28.16,441.09,11,-5.92,41,0.73,31.5,0.87,0,0.826534,15.663707,-0.17376,0
CUST_004222,19.41,18.42,290.87,5,-0.99,238,0.96,17.77,0.97,0,0.948995,15.790988,-0.051005,0
CUST_006513,33.75,11.03,145.8,37,-22.72,11,0.05,27.4,0.82,1,0.326815,13.218495,-0.673185,1
CUST_009173,17.66,27.51,484.57,34,9.84,8,0.21,19.37,1.16,0,1.557758,17.614322,0.557191,1
CUST_009918,16.62,46.15,948.11,30,29.53,3,0.39,17.4,1.11,2,2.776775,20.544095,1.776775,1
CUST_005188,19.64,8.11,102.72,26,-11.53,10,0.22,18.4,1.03,1,0.412933,12.665845,-0.587067,1
CUST_004355,32.81,31.5,655.37,7,-1.31,139,0.8,32.86,0.88,1,0.960073,20.805397,-0.039927,0
CUST_008902,29.32,11.62,160.5,27,-17.7,8,0.2,26.39,0.99,0,0.396317,13.812392,-0.603683,1
CUST_000738,16.46,12.55,240.7,8,-3.92,195,0.97,17.57,0.81,0,0.762454,19.179283,-0.238153,0
CUST_005446,15.16,14.1,287.78,49,-1.06,2,0.42,15.5,0.96,1,0.930079,20.409929,-0.069921,1
CUST_007997,15.26,12.31,289.07,44,-2.95,2,0.06,16.69,0.89,0,0.806684,23.482535,-0.193316,1
CUST_000424,21.91,26.37,658.66,5,4.46,56,0.95,23.35,1.09,0,1.20356,24.977626,0.20356,0
CUST_004662,15.41,12.52,226.75,7,-2.89,173,0.89,15.71,0.82,0,0.812459,18.111022,-0.187541,0
CUST_001719,34.76,33.48,820.55,8,-1.28,184,0.71,32.84,0.85,0,0.963176,24.508662,-0.036824,0
CUST_002504,17.44,19.77,384.04,4,2.33,62,0.99,16.71,1.09,1,1.133601,19.425392,0.133601,0
CUST_000735,33.74,35.57,645.14,4,1.84,202,0.97,31.5,1.0,0,1.054238,18.137194,0.054535,0
CUST_008702,32.75,68.0,1110.48,29,35.25,6,0.15,31.59,1.19,2,2.076336,16.330588,1.076336,1
CUST_005503,24.34,22.03,355.22,30,-2.3,234,0.23,27.04,0.96,0,0.905094,16.124376,-0.094495,1
CUST_009465,14.93,31.0,432.01,26,16.07,4,0.13,17.0,0.83,3,2.076356,13.935806,1.076356,1
CUST_004563,19.68,17.77,344.95,6,-1.91,177,0.69,20.56,0.89,0,0.902947,19.41193,-0.097053,0
CUST_008477,19.33,29.26,531.47,26,9.93,153,0.42,19.42,1.12,0,1.513709,18.163705,0.513709,1
CUST_006649,37.39,80.02,1566.63,21,42.63,8,0.35,34.79,0.82,3,2.140144,19.577981,1.140144,1
CUST_000302,31.98,27.16,512.31,5,-4.82,148,0.49,32.34,0.9,0,0.849281,18.862666,-0.150719,0
CUST_004868,26.22,26.94,530.46,9,0.72,220,0.98,26.71,1.02,0,1.02746,19.690423,0.02746,0
CUST_000435,23.97,27.64,448.64,3,3.67,32,0.75,26.63,1.02,1,1.153108,16.231548,0.153108,0
CUST_000341,17.71,17.63,314.19,11,-0.07,28,0.87,18.69,1.0,0,0.995483,17.821327,-0.003953,0
CUST_003680,26.36,28.9,475.94,6,2.54,13,0.95,25.04,0.98,0,1.096358,16.468512,0.096358,0
CUST_002736,20.28,23.13,428.72,3,2.85,239,0.9,19.73,1.11,1,1.140533,18.535236,0.140533,0
CUST_008523,26.18,43.59,885.2,37,17.41,149,0.09,28.27,1.12,1,1.665011,20.30741,0.665011,1
CUST_004874,21.23,18.08,415.69,5,-3.15,56,0.95,19.38,0.81,0,0.851625,22.991704,-0.148375,0
CUST_003280,20.02,20.62,450.71,4,0.6,192,0.92,21.4,1.11,1,1.02997,21.857905,0.02997,0
CUST_009494,16.67,41.79,887.18,19,25.12,7,0.04,19.71,1.0,1,2.506899,21.229481,1.506899,1
CUST_004008,36.31,47.87,1098.39,10,11.55,93,0.89,34.2,1.2,0,1.31837,22.945268,0.318094,0
CUST_000522,24.95,20.92,423.92,6,-4.03,76,0.92,27.29,0.82,0,0.838477,20.263862,-0.161523,0
CUST_000174,21.12,16.6,310.66,11,-4.52,121,0.83,20.42,0.9,0,0.785985,18.714458,-0.214015,0
CUST_008044,35.4,39.1,629.25,47,3.7,10,0.42,33.75,1.1,0,1.10452,16.09335,0.10452,1
CUST_001671,32.53,36.21,629.76,5,3.68,89,0.87,32.6,1.13,0,1.113126,17.391881,0.113126,0
CUST_000809,26.78,24.16,480.2,8,-2.62,103,0.61,24.9,0.99,0,0.902166,19.875828,-0.097834,0
CUST_008890,20.73,55.99,1120.79,19,35.25,8,0.1,20.77,1.08,0,2.700917,20.017682,1.700434,1
CUST_009863,32.32,26.75,418.2,28,-5.58,8,0.44,34.13,0.92,0,0.827661,15.633645,-0.172649,1
CUST_003897,30.08,30.39,675.42,14,0.31,25,0.89,28.97,0.97,0,1.010306,22.225074,0.010306,0
CUST_008668,26.76,49.52,785.05,16,22.76,10,0.08,24.85,1.08,0,1.850523,15.853191,0.850523,1
CUST_001514,32.55,30.69,494.39,9,-1.86,185,0.97,29.83,0.91,0,0.942857,16.109156,-0.057143,0
CUST_002188,16.82,16.99,303.56,5,0.17,70,0.64,15.66,0.89,0,1.010107,17.866981,0.010107,0
CUST_000959,22.52,20.88,472.17,7,-1.64,206,0.67,22.09,0.81,0,0.927176,22.613506,-0.072824,0
CUST_009115,17.48,43.09,649.4,24,25.61,122,0.11,21.61,0.99,1,2.465103,15.070782,1.465103,1
CUST_004729,32.64,24.09,373.43,6,-8.55,178,0.88,32.08,0.87,0,0.738051,15.501453,-0.261949,0
CUST_005468,18.22,39.51,533.54,27,21.29,2,0.12,21.48,0.87,3,2.168496,13.503923,1.168496,1
CUST_004797,27.52,20.11,398.24,7,-7.41,123,0.84,25.88,0.82,0,0.730741,19.803083,-0.269259,0
CUST_005819,12.6,35.16,644.91,41,22.56,11,0.01,15.06,1.12,0,2.790476,18.34215,1.790476,1
CUST_002600,35.3,32.41,549.8,5,-2.89,94,0.55,33.4,0.85,0,0.91813,16.9639,-0.08187,0
CUST_000059,24.82,31.51,584.42,10,6.7,24,0.56,25.58,1.18,0,1.269541,18.547128,0.269944,0
CUST_003411,15.13,13.93,219.87,8,-1.2,132,0.95,16.67,0.95,0,0.920687,15.78392,-0.079313,0
CUST_005678,19.42,47.12,875.29,44,27.7,128,0.12,22.85,0.97,1,2.426365,18.575764,1.426365,1
CUST_007494,24.59,8.16,140.21,34,-16.43,199,0.0,19.89,0.83,1,0.331842,17.182598,-0.668158,1
CUST_007295,18.49,42.58,622.23,43,24.08,5,0.0,18.56,0.92,2,2.302866,14.613199,1.302326,1
CUST_000009,26.37,25.75,512.28,5,-0.62,227,0.93,29.06,0.95,1,0.976488,19.894369,-0.023512,0
CUST_000784,19.09,18.42,310.8,6,-0.67,192,0.96,18.6,0.94,0,0.964903,16.872964,-0.035097,0
CUST_000915,31.63,31.28,742.48,7,-0.35,182,0.78,31.92,0.96,0,0.988935,23.736573,-0.011065,0
CUST_003284,29.88,24.08,475.93,8,-5.8,226,0.99,32.69,0.81,0,0.80589,19.764535,-0.19411,0
CUST_004077,24.28,21.46,479.21,4,-2.83,22,0.92,23.43,0.83,0,0.883855,22.330382,-0.116557,0
CUST_000648,30.06,26.91,643.65,5,-3.15,175,0.53,28.57,0.91,0,0.89521,23.918618,-0.10479,0
CUST_001702,29.84,29.39,685.49,9,-0.45,233,0.47,28.92,1.09,0,0.98492,23.32392,-0.01508,0
CUST_006001,29.03,22.77,546.61,54,-6.26,1,0.0,31.76,0.84,2,0.784361,24.005709,-0.215639,1
CUST_008682,30.19,13.67,205.92,26,-16.52,223,0.01,26.12,1.13,1,0.452799,15.063643,-0.547201,1
CUST_006811,21.16,7.69,100.0,21,-13.47,3,0.26,18.45,0.91,1,0.363422,13.003901,-0.636578,1
CUST_007316,33.04,38.9,589.22,37,5.85,157,0.09,30.75,1.14,0,1.177361,15.147044,0.177058,1
CUST_004581,19.19,20.95,380.09,12,1.76,141,0.84,18.03,1.0,0,1.091714,18.142721,0.091714,0
CUST_002445,21.89,18.18,376.87,9,-3.71,109,0.98,21.06,0.83,0,0.830516,20.729923,-0.169484,0
CUST_007135,14.45,32.97,723.9,23,18.52,220,0.01,17.06,0.91,1,2.281661,21.956324,1.281661,1
CUST_007923,13.79,30.9,596.42,24,17.11,156,0.01,15.31,0.9,0,2.240754,19.301618,1.240754,1
CUST_004438,18.26,19.72,316.49,8,1.45,157,0.73,20.16,1.01,0,1.079956,16.049189,0.079409,0
CUST_000795,19.32,24.02,393.73,8,4.7,98,0.87,18.33,1.13,0,1.243271,16.391757,0.243271,0
CUST_004715,23.4,17.72,372.83,7,-5.68,101,0.73,21.93,0.82,0,0.757265,21.040068,-0.242735,0
CUST_002577,19.15,17.7,338.36,7,-1.45,164,0.87,18.34,0.83,0,0.924282,19.116384,-0.075718,0
CUST_006071,14.63,12.7,280.05,31,-1.93,190,0.13,15.72,0.81,1,0.868079,22.051181,-0.131921,1
CUST_004579,31.65,34.59,853.57,5,2.94,218,0.76,28.81,1.07,0,1.092891,24.676785,0.092891,0
CUST_003918,31.9,32.96,717.11,6,1.06,44,0.9,33.54,0.92,0,1.033229,21.756978,0.033229,0
CUST_009768,25.35,27.49,672.64,39,2.14,10,0.12,26.84,1.1,0,1.084418,24.468534,0.084418,1
CUST_000858,20.54,20.93,442.77,8,0.4,90,0.84,21.15,1.08,1,1.018987,21.154802,0.019474,0
CUST_004861,29.64,30.16,734.98,13,0.53,138,0.93,31.76,1.18,0,1.017544,24.369363,0.017881,0
CUST_003941,29.9,31.15,585.94,5,1.25,35,0.87,29.68,1.16,0,1.041806,18.810273,0.041806,0
CUST_009965,35.03,11.28,133.61,25,-23.75,225,0.02,34.51,0.81,1,0.32201,11.844858,-0.67799,1
CUST_008889,29.82,66.89,1215.36,16,37.07,150,0.21,30.41,0.9,1,2.243125,18.169532,1.243125,1
CUST_006982,29.63,23.17,432.26,33,-6.46,187,0.0,31.36,0.87,2,0.781978,18.656021,-0.218022,1
CUST_009342,23.74,9.24,108.54,41,-14.5,211,0.05,20.12,0.97,1,0.389217,11.746753,-0.610783,1
CUST_007906,16.62,40.02,554.1,40,23.39,5,0.37,19.64,0.96,1,2.407942,13.845577,1.407341,1
CUST_006856,39.59,17.67,304.71,21,-21.91,197,0.01,33.86,1.12,0,0.446325,17.244482,-0.553423,1
CUST_009152,42.43,18.19,283.56,27,-24.25,8,0.04,34.9,1.07,2,0.428706,15.588785,-0.57153,1
CUST_009987,16.79,6.77,111.96,35,-10.02,228,0.37,16.35,1.01,1,0.403216,16.537666,-0.596784,1
CUST_000392,17.98,16.21,323.09,9,-1.77,169,0.96,19.16,0.9,0,0.901557,19.931524,-0.098443,0
CUST_005182,32.37,11.91,133.53,19,-20.46,182,0.02,26.64,0.92,1,0.367933,11.211587,-0.632067,1
CUST_001321,24.19,19.86,492.03,10,-4.33,36,0.87,25.56,0.96,1,0.821,24.774924,-0.179,0
CUST_004791,26.2,21.41,512.12,5,-4.8,233,0.88,25.43,0.81,0,0.817176,23.919664,-0.183206,0
CUST_006531,34.27,42.22,762.44,56,7.94,216,0.05,32.9,1.12,1,1.231981,18.05874,0.23169,1
CUST_008548,18.23,7.61,100.0,42,-10.63,229,0.05,16.29,1.04,0,0.417444,13.140604,-0.583105,1
CUST_002023,21.97,22.58,385.86,13,0.61,237,0.88,20.99,1.04,0,1.027765,17.088574,0.027765,0
CUST_001110,16.34,12.66,200.93,2,-3.69,29,0.55,16.97,0.85,0,0.774786,15.871248,-0.225826,0
CUST_002465,29.11,23.98,377.34,4,-5.12,216,0.85,28.78,0.96,0,0.823772,15.735613,-0.175885,0
CUST_007844,16.19,5.66,100.0,22,-10.53,177,0.24,15.07,0.87,3,0.349599,17.667845,-0.650401,1
CUST_003559,27.32,29.81,566.98,10,2.49,31,0.62,24.96,0.99,0,1.091142,19.019792,0.091142,0
CUST_005762,32.78,21.97,451.14,17,-10.81,4,0.2,31.08,1.13,0,0.670226,20.534365,-0.329774,1
CUST_008498,17.05,35.08,705.57,19,18.02,136,0.03,19.95,0.82,0,2.057478,20.11317,1.056891,1
CUST_008715,23.49,20.94,361.23,52,-2.55,10,0.11,24.0,0.92,0,0.891443,17.250716,-0.108557,1
CUST_002865,29.24,24.96,402.75,3,-4.28,41,0.93,31.14,0.85,0,0.853625,16.135817,-0.146375,0
CUST_001165,29.9,31.98,797.26,10,2.09,225,0.97,31.66,1.07,0,1.069565,24.929956,0.0699,0
CUST_002174,33.87,32.87,526.03,3,-1.0,225,0.74,32.03,1.12,0,0.970475,16.003347,-0.029525,0
CUST_004403,34.55,38.97,791.88,7,4.42,33,0.89,31.43,1.05,0,1.127931,20.320246,0.127931,0
CUST_000150,16.81,15.87,250.13,7,-0.94,149,0.83,15.63,1.09,0,0.944081,15.761185,-0.055919,0
CUST_009657,32.95,30.08,638.17,30,-2.88,2,0.02,31.92,0.93,0,0.912898,21.215758,-0.087405,1
CUST_005413,14.01,32.01,781.17,15,18.0,196,0.04,15.4,0.81,0,2.284797,24.403936,1.284797,1
CUST_002556,18.76,23.66,421.34,5,4.9,91,0.82,18.19,1.19,0,1.261194,17.808115,0.261194,0
CUST_004874,21.23,18.08,415.69,5,-3.15,56,0.95,19.38,0.81,0,0.851625,22.991704,-0.148375,0
CUST_006880,19.29,49.37,1057.31,18,30.08,204,0.25,21.48,1.02,1,2.559357,21.416042,1.559357,1
CUST_002573,31.24,36.13,668.2,4,4.89,125,0.92,33.84,1.05,0,1.15653,18.494326,0.15653,0
CUST_000203,24.72,22.33,346.06,3,-2.38,119,0.92,25.03,0.82,0,0.903317,15.497537,-0.096278,0
CUST_001942,33.52,28.25,432.61,2,-5.27,227,0.95,32.48,0.96,0,0.84278,15.313628,-0.15722,0
CUST_009871,30.66,12.93,176.35,33,-17.73,1,0.47,29.04,1.05,0,0.421722,13.638824,-0.578278,1
CUST_001678,15.93,20.75,441.22,14,4.82,150,0.57,15.46,1.15,0,1.302574,21.263614,0.302574,0
CUST_008272,18.37,7.95,100.0,26,-10.42,2,0.0,16.67,1.08,1,0.432771,12.578616,-0.567229,1
CUST_009513,39.47,13.49,221.4,36,-25.98,170,0.28,30.82,0.85,0,0.341779,16.412157,-0.658221,1
CUST_001251,26.36,26.84,591.29,8,0.49,96,0.87,26.48,1.08,0,1.018209,22.030179,0.018589,0
CUST_001825,31.03,37.75,591.58,9,6.72,189,0.95,29.5,1.13,0,1.216565,15.670993,0.216565,0
CUST_007312,33.5,11.36,163.22,15,-22.13,184,0.05,32.19,0.85,1,0.339104,14.367958,-0.660597,1
CUST_001202,19.43,20.97,444.03,5,1.54,97,0.99,20.15,0.98,0,1.079259,21.174535,0.079259,0
CUST_004728,27.36,30.9,752.11,7,3.54,195,0.49,28.14,1.13,0,1.129386,24.340129,0.129386,0
CUST_003853,19.58,24.29,441.68,10,4.7,163,0.92,17.92,1.17,0,1.240552,18.183615,0.240041,0
CUST_000848,36.45,42.39,770.25,6,5.94,126,0.64,34.96,1.19,0,1.162963,18.170559,0.162963,0
CUST_008396,34.86,14.72,220.77,33,-20.14,3,0.08,29.7,1.06,1,0.42226,14.997962,-0.57774,1
CUST_003244,28.54,26.0,407.89,3,-2.54,36,0.97,27.45,0.92,0,0.911002,15.688077,-0.088998,0
CUST_007424,25.76,65.56,1423.1,22,39.8,5,0.09,29.84,1.02,0,2.545031,21.706833,1.545031,1
CUST_004343,20.89,15.12,333.72,4,-5.77,39,0.98,20.76,0.82,0,0.723791,22.071429,-0.276209,0
CUST_001771,21.06,24.79,491.71,9,3.73,186,0.93,20.78,1.15,0,1.177113,19.835014,0.177113,0
CUST_008857,34.64,13.07,165.03,15,-21.57,9,0.05,30.54,0.94,2,0.377309,12.626626,-0.622691,1
CUST_002596,24.88,18.62,300.79,5,-6.26,51,0.92,25.24,0.85,0,0.748392,16.154135,-0.251608,0
CUST_004987,25.29,29.42,691.99,5,4.13,91,0.94,25.46,1.06,0,1.163306,23.521074,0.163306,0
CUST_008736,13.34,30.48,583.19,44,17.15,1,0.08,16.11,0.91,1,2.284858,19.13353,1.285607,1
CUST_003055,25.74,27.26,519.25,11,1.52,69,0.69,27.22,1.12,1,1.059052,19.048056,0.059052,0
CUST_004499,25.84,26.06,471.27,12,0.22,117,0.99,28.57,1.12,0,1.008514,18.084037,0.008514,0
CUST_005637,23.27,50.08,852.57,22,26.81,169,0.28,25.37,0.86,1,2.152127,17.024161,1.152127,1
CUST_005907,20.48,25.2,423.94,25,4.71,4,0.27,20.53,1.2,0,1.230469,16.823016,0.22998,1
CUST_004873,20.97,26.47,448.52,12,5.5,197,0.63,21.82,1.12,0,1.262279,16.944465,0.262279,0
CUST_005040,36.75,58.43,930.63,35,21.69,10,0.15,33.79,1.06,1,1.589932,15.927263,0.590204,1
CUST_004367,19.84,24.46,558.66,9,4.63,163,0.88,21.78,1.09,0,1.232863,22.839738,0.233367,0
CUST_000928,27.25,29.79,564.63,9,2.54,147,0.71,25.23,1.03,0,1.093211,18.953676,0.093211,0
CUST_008776,22.85,62.0,878.29,19,39.15,5,0.06,25.6,1.09,2,2.713348,14.165968,1.713348,1
CUST_002720,31.51,26.39,438.15,9,-5.12,128,0.99,33.66,0.94,0,0.837512,16.60288,-0.162488,0
CUST_004930,23.24,25.42,391.95,5,2.18,117,0.86,22.8,1.02,0,1.093804,15.418961,0.093804,0
CUST_008240,19.18,24.62,586.09,37,5.44,199,0.23,20.65,1.05,2,1.283629,23.805443,0.283629,1
CUST_001456,16.21,13.4,276.42,4,-2.8,18,0.88,17.79,0.82,0,0.82665,20.628358,-0.172733,0
CUST_006682,21.54,59.59,836.35,29,38.05,3,0.08,23.7,1.11,1,2.766481,14.035073,1.766481,1
CUST_008367,27.5,11.64,125.33,41,-15.86,4,0.15,27.02,1.06,3,0.423273,10.767182,-0.576727,1
CUST_008917,18.13,20.94,506.08,53,2.81,3,0.06,17.24,1.16,1,1.154992,24.168099,0.154992,1
CUST_002015,17.89,16.87,333.14,3,-1.03,177,0.83,18.3,0.85,0,0.942985,19.747481,-0.057574,0
CUST_006746,20.74,9.02,156.54,28,-11.71,174,0.17,16.06,1.09,0,0.434908,17.354767,-0.564609,1
CUST_003584,18.54,16.38,251.59,4,-2.16,71,0.69,18.4,0.97,0,0.883495,15.359585,-0.116505,0
CUST_009470,19.77,21.65,484.67,32,1.87,10,0.09,19.57,1.08,1,1.095094,22.386605,0.094588,1
CUST_006702,21.49,19.12,342.2,31,-2.37,11,0.13,20.94,0.93,0,0.889716,17.89749,-0.110284,1
CUST_001878,36.74,30.61,494.64,8,-6.13,180,0.98,34.73,0.93,0,0.833152,16.159425,-0.166848,0
CUST_006503,32.61,37.98,579.45,38,5.37,196,0.21,34.75,0.92,2,1.164673,15.256714,0.164673,1
CUST_009343,22.92,58.34,842.44,17,35.42,11,0.14,23.29,1.02,1,2.545375,14.440178,1.545375,1
CUST_002430,21.58,23.68,570.45,4,2.11,114,0.77,23.19,1.01,0,1.097312,24.089949,0.097776,0
CUST_007142,24.56,18.87,320.78,47,-5.68,8,0.15,24.47,0.82,2,0.768322,16.99947,-0.23127,1
CUST_007926,26.86,22.04,385.44,25,-4.82,10,0.35,24.52,0.88,0,0.820551,17.488203,-0.179449,1
CUST_002565,22.35,20.3,356.62,8,-2.04,187,0.94,21.77,0.83,0,0.908277,17.567488,-0.091275,0
CUST_000216,20.05,21.15,495.94,14,1.11,101,0.61,18.36,1.15,0,1.054863,23.4487,0.055362,0
CUST_008824,22.32,23.12,553.12,25,0.79,192,0.09,24.18,1.03,3,1.035842,23.923875,0.035394,1
CUST_001154,15.93,13.5,292.14,11,-2.43,208,0.78,15.79,0.91,1,0.847458,21.64,-0.152542,0
CUST_000388,32.55,34.21,815.16,4,1.66,39,0.75,30.33,1.0,0,1.050998,23.82812,0.050998,0
CUST_004118,20.42,23.14,384.47,7,2.72,237,0.97,19.22,1.16,0,1.133203,16.614952,0.133203,0
CUST_005345,28.91,70.74,1089.38,34,41.83,7,0.09,34.44,0.98,0,2.446904,15.399774,1.446904,1
CUST_003310,24.07,25.64,540.33,9,1.58,156,0.83,23.83,0.96,0,1.065226,21.073713,0.065642,0
CUST_004474,26.74,29.97,649.84,8,3.23,173,0.85,25.4,1.15,0,1.120793,21.683016,0.120793,0
CUST_005590,32.85,34.69,563.74,40,1.84,216,0.16,30.28,1.09,1,1.056012,16.250793,0.056012,1
CUST_000579,23.98,24.43,577.69,5,0.45,35,0.64,23.47,1.05,0,1.018766,23.646746,0.018766,0
CUST_001931,21.85,19.58,449.19,9,-2.27,112,0.57,20.82,0.86,0,0.89611,22.941267,-0.10389,0
CUST_005023,31.54,38.21,880.44,31,6.66,188,0.05,32.91,1.16,1,1.211477,23.042136,0.21116,1
CUST_002161,30.95,26.12,612.57,8,-4.84,131,0.97,31.12,0.98,0,0.843942,23.452144,-0.156381,0
CUST_003322,17.62,18.32,457.65,12,0.71,55,0.74,19.33,0.98,0,1.039728,24.980895,0.040295,0
CUST_004189,18.87,21.33,413.25,7,2.46,129,0.89,18.84,1.11,0,1.130366,19.374121,0.130366,0
CUST_006840,28.99,64.39,1420.95,30,35.4,5,0.19,32.71,0.89,1,2.221111,22.067868,1.221111,1
CUST_006855,27.65,8.92,128.56,30,-18.73,140,0.57,22.58,0.81,1,0.322604,14.412556,-0.677396,1
CUST_000574,28.19,37.26,764.83,6,9.06,72,0.59,29.48,1.16,0,1.321745,20.526838,0.321391,0
CUST_005985,19.88,43.75,695.14,18,23.87,6,0.03,21.54,0.88,0,2.200704,15.888914,1.200704,1
CUST_003088,30.88,31.96,481.78,9,1.08,19,0.63,33.46,1.02,0,1.034974,15.074468,0.034974,0
CUST_004589,36.29,30.21,531.8,5,-6.08,101,0.93,34.0,0.81,0,0.832461,17.603443,-0.167539,0
CUST_003625,30.66,30.4,658.41,10,-0.25,92,1.0,28.05,1.01,0,0.99152,21.658224,-0.008154,0
CUST_002239,24.04,29.27,556.01,7,5.24,95,0.98,23.35,1.07,0,1.217554,18.9959,0.21797,0
CUST_001274,20.27,20.45,344.29,5,0.18,128,0.98,19.11,1.0,0,1.00888,16.835697,0.00888,0
CUST_005262,15.99,6.59,100.0,31,-9.4,212,0.03,15.24,1.03,0,0.412133,15.174507,-0.587867,1
CUST_004272,28.93,35.37,677.91,6,6.44,124,0.99,28.64,1.14,0,1.222606,19.166243,0.222606,0
CUST_004816,31.62,23.87,488.41,11,-7.76,103,0.93,30.78,0.84,1,0.754902,20.461248,-0.245414,0
CUST_004620,19.6,18.15,401.71,12,-1.45,58,0.95,20.25,1.07,0,0.92602,22.132782,-0.07398,0
CUST_000106,21.5,21.92,399.44,4,0.42,68,0.98,22.75,0.96,0,1.019535,18.222628,0.019535,0
CUST_002071,27.69,33.34,701.74,5,5.65,171,0.97,26.12,1.07,0,1.204045,21.04799,0.204045,0
CUST_001454,18.28,17.45,350.67,7,-0.83,93,0.75,19.37,1.1,1,0.954595,20.095702,-0.045405,0
CUST_003139,16.11,21.22,475.2,10,5.11,208,0.67,17.55,1.19,0,1.317194,22.393968,0.317194,0
CUST_006111,14.15,33.98,608.14,15,19.83,125,0.08,15.41,0.96,1,2.401413,17.896998,1.401413,1
CUST_005820,22.32,10.36,141.1,30,-11.97,176,0.08,19.48,1.16,1,0.464158,13.619691,-0.53629,1
CUST_001625,30.46,29.46,727.72,9,-1.01,229,0.85,33.22,1.1,0,0.96717,24.701969,-0.033158,0
CUST_000955,36.45,46.47,784.4,3,10.02,221,0.85,33.3,1.16,0,1.274897,16.879707,0.274897,0
CUST_005610,25.0,71.65,982.9,23,46.64,177,0.15,29.69,1.15,1,2.866,13.718074,1.8656,1
CUST_000093,22.89,18.84,403.25,8,-4.05,191,0.89,25.05,0.96,0,0.823067,21.403928,-0.176933,0
CUST_001261,22.23,22.57,347.13,4,0.33,229,1.0,24.2,0.92,0,1.015295,15.380151,0.014845,0
CUST_000438,32.92,35.88,769.86,4,2.96,73,0.94,31.77,0.99,0,1.089915,21.456522,0.089915,0
CUST_006268,34.13,14.5,318.85,15,-19.63,6,0.04,31.27,0.87,1,0.424846,21.989655,-0.575154,1
CUST_002445,21.89,18.18,376.87,9,-3.71,109,0.98,21.06,0.83,0,0.830516,20.729923,-0.169484,0
CUST_003048,14.67,17.44,326.41,10,2.77,139,0.89,15.52,1.07,0,1.188821,18.71617,0.188821,0
CUST_001505,27.64,26.93,432.74,5,-0.71,68,0.96,29.1,1.09,0,0.974313,16.069068,-0.025687,0
CUST_008472,22.04,23.69,580.32,50,1.65,216,0.18,23.02,1.0,2,1.074864,24.496412,0.074864,1
CUST_005428,32.12,31.01,643.03,42,-1.11,5,0.21,33.46,0.92,0,0.965442,20.736214,-0.034558,1
CUST_001283,33.68,30.85,554.26,6,-2.83,220,0.68,31.4,0.85,0,0.915974,17.966288,-0.084026,0
CUST_000329,31.2,31.29,622.09,8,0.09,199,0.95,29.36,0.98,0,1.002885,19.881432,0.002885,0
CUST_004219,21.58,23.14,463.37,4,1.57,140,0.81,19.83,1.09,0,1.072289,20.024633,0.072753,0
CUST_001997,29.53,22.83,531.24,7,-6.7,102,0.62,29.3,0.85,0,0.773112,23.269382,-0.226888,0
CUST_000057,27.32,24.54,496.25,5,-2.79,162,0.98,26.12,0.99,0,0.898243,20.222086,-0.102123,0
CUST_006665,32.82,26.04,603.78,30,-6.78,6,0.16,32.58,0.81,0,0.793419,23.186636,-0.206581,1
CUST_003195,23.28,28.53,680.2,11,5.25,33,1.0,21.96,1.17,0,1.225515,23.84157,0.225515,0
CUST_000216,20.05,21.15,495.94,14,1.11,101,0.61,18.36,1.15,0,1.054863,23.4487,0.055362,0
CUST_002610,17.3,17.92,326.9,4,0.62,21,0.58,16.28,1.12,0,1.035838,18.242187,0.035838,0
CUST_001237,23.94,22.87,361.18,7,-1.07,23,0.66,24.7,0.87,0,0.955305,15.792742,-0.044695,0
CUST_002510,17.24,14.9,284.37,10,-2.34,125,0.99,15.92,0.87,0,0.864269,19.085235,-0.135731,0
CUST_003313,16.16,13.24,304.9,7,-2.92,29,0.99,17.21,0.81,0,0.819307,23.028701,-0.180693,0
CUST_007880,34.49,32.04,562.43,34,-2.44,5,0.12,32.67,0.93,1,0.928965,17.553995,-0.070745,1
CUST_001548,34.16,38.72,882.13,13,4.56,14,0.45,33.02,1.13,0,1.133489,22.782283,0.133489,0
CUST_002288,24.61,22.77,455.12,13,-1.84,114,0.95,26.78,0.92,1,0.925234,19.987703,-0.074766,0
CUST_006311,37.17,11.78,226.62,37,-25.39,2,0.05,34.09,0.83,1,0.316922,19.237691,-0.683078,1
CUST_000380,31.2,25.49,395.65,8,-5.71,39,0.88,34.23,0.93,0,0.816987,15.521773,-0.183013,0
CUST_005207,16.02,24.06,571.43,23,8.05,169,0.11,15.68,1.07,1,1.501873,23.750208,0.502497,1
CUST_008904,19.66,45.91,1037.17,38,26.25,178,0.19,21.37,1.02,0,2.335198,22.591374,1.335198,1
CUST_002425,20.58,23.37,537.71,9,2.78,131,0.9,21.98,1.01,0,1.135569,23.008558,0.135083,0
CUST_006954,30.54,29.38,716.97,36,-1.16,10,0.01,32.75,1.02,2,0.962017,24.403336,-0.037983,1
CUST_007095,24.14,24.92,388.03,33,0.78,194,0.26,25.72,1.02,2,1.032312,15.571027,0.032312,1
CUST_002508,33.96,39.74,881.41,12,5.78,174,0.59,31.64,1.07,0,1.1702,22.179416,0.1702,0
CUST_003584,18.54,16.38,251.59,4,-2.16,71,0.69,18.4,0.97,0,0.883495,15.359585,-0.116505,0
CUST_005466,27.32,24.36,530.5,36,-2.96,199,0.05,28.04,0.98,0,0.891654,21.777504,-0.108346,1
CUST_000362,20.89,18.61,329.1,12,-2.28,119,0.72,22.13,0.9,0,0.890857,17.684041,-0.109143,0
CUST_000981,16.59,15.06,317.44,4,-1.53,174,0.91,15.91,0.94,0,0.907776,21.078353,-0.092224,0
CUST_004236,26.12,26.52,636.89,4,0.4,109,0.67,24.07,1.09,0,1.015314,24.01546,0.015314,0
CUST_009284,23.95,10.16,167.53,25,-13.79,129,0.14,18.89,1.06,2,0.424217,16.489173,-0.575783,1
CUST_000974,31.03,30.13,531.96,3,-0.91,154,0.84,29.0,0.86,0,0.970996,17.655493,-0.029326,0
CUST_009304,26.31,12.41,134.85,29,-13.9,2,0.03,21.4,1.18,0,0.471684,10.866237,-0.528316,1
CUST_006937,20.1,43.65,623.78,17,23.55,8,0.35,21.75,0.87,3,2.171642,14.290493,1.171642,1
CUST_004743,25.07,19.88,368.01,7,-5.19,43,0.63,24.91,0.9,0,0.79298,18.511569,-0.20702,0
CUST_009448,21.56,56.0,990.39,42,34.43,6,0.16,24.26,1.04,2,2.597403,17.685536,1.596939,1
CUST_001362,33.0,31.0,757.35,11,-2.0,58,0.62,31.11,0.83,0,0.939394,24.430645,-0.060606,0
CUST_002085,19.45,19.89,445.14,5,0.44,181,0.69,17.83,1.01,0,1.022622,22.38009,0.022622,0
CUST_004157,23.07,20.09,356.95,9,-2.98,159,0.77,25.57,0.93,0,0.870828,17.767546,-0.129172,0
CUST_000464,26.52,20.07,394.89,15,-6.45,74,0.98,24.9,0.85,1,0.756787,19.675635,-0.243213,0
CUST_000978,16.61,18.65,393.36,7,2.04,53,0.83,15.26,1.11,0,1.122818,21.091689,0.122818,0
CUST_004821,21.59,18.27,420.96,9,-3.32,44,0.91,21.91,0.89,0,0.846225,23.041051,-0.153775,0
CUST_008006,23.21,52.28,1024.48,17,29.07,7,0.1,23.39,1.14,1,2.252477,19.596021,1.252477,1
CUST_004842,31.82,25.98,474.17,6,-5.84,20,0.91,30.22,0.89,0,0.816468,18.251347,-0.183532,0
CUST_004196,25.32,26.75,473.52,5,1.43,179,0.97,24.14,1.1,0,1.056477,17.701682,0.056477,0
CUST_002284,30.18,28.99,532.85,6,-1.2,99,0.91,32.01,1.11,0,0.96057,18.380476,-0.039761,0
CUST_002151,29.78,28.92,599.04,11,-0.86,119,0.98,28.09,0.96,0,0.971122,20.713693,-0.028878,0
CUST_003922,20.94,18.29,321.2,10,-2.65,33,0.93,22.83,0.92,0,0.873448,17.561509,-0.126552,0
CUST_000115,34.17,26.26,566.44,5,-7.91,127,0.51,32.41,0.9,0,0.76851,21.570449,-0.23149,0
CUST_001111,23.85,18.36,368.66,3,-5.49,66,0.95,21.75,0.88,0,0.769811,20.079521,-0.230189,0
CUST_000136,33.61,36.58,761.86,7,2.97,79,0.57,34.6,0.99,1,1.088367,20.827228,0.088367,0
CUST_002980,23.54,23.55,536.19,8,0.01,81,0.94,21.88,1.0,0,1.000425,22.768153,0.000425,0
CUST_007145,25.94,54.48,752.29,16,28.54,126,0.22,28.2,0.84,3,2.100231,13.808554,1.100231,1
CUST_002532,34.19,33.25,790.56,6,-0.94,159,0.96,33.08,0.85,0,0.972507,23.776241,-0.027493,0
CUST_004392,14.84,13.8,250.37,13,-1.04,217,0.96,15.95,0.92,0,0.929919,18.142754,-0.070081,0
CUST_008886,37.31,14.39,206.32,42,-22.92,201,0.25,29.15,0.96,1,0.385687,14.337735,-0.614313,1
CUST_002672,26.13,24.65,548.72,5,-1.48,68,0.97,24.41,1.05,0,0.94336,22.260446,-0.05664,0
CUST_004621,25.88,35.2,651.76,8,9.33,147,0.93,27.39,1.2,0,1.360124,18.515909,0.36051,0
CUST_006046,20.41,42.7,749.02,42,22.3,9,0.38,21.18,0.84,1,2.092112,17.541452,1.092602,1
CUST_006847,22.99,53.15,1191.8,25,30.16,4,0.09,24.82,0.92,2,2.311875,22.42333,1.311875,1
CUST_000157,21.13,20.67,467.34,7,-0.46,181,0.97,21.43,1.14,0,0.97823,22.609579,-0.02177,0
CUST_009239,20.84,9.75,159.4,21,-11.09,5,0.08,16.74,1.17,1,0.46785,16.348718,-0.53215,1
CUST_008801,32.38,14.93,260.83,39,-17.44,196,0.36,29.58,1.15,1,0.461087,17.470194,-0.538604,1
CUST_003728,26.46,25.59,482.75,8,-0.87,160,0.98,27.43,0.96,0,0.96712,18.864791,-0.03288,0
CUST_001043,32.13,38.3,835.58,10,6.17,114,0.74,33.24,1.05,0,1.192032,21.81671,0.192032,0
CUST_007981,27.33,58.57,997.18,24,31.25,223,0.31,32.14,0.86,0,2.143066,17.02544,1.143432,1
CUST_009410,14.24,15.13,325.01,37,0.88,8,0.49,15.36,1.14,3,1.0625,21.481163,0.061798,1
CUST_002207,16.84,15.66,300.83,6,-1.18,12,0.78,17.89,1.09,0,0.929929,19.210089,-0.070071,0
CUST_006540,20.12,8.52,136.71,18,-11.59,8,0.15,17.29,1.06,1,0.423459,16.045775,-0.576044,1
CUST_002193,22.07,18.85,336.46,6,-3.22,169,0.73,22.74,0.82,0,0.854101,17.849337,-0.145899,0
CUST_003300,17.16,17.45,270.96,8,0.29,121,0.95,18.89,0.89,0,1.0169,15.527794,0.0169,0
CUST_001762,22.46,30.17,523.72,5,7.7,145,0.93,24.15,1.17,0,1.343277,17.358966,0.342832,0
CUST_009229,24.08,27.59,558.11,35,3.5,11,0.01,22.09,1.05,2,1.145764,20.228706,0.145349,1
CUST_009074,23.5,42.41,1037.59,30,18.91,4,0.21,22.9,0.9,2,1.804681,24.465692,0.804681,1
CUST_000337,32.57,29.68,471.74,10,-2.89,16,0.83,32.45,1.05,0,0.911268,15.894205,-0.088732,0
CUST_002283,35.28,40.79,806.12,9,5.51,43,0.8,33.72,1.02,0,1.156179,19.762687,0.156179,0
CUST_000423,30.11,22.29,361.2,6,-7.82,22,0.82,33.4,0.82,0,0.740286,16.204576,-0.259714,0
CUST_002412,34.87,33.22,814.39,8,-1.65,217,0.87,33.36,1.02,0,0.952681,24.515051,-0.047319,0
CUST_001834,31.12,28.9,555.05,11,-2.22,136,1.0,32.9,1.01,0,0.928663,19.205882,-0.071337,0
CUST_003184,32.72,24.72,468.19,5,-7.99,20,0.82,33.89,0.87,0,0.755501,18.939725,-0.244193,0
CUST_000435,23.97,27.64,448.64,3,3.67,32,0.75,26.63,1.02,1,1.153108,16.231548,0.153108,0
CUST_003400,15.42,13.1,247.91,12,-2.32,114,0.55,15.26,0.94,0,0.849546,18.924427,-0.150454,0
CUST_006374,33.68,32.93,803.44,34,-0.75,7,0.39,30.65,1.19,1,0.977732,24.398421,-0.022268,1
CUST_002189,29.23,30.09,633.13,5,0.86,235,0.93,26.94,1.02,0,1.029422,21.04121,0.029422,0
CUST_001161,23.86,22.3,555.92,8,-1.57,182,0.94,24.02,1.02,0,0.934619,24.929148,-0.065801,0
CUST_003518,21.84,22.86,411.52,9,1.01,176,0.48,21.04,1.18,0,1.046703,18.00175,0.046245,0
CUST_006686,28.78,11.33,192.7,30,-17.45,141,0.09,26.57,0.98,1,0.393676,17.007944,-0.606324,1
CUST_006774,26.65,56.55,988.89,37,29.89,8,0.44,29.16,0.89,0,2.121951,17.487003,1.121576,1
CUST_004223,35.53,26.31,655.86,8,-9.22,210,0.97,33.77,0.84,0,0.740501,24.928164,-0.259499,0
CUST_004328,15.15,14.29,261.22,10,-0.86,55,0.97,16.16,0.96,0,0.943234,18.279916,-0.056766,0
CUST_002640,32.29,37.21,689.72,7,4.91,14,0.96,32.89,1.05,0,1.152369,18.535877,0.152059,0
CUST_006997,29.01,71.59,1372.3,43,42.58,9,0.02,26.47,1.1,0,2.46777,19.168878,1.46777,1
CUST_007746,25.17,8.37,100.0,39,-16.79,148,0.02,20.14,0.83,1,0.332539,11.947431,-0.667064,1
CUST_003053,21.5,23.65,383.89,3,2.15,16,0.92,22.78,1.12,0,1.1,16.232135,0.1,0
CUST_005766,16.15,14.26,353.79,54,-1.89,178,0.02,17.0,0.95,3,0.882972,24.809958,-0.117028,1
CUST_003097,27.05,29.02,585.0,7,1.98,122,0.8,24.72,1.17,0,1.072828,20.158511,0.073198,0
CUST_008875,33.72,14.11,184.76,36,-19.6,164,0.41,29.39,1.05,1,0.418446,13.094259,-0.581257,1
CUST_009486,22.35,40.84,972.43,29,18.49,10,0.22,22.47,0.87,2,1.827293,23.810725,0.827293,1
CUST_005587,25.2,27.68,692.04,22,2.49,158,0.02,26.21,1.12,2,1.098413,25.001445,0.09881,1
CUST_002982,21.56,24.62,550.67,7,3.06,145,0.91,21.07,1.2,0,1.141929,22.366775,0.141929,0
CUST_004407,22.29,23.73,388.38,5,1.44,32,0.72,21.82,1.18,0,1.064603,16.366625,0.064603,0
CUST_003564,14.56,15.58,286.45,7,1.02,151,0.9,15.27,1.0,0,1.070055,18.385751,0.070055,0
CUST_001203,29.91,26.06,439.26,12,-3.85,146,0.93,27.48,0.9,0,0.871281,16.855718,-0.128719,0
CUST_003479,30.96,34.24,647.34,3,3.28,81,0.71,33.14,1.07,0,1.105943,18.905958,0.105943,0
CUST_003050,29.27,20.75,344.04,6,-8.53,174,0.84,27.04,0.82,0,0.708917,16.580241,-0.291425,0
CUST_009476,27.61,79.33,1359.16,28,51.72,4,0.06,30.61,1.15,2,2.873234,17.132989,1.873234,1
CUST_008609,25.88,69.95,1507.63,42,44.06,184,0.01,26.31,1.08,1,2.702859,21.552966,1.702473,1
CUST_005608,20.2,52.86,1171.53,33,32.66,200,0.23,21.17,1.05,0,2.616832,22.162883,1.616832,1
CUST_003519,20.85,25.74,532.95,6,4.89,147,0.55,19.28,1.17,0,1.234532,20.705128,0.234532,0
CUST_003710,15.43,13.37,308.24,11,-2.05,17,0.96,16.94,0.89,0,0.866494,23.0546,-0.132858,0
CUST_005078,19.34,8.56,150.31,39,-10.78,8,0.01,18.67,0.97,1,0.442606,17.559579,-0.557394,1
CUST_002450,35.02,41.38,1003.53,4,6.36,51,0.88,34.64,1.15,0,1.181611,24.251571,0.181611,0
CUST_001086,32.52,34.38,708.51,6,1.86,19,0.75,29.57,1.19,0,1.057196,20.608202,0.057196,0
CUST_000367,20.78,16.33,257.79,5,-4.45,42,0.79,22.33,0.82,0,0.785852,15.786283,-0.214148,0
CUST_008017,28.34,12.93,136.71,40,-15.42,4,0.04,25.58,1.14,1,0.456246,10.573086,-0.544107,1
CUST_004590,33.68,37.69,594.3,5,4.01,212,0.9,34.35,1.09,0,1.119062,15.768108,0.119062,0
CUST_003000,24.93,21.69,459.75,10,-3.24,58,0.48,25.05,0.92,0,0.870036,21.196404,-0.129964,0
CUST_007626,28.36,57.49,1088.46,30,29.13,1,0.39,34.93,0.81,1,2.027151,18.933032,1.027151,1
CUST_007211,20.63,8.31,144.0,42,-12.32,5,0.35,17.21,1.01,1,0.402811,17.32852,-0.597189,1
CUST_005316,20.69,7.18,102.43,39,-13.52,8,0.14,16.65,0.87,1,0.347028,14.266017,-0.653456,1
CUST_008194,21.6,51.5,731.37,15,29.9,177,0.02,21.73,0.95,1,2.384259,14.201359,1.384259,1
CUST_006439,17.69,6.12,100.0,30,-11.57,227,0.19,17.46,0.87,0,0.345958,16.339869,-0.654042,1
CUST_008043,18.65,18.82,287.82,50,0.17,5,0.04,18.65,1.01,2,1.009115,15.293305,0.009115,1
CUST_005198,16.26,17.24,393.53,48,0.97,184,0.12,15.11,1.06,3,1.060271,22.826566,0.059656,1
CUST_008129,16.77,36.86,677.71,37,20.09,11,0.2,18.04,1.08,2,2.197973,18.386055,1.197973,1
CUST_001976,33.0,25.6,396.88,7,-7.4,167,0.96,30.8,0.85,0,0.775758,15.503125,-0.224242,0
CUST_002617,20.24,18.77,324.19,7,-1.47,116,0.75,19.78,0.92,0,0.927372,17.27171,-0.072628,0
CUST_006760,30.64,70.54,1198.45,24,39.91,7,0.44,31.87,0.92,0,2.302219,16.989651,1.302546,1
CUST_003866,32.67,33.03,650.75,7,0.36,214,0.98,32.37,0.97,0,1.011019,19.701786,0.011019,0
CUST_005434,20.0,52.13,1053.73,20,32.13,5,0.17,23.5,1.04,1,2.6065,20.213505,1.6065,1
CUST_000385,31.94,28.19,664.94,7,-3.75,110,0.86,32.09,0.8,0,0.882592,23.587797,-0.117408,0
CUST_002678,24.84,24.5,471.64,7,-0.33,198,0.82,22.7,0.88,0,0.986312,19.250612,-0.013285,0
CUST_007824,16.39,36.69,553.26,34,20.31,7,0.04,16.54,0.9,0,2.23856,15.079313,1.23917,1
CUST_001315,22.0,18.33,454.35,11,-3.67,229,0.96,22.44,0.87,0,0.833182,24.787234,-0.166818,0
CUST_004405,16.32,20.24,365.44,10,3.92,37,0.95,16.1,1.08,0,1.240196,18.055336,0.240196,0
CUST_005866,42.03,19.4,215.62,41,-22.63,149,0.44,33.28,1.15,1,0.461575,11.114433,-0.538425,1
CUST_000622,25.45,25.28,431.96,7,-0.17,27,0.73,27.19,0.95,0,0.99332,17.087025,-0.00668,0
CUST_002721,26.32,28.62,536.57,10,2.3,108,0.82,24.06,0.98,0,1.087386,18.748078,0.087386,0
CUST_006417,27.98,11.63,184.81,29,-16.35,164,0.01,23.42,1.04,0,0.415654,15.8908,-0.584346,1
CUST_009783,28.3,28.8,550.29,44,0.5,238,0.48,30.51,0.99,1,1.017668,19.107292,0.017668,1
CUST_009167,20.6,26.67,608.72,27,6.06,9,0.07,21.49,0.87,2,1.29466,22.824147,0.294175,1
CUST_005756,22.15,18.34,421.87,26,-3.81,224,0.01,22.72,0.88,0,0.827991,23.002726,-0.172009,1
CUST_004999,36.11,29.07,509.2,7,-7.05,50,0.86,34.57,0.84,0,0.80504,17.51634,-0.195237,0
CUST_000154,32.62,36.05,701.29,4,3.43,172,0.98,34.16,1.01,0,1.10515,19.453259,0.10515,0
CUST_003844,36.05,36.01,685.38,4,-0.04,74,1.0,33.83,0.93,0,0.99889,19.033046,-0.00111,0
CUST_003926,31.74,35.08,564.29,13,3.34,194,0.71,33.96,0.97,0,1.10523,16.085804,0.10523,0
CUST_008945,17.28,37.14,777.57,31,19.87,11,0.03,20.59,0.86,1,2.149306,20.936187,1.149884,1
CUST_006309,15.18,13.16,266.99,51,-2.01,10,0.06,15.76,0.82,1,0.86693,20.287994,-0.132411,1
CUST_005602,32.93,26.96,408.01,45,-5.98,8,0.01,32.46,0.86,0,0.818706,15.133902,-0.181597,1
CUST_003055,25.74,27.26,519.25,11,1.52,69,0.69,27.22,1.12,1,1.059052,19.048056,0.059052,0
CUST_004853,25.78,21.37,533.84,7,-4.42,152,0.99,25.92,0.87,0,0.828937,24.980814,-0.171451,0
CUST_001724,18.8,21.21,338.45,10,2.42,55,0.76,19.41,1.07,0,1.128191,15.957096,0.128723,0
CUST_002693,31.71,33.89,548.15,12,2.18,41,0.93,34.0,0.94,0,1.068748,16.174388,0.068748,0
CUST_005693,32.27,14.17,206.48,24,-18.1,220,0.26,27.31,1.1,0,0.439108,14.57163,-0.560892,1
CUST_004760,36.45,33.59,532.0,5,-2.86,68,0.98,33.62,0.87,0,0.921536,15.838047,-0.078464,0
CUST_000173,21.36,19.81,299.9,7,-1.54,164,0.87,23.68,0.9,0,0.927434,15.138819,-0.072097,0
CUST_008652,28.86,12.86,160.64,43,-16.0,7,0.04,25.32,1.11,3,0.445599,12.491446,-0.554401,1
CUST_000884,18.5,17.15,364.62,6,-1.35,230,0.91,17.66,0.87,0,0.927027,21.260641,-0.072973,0
CUST_008155,25.98,59.76,847.63,32,33.78,192,0.02,27.49,0.92,1,2.300231,14.183902,1.300231,1
CUST_004848,15.97,16.06,358.79,4,0.09,170,0.97,15.26,1.18,0,1.005636,22.340598,0.005636,0
CUST_003063,32.63,40.14,646.52,12,7.52,30,0.91,30.95,1.18,0,1.230156,16.106627,0.230463,0
CUST_000789,32.8,39.18,637.31,4,6.38,222,0.94,31.65,1.07,0,1.194512,16.266207,0.194512,0
CUST_001205,27.57,27.49,414.21,7,-0.08,162,0.56,25.47,1.15,0,0.997098,15.067661,-0.002902,0
CUST_006731,33.34,29.14,528.42,51,-4.2,7,0.4,31.06,0.89,2,0.874025,18.133837,-0.125975,1
CUST_001985,21.66,22.5,399.89,3,0.85,47,0.89,20.29,1.18,0,1.038781,17.772889,0.039243,0
CUST_004945,29.04,25.31,540.43,8,-3.73,59,0.82,29.62,0.81,0,0.871556,21.35243,-0.128444,0
CUST_000176,24.6,21.17,356.93,3,-3.43,225,0.82,25.05,0.82,0,0.860569,16.860179,-0.139431,0
CUST_003488,23.34,28.76,565.64,5,5.42,219,0.93,24.15,1.15,0,1.232219,19.667594,0.232219,0
CUST_005009,35.25,12.31,193.61,30,-22.93,233,0.3,34.15,0.87,3,0.34922,15.727864,-0.650496,1
CUST_007286,24.65,29.67,466.3,28,5.02,121,0.12,25.37,1.15,0,1.203651,15.716212,0.203651,1
CUST_003034,20.84,17.99,434.82,8,-2.85,146,1.0,23.08,0.99,0,0.863244,24.170094,-0.136756,0
CUST_000559,25.08,23.74,528.81,9,-1.34,83,1.0,24.39,0.85,0,0.946571,22.275063,-0.053429,0
CUST_000871,20.15,17.0,414.14,9,-3.15,122,0.72,18.98,0.88,0,0.843672,24.361176,-0.156328,0
CUST_004348,25.09,30.92,753.6,9,5.83,157,0.86,27.86,1.08,0,1.232363,24.372574,0.232363,0
CUST_003941,29.9,31.15,585.94,5,1.25,35,0.87,29.68,1.16,0,1.041806,18.810273,0.041806,0
CUST_007565,14.39,42.69,834.22,23,28.29,9,0.08,16.97,1.19,1,2.966644,19.541345,1.965949,1
CUST_001913,17.59,18.84,335.31,8,1.25,62,0.85,17.6,0.98,0,1.071063,17.797771,0.071063,0
CUST_004194,18.49,23.94,568.22,5,5.46,32,0.96,17.67,1.14,0,1.294754,23.735171,0.295295,0
CUST_000821,18.27,20.0,465.48,9,1.73,29,0.97,17.06,0.97,0,1.094691,23.274,0.094691,0
CUST_003684,19.09,21.57,388.96,11,2.48,51,0.81,20.56,1.08,0,1.129911,18.032452,0.129911,0
CUST_004046,26.29,33.54,672.69,2,7.25,73,0.72,24.64,1.14,0,1.27577,20.056351,0.27577,0
CUST_003404,29.55,34.37,626.24,6,4.82,73,0.97,27.11,1.17,0,1.163113,18.220541,0.163113,0
CUST_005689,32.57,30.23,668.0,55,-2.33,128,0.06,32.5,0.97,0,0.928155,22.097254,-0.071538,1
CUST_003109,16.46,14.88,367.15,7,-1.58,142,0.57,17.64,0.84,0,0.90401,24.674059,-0.09599,0
CUST_009104,31.81,26.87,485.89,41,-4.94,2,0.5,33.8,0.82,1,0.844703,18.082992,-0.155297,1
CUST_009539,35.18,49.93,1014.95,18,14.75,1,0.23,33.49,1.17,3,1.419272,20.327458,0.419272,1
CUST_009679,20.09,56.05,789.7,25,35.96,6,0.18,21.69,1.12,2,2.789945,14.089206,1.789945,1
CUST_005953,28.99,69.06,1494.64,33,40.07,188,0.22,30.86,0.87,2,2.382201,21.64263,1.382201,1
CUST_003038,23.01,18.98,460.19,7,-4.03,87,0.45,21.02,0.86,0,0.824859,24.246048,-0.175141,0
CUST_004702,16.76,16.93,396.86,2,0.17,239,0.8,16.25,0.92,0,1.010143,23.441229,0.010143,0
CUST_001712,18.19,17.1,325.7,5,-1.08,59,0.6,19.05,1.04,0,0.940077,19.046784,-0.059373,0
CUST_008112,21.53,46.42,818.4,33,24.88,7,0.01,21.97,0.83,1,2.156061,17.630332,1.155597,1
CUST_004731,20.77,18.58,385.96,9,-2.19,142,0.9,22.63,0.83,0,0.894559,20.772874,-0.105441,0
CUST_002041,29.77,22.32,542.97,8,-7.45,196,0.89,28.89,0.82,0,0.749748,24.326613,-0.250252,0
CUST_001581,21.97,18.88,403.69,10,-3.1,226,0.81,22.02,0.84,0,0.859354,21.381886,-0.141102,0
CUST_005433,27.22,76.23,1323.04,32,49.01,206,0.27,30.74,1.12,1,2.800514,17.355897,1.800514,1
CUST_005010,30.45,13.25,170.15,43,-17.2,5,0.19,24.04,1.09,0,0.43514,12.841509,-0.56486,1
CUST_002272,27.82,29.9,541.88,4,2.09,239,0.87,26.91,1.18,0,1.074766,18.123077,0.075126,0
CUST_004104,26.4,24.47,436.85,10,-1.93,193,0.83,24.57,0.86,0,0.926894,17.852472,-0.073106,0
CUST_006168,29.94,29.47,604.3,47,-0.47,211,0.05,30.69,1.09,0,0.984302,20.505599,-0.015698,1
CUST_006701,15.52,18.18,291.41,27,2.66,141,0.02,16.11,1.18,0,1.171392,16.029153,0.171392,1
CUST_003285,22.11,24.28,454.14,8,2.17,219,1.0,20.24,1.2,0,1.098146,18.704283,0.098146,0
CUST_002228,33.89,28.77,701.45,2,-5.11,230,0.62,34.02,0.82,0,0.848923,24.3813,-0.150782,0
CUST_003347,29.15,30.51,499.34,10,1.36,217,0.98,26.95,1.03,0,1.046655,16.366437,0.046655,0
CUST_005043,21.95,23.44,579.37,39,1.49,213,0.32,20.76,1.13,1,1.067882,24.71715,0.067882,1
CUST_006768,25.8,55.44,1106.33,23,29.64,181,0.19,31.09,0.86,0,2.148837,19.955447,1.148837,1
CUST_006683,19.04,41.47,889.24,28,22.43,219,0.04,23.32,0.87,1,2.178046,21.442971,1.178046,1
CUST_008508,23.9,57.68,1420.89,44,33.78,139,0.0,21.76,0.87,1,2.413389,24.634015,1.413389,1
CUST_003857,13.85,12.01,212.0,6,-1.84,139,0.99,15.12,0.96,0,0.867148,17.651957,-0.132852,0
CUST_000241,36.15,27.31,573.4,4,-8.84,23,0.97,34.01,0.81,0,0.755463,20.995972,-0.244537,0
CUST_001219,31.4,32.59,746.35,5,1.19,180,0.88,33.53,1.01,1,1.037898,22.901197,0.037898,0
CUST_005707,16.19,41.82,671.82,38,25.63,8,0.28,17.77,1.03,1,2.583076,16.064562,1.583076,1
CUST_007240,26.98,11.54,177.25,18,-15.44,2,0.15,20.82,1.07,1,0.427724,15.359619,-0.572276,1
CUST_006995,24.05,7.7,126.77,40,-16.35,5,0.46,21.34,0.8,2,0.320166,16.463636,-0.679834,1
CUST_000875,32.73,24.57,543.7,10,-8.16,121,0.78,33.44,0.82,0,0.750687,22.128612,-0.249313,0
CUST_005031,19.34,27.7,622.14,33,8.36,6,0.22,17.68,0.88,1,1.432265,22.459928,0.432265,1
CUST_008614,21.93,27.11,448.33,25,5.18,10,0.0,22.99,1.15,2,1.236206,16.53744,0.236206,1
CUST_007148,20.62,58.37,1219.07,21,37.75,10,0.02,24.76,1.13,1,2.830747,20.885215,1.830747,1
CUST_002258,31.66,25.23,545.46,8,-6.43,205,0.54,31.15,0.83,0,0.796905,21.619501,-0.203095,0
CUST_001723,22.44,22.76,359.8,4,0.32,126,0.96,22.62,0.96,0,1.01426,15.808436,0.01426,0
CUST_000539,30.89,28.37,539.28,7,-2.52,24,0.96,34.25,0.98,0,0.91842,19.008812,-0.08158,0
CUST_007784,26.0,12.2,176.21,25,-13.8,8,0.37,22.07,1.17,2,0.469231,14.443443,-0.530769,1
CUST_000630,16.28,14.87,239.14,4,-1.41,148,0.83,17.64,1.07,0,0.913391,16.082044,-0.086609,0
CUST_000157,21.13,20.67,467.34,7,-0.46,181,0.97,21.43,1.14,0,0.97823,22.609579,-0.02177,0
CUST_002010,19.72,17.85,367.47,1,-1.88,79,0.57,18.68,0.82,1,0.905172,20.586555,-0.095335,0
CUST_001774,22.5,24.85,416.73,5,2.34,60,0.78,20.62,1.06,0,1.104444,16.769819,0.104,0
CUST_000687,30.45,28.05,548.76,8,-2.39,74,0.91,31.82,0.82,0,0.921182,19.563636,-0.078489,0
CUST_002986,18.21,14.24,235.19,4,-3.96,62,0.81,19.14,0.88,0,0.781988,16.516152,-0.217463,0
CUST_000079,26.77,21.43,478.09,5,-5.34,196,0.87,26.6,0.9,0,0.800523,22.309379,-0.199477,0
CUST_001319,32.77,41.21,697.17,10,8.44,114,0.75,31.49,1.1,0,1.257553,16.917496,0.257553,0
CUST_003376,18.49,22.57,390.35,6,4.08,46,0.5,18.99,1.15,0,1.22066,17.295082,0.22066,0
CUST_008191,28.3,22.2,358.63,35,-6.11,3,0.13,27.95,1.0,2,0.784452,16.154505,-0.215901,1
CUST_002033,20.31,16.59,358.08,4,-3.72,106,0.9,21.68,0.9,0,0.816839,21.584087,-0.183161,0
CUST_000892,16.36,17.78,425.81,10,1.42,107,0.78,17.21,0.98,0,1.086797,23.948819,0.086797,0
CUST_003153,25.84,24.25,585.21,14,-1.58,158,0.89,24.06,0.95,0,0.938467,24.132371,-0.061146,0
CUST_008241,24.92,9.83,137.61,16,-15.09,9,0.0,22.05,0.99,0,0.394462,13.998983,-0.605538,1
CUST_006435,20.93,7.2,109.6,19,-13.73,3,0.05,16.52,0.86,2,0.344004,15.222222,-0.655996,1
CUST_008684,22.28,23.93,444.09,47,1.65,143,0.04,21.09,1.04,1,1.074057,18.557877,0.074057,1
CUST_000604,14.61,14.78,334.54,8,0.17,191,0.98,15.77,0.96,0,1.011636,22.634641,0.011636,0
CUST_003396,27.42,24.27,538.42,7,-3.14,146,0.88,26.79,0.99,0,0.88512,22.18459,-0.114515,0
CUST_001404,19.92,20.86,328.36,6,0.94,186,0.48,22.05,1.07,1,1.047189,15.741131,0.047189,0
CUST_002883,32.29,40.46,984.0,6,8.18,65,0.95,29.4,1.18,0,1.25302,24.320316,0.253329,0
CUST_001472,21.92,16.55,308.42,7,-5.37,167,0.77,20.18,0.87,0,0.755018,18.63565,-0.244982,0
CUST_007830,27.19,54.92,1182.73,15,27.74,8,0.09,29.78,1.03,1,2.01986,21.535506,1.020228,1
CUST_007984,23.22,9.28,110.96,15,-13.94,10,0.09,20.69,1.0,0,0.399655,11.956897,-0.600345,1
CUST_005036,17.75,8.48,141.68,34,-9.28,180,0.17,15.61,1.19,2,0.477746,16.707547,-0.522817,1
CUST_001901,18.94,25.72,637.42,9,6.78,142,1.0,18.32,1.19,0,1.357973,24.783048,0.357973,0
CUST_002585,23.75,28.32,480.09,6,4.57,111,0.87,25.14,1.18,0,1.192421,16.952331,0.192421,0
CUST_003861,26.98,31.07,726.95,4,4.09,36,0.92,25.45,1.07,0,1.151594,23.397168,0.151594,0
CUST_000623,34.67,38.31,830.35,10,3.64,197,0.77,31.87,1.09,0,1.10499,21.674498,0.10499,0
CUST_008076,21.21,47.32,672.39,25,26.11,11,0.3,21.76,0.89,0,2.231023,14.209425,1.231023,1
CUST_005656,22.79,10.73,119.35,40,-12.05,11,0.4,22.3,1.18,0,0.470821,11.12302,-0.528741,1
CUST_002572,24.63,24.89,530.23,6,0.26,223,0.52,25.5,1.07,0,1.010556,21.302933,0.010556,0
CUST_001321,24.19,19.86,492.03,10,-4.33,36,0.87,25.56,0.96,1,0.821,24.774924,-0.179,0
CUST_004792,15.61,16.83,401.34,9,1.21,80,0.77,15.0,0.99,0,1.078155,23.846702,0.077514,0
CUST_001045,18.1,21.33,391.23,9,3.23,144,0.95,18.71,1.08,0,1.178453,18.341772,0.178453,0
CUST_002310,33.24,37.44,583.0,8,4.21,229,0.96,32.7,1.11,0,1.126354,15.571581,0.126655,0
CUST_000328,22.86,20.85,354.29,6,-2.01,125,0.97,21.91,0.87,0,0.912073,16.992326,-0.087927,0
CUST_001455,28.77,23.53,434.84,5,-5.24,140,0.96,28.65,0.95,1,0.817866,18.480238,-0.182134,0
CUST_008519,15.18,12.5,228.38,48,-2.67,7,0.24,16.32,0.82,1,0.823452,18.2704,-0.175889,1
CUST_000782,16.19,11.9,256.21,4,-4.29,45,0.68,17.7,0.81,0,0.735022,21.530252,-0.264978,0
CUST_000243,21.19,20.53,405.27,9,-0.66,53,0.94,20.67,1.13,0,0.968853,19.74038,-0.031147,0
CUST_000576,23.04,21.58,493.37,8,-1.46,25,0.53,23.34,0.94,0,0.936632,22.862373,-0.063368,0
CUST_007562,41.9,17.51,204.12,40,-24.39,131,0.15,33.97,1.04,0,0.4179,11.657339,-0.5821,1
CUST_009865,18.76,15.83,272.38,41,-2.92,11,0.06,18.7,0.86,3,0.843817,17.20657,-0.15565,1
CUST_004767,25.05,23.9,590.95,4,-1.16,27,0.9,24.59,0.91,0,0.954092,24.725941,-0.046307,0
CUST_004350,36.9,36.08,704.05,1,-0.82,95,0.65,34.67,1.05,0,0.977778,19.513581,-0.022222,0
CUST_005688,30.46,34.85,770.86,51,4.39,1,0.26,28.86,1.1,1,1.144123,22.119369,0.144123,1
CUST_004615,27.97,21.85,420.0,6,-6.12,125,0.44,30.83,0.81,0,0.781194,19.221968,-0.218806,0
CUST_008666,21.53,14.78,292.68,35,-6.75,7,0.34,22.86,1.02,1,0.686484,19.802436,-0.313516,1
CUST_008279,19.57,13.61,247.38,44,-5.96,6,0.08,18.11,1.19,0,0.695452,18.176341,-0.304548,1
CUST_006846,25.71,10.35,131.32,41,-15.36,227,0.09,20.03,1.01,1,0.402567,12.687923,-0.597433,1
CUST_004278,15.56,15.09,232.49,5,-0.47,128,0.52,16.71,1.08,0,0.969794,15.406892,-0.030206,0
CUST_009447,27.53,35.41,777.93,40,7.88,8,0.21,29.31,0.85,0,1.286233,21.969218,0.286233,1
CUST_006362,21.1,51.59,1126.28,31,30.5,232,0.03,23.64,0.98,2,2.445024,21.831363,1.445498,1
CUST_008338,16.65,19.94,482.33,58,3.29,122,0.04,15.61,1.15,1,1.197598,24.189067,0.197598,1
CUST_004579,31.65,34.59,853.57,5,2.94,218,0.76,28.81,1.07,0,1.092891,24.676785,0.092891,0
CUST_000626,28.32,24.17,367.2,7,-4.15,17,0.87,28.93,0.91,0,0.85346,15.192387,-0.14654,0
CUST_001584,18.37,13.38,244.5,7,-4.98,75,0.93,18.73,0.85,0,0.728361,18.273543,-0.271094,0
CUST_007249,25.41,28.79,593.5,42,3.38,10,0.02,27.97,1.14,1,1.133018,20.614797,0.133018,1
CUST_003088,30.88,31.96,481.78,9,1.08,19,0.63,33.46,1.02,0,1.034974,15.074468,0.034974,0
CUST_006727,17.4,5.99,100.0,20,-11.41,10,0.21,15.87,0.86,3,0.344253,16.694491,-0.655747,1
CUST_003956,24.81,22.36,351.9,6,-2.45,234,0.88,24.16,0.96,0,0.901249,15.737925,-0.098751,0
CUST_006952,24.95,59.5,985.7,40,34.55,10,0.18,30.18,0.95,1,2.38477,16.566387,1.38477,1
CUST_006912,32.11,87.04,1472.15,23,54.93,10,0.55,33.7,1.08,2,2.710682,16.913488,1.710682,1
CUST_001217,15.45,13.43,241.1,11,-2.02,231,0.79,16.27,0.92,0,0.869256,17.952345,-0.130744,0
CUST_005315,17.84,51.27,970.99,23,33.44,8,0.05,18.9,1.15,1,2.873879,18.938756,1.874439,1
CUST_002325,23.84,26.23,567.06,11,2.39,111,0.75,24.69,1.06,0,1.100252,21.618757,0.100252,0
CUST_007506,30.25,58.5,1386.96,31,28.25,127,0.01,30.36,1.07,3,1.933884,23.708718,0.933884,1
CUST_008941,13.06,33.42,657.66,15,20.36,11,0.2,15.23,1.02,2,2.558959,19.678636,1.558959,1
CUST_008126,16.81,47.57,1035.89,17,30.76,8,0.02,19.83,1.13,0,2.829863,21.776119,1.829863,1
CUST_000800,22.83,27.52,422.66,15,4.69,61,0.74,21.58,1.15,0,1.205431,15.358285,0.205431,0
CUST_005312,20.82,62.31,1299.85,32,41.49,216,0.06,21.91,1.2,2,2.992795,20.861017,1.992795,1
CUST_001071,32.06,34.75,860.17,10,2.69,123,0.99,32.95,0.98,0,1.083905,24.753094,0.083905,0
CUST_004464,20.32,18.74,348.24,2,-1.57,232,0.82,20.87,0.97,0,0.922244,18.582711,-0.077264,0
CUST_006926,17.24,7.18,121.98,43,-10.06,5,0.37,15.35,1.04,1,0.416473,16.988858,-0.583527,1
CUST_004301,25.42,26.58,445.95,9,1.16,140,0.89,26.61,0.98,0,1.045633,16.777652,0.045633,0
CUST_009633,25.63,10.1,172.22,22,-15.53,4,0.36,22.85,0.98,1,0.394069,17.051485,-0.605931,1
CUST_001218,17.04,13.72,236.39,8,-3.32,232,0.36,17.08,0.91,0,0.805164,17.229592,-0.194836,0
CUST_008380,27.26,10.9,118.9,17,-16.36,3,0.44,24.44,1.0,1,0.399853,10.908257,-0.600147,1
CUST_001620,26.74,24.15,497.73,5,-2.59,214,0.65,26.04,1.04,0,0.903141,20.609938,-0.096859,0
CUST_000498,27.29,28.17,581.6,11,0.87,145,0.87,28.35,1.04,0,1.032246,20.646077,0.03188,0
CUST_006735,26.34,30.09,536.77,39,3.75,220,0.1,28.14,1.19,1,1.142369,17.838817,0.142369,1
CUST_006622,28.95,86.49,1572.51,34,57.54,147,0.52,33.61,1.19,1,2.987565,18.181408,1.987565,1
CUST_001719,34.76,33.48,820.55,8,-1.28,184,0.71,32.84,0.85,0,0.963176,24.508662,-0.036824,0
CUST_000142,13.96,11.34,245.63,7,-2.62,169,0.9,15.49,0.92,0,0.812321,21.660494,-0.187679,0
CUST_002298,19.44,17.2,270.06,4,-2.23,234,0.98,21.34,1.0,0,0.884774,15.701163,-0.114712,0
CUST_004866,17.0,19.73,418.89,5,2.73,162,0.76,17.16,1.06,0,1.160588,21.23112,0.160588,0
CUST_009806,21.43,9.01,145.34,16,-12.43,220,0.06,19.54,1.05,3,0.420439,16.130966,-0.580028,1
CUST_001383,30.31,30.5,637.82,15,0.19,201,0.74,30.49,0.95,0,1.006269,20.912131,0.006269,0
CUST_008004,39.4,15.38,251.75,36,-24.02,235,0.24,33.63,0.98,0,0.390355,16.368661,-0.609645,1
CUST_005978,20.3,44.64,999.22,17,24.34,10,0.01,19.34,0.96,0,2.199015,22.383961,1.199015,1
CUST_006416,33.05,11.77,127.43,20,-21.28,206,0.06,30.99,0.89,2,0.356127,10.826678,-0.643873,1
CUST_004661,23.0,23.33,573.51,5,0.33,44,0.97,23.11,1.01,0,1.014348,24.582512,0.014348,0
CUST_002992,32.83,34.04,697.19,7,1.22,132,0.88,34.18,0.93,0,1.036857,20.481492,0.037161,0
CUST_007408,26.37,36.31,725.49,27,9.94,161,0.24,27.31,1.17,2,1.376943,19.980446,0.376943,1
CUST_005834,25.72,62.34,1228.77,31,36.62,3,0.08,24.4,0.84,1,2.423795,19.71078,1.423795,1
CUST_004315,31.2,37.83,893.7,7,6.63,185,0.9,31.57,1.06,0,1.2125,23.624108,0.2125,0
CUST_005963,35.09,14.79,213.27,38,-20.3,3,0.3,30.67,1.05,2,0.421488,14.419878,-0.578512,1
CUST_002573,31.24,36.13,668.2,4,4.89,125,0.92,33.84,1.05,0,1.15653,18.494326,0.15653,0
CUST_006317,33.02,28.19,664.26,36,-4.83,6,0.26,33.99,0.84,3,0.853725,23.563675,-0.146275,1
CUST_000864,23.43,23.28,559.29,5,-0.15,213,0.76,22.49,0.99,0,0.993598,24.024485,-0.006402,0
CUST_004468,21.25,23.91,564.77,9,2.66,50,0.78,21.52,0.98,0,1.125176,23.620661,0.125176,0
CUST_000662,21.07,25.68,636.69,11,4.61,136,0.92,23.35,1.08,0,1.218794,24.793224,0.218794,0
CUST_008164,30.86,72.89,1013.78,37,42.03,4,0.3,33.89,0.94,1,2.361957,13.908355,1.361957,1
CUST_007712,23.0,52.0,899.1,19,29.0,9,0.22,24.82,0.9,1,2.26087,17.290385,1.26087,1
CUST_002200,32.68,35.23,874.74,3,2.55,148,0.91,33.82,0.96,0,1.078029,24.829407,0.078029,0
CUST_006314,17.22,6.7,100.0,27,-10.52,3,0.45,15.44,0.97,1,0.389082,14.925373,-0.610918,1
CUST_005941,26.27,31.36,754.19,47,5.08,9,0.03,28.79,1.17,0,1.193757,24.049426,0.193376,1
CUST_004913,27.4,28.73,541.24,7,1.33,193,0.9,27.82,0.95,0,1.04854,18.838844,0.04854,0
CUST_004388,26.07,26.11,579.07,8,0.04,44,0.99,26.98,1.05,0,1.001534,22.178093,0.001534,0
CUST_005412,13.49,40.0,650.87,34,26.51,11,0.38,16.6,1.19,0,2.965159,16.27175,1.965159,1
CUST_001913,17.59,18.84,335.31,8,1.25,62,0.85,17.6,0.98,0,1.071063,17.797771,0.071063,0
CUST_004424,32.66,34.92,667.06,6,2.26,209,0.72,30.13,1.02,0,1.069198,19.10252,0.069198,0
CUST_006796,36.03,16.98,221.76,24,-19.05,9,0.21,34.88,1.18,2,0.471274,13.060071,-0.528726,1
CUST_001978,28.87,26.19,417.65,13,-2.68,34,0.91,31.75,1.0,1,0.90717,15.946926,-0.09283,0
CUST_003940,16.19,15.87,355.16,6,-0.33,150,0.78,15.36,0.89,0,0.980235,22.379332,-0.020383,0
CUST_009345,32.02,10.34,114.01,15,-21.68,199,0.32,29.88,0.81,1,0.322923,11.026112,-0.677077,1
CUST_003359,27.88,26.52,515.66,7,-1.37,82,0.8,25.52,0.97,0,0.95122,19.444193,-0.049139,0
CUST_009414,25.67,62.37,872.43,25,36.7,2,0.6,28.09,0.97,2,2.429684,13.987975,1.429684,1
CUST_000035,28.07,25.29,565.94,7,-2.78,229,0.99,30.2,1.01,0,0.900962,22.378015,-0.099038,0
CUST_004728,27.36,30.9,752.11,7,3.54,195,0.49,28.14,1.13,0,1.129386,24.340129,0.129386,0
CUST_000619,15.84,12.62,292.14,8,-3.23,217,0.72,16.44,0.82,0,0.796717,23.14897,-0.203914,0
CUST_000800,22.83,27.52,422.66,15,4.69,61,0.74,21.58,1.15,0,1.205431,15.358285,0.205431,0
CUST_001233,30.46,30.22,523.62,9,-0.24,35,0.79,28.06,0.87,1,0.992121,17.326936,-0.007879,0
CUST_000396,25.27,25.24,468.62,4,-0.03,24,0.82,24.68,1.06,0,0.998813,18.566561,-0.001187,0
CUST_008351,29.95,11.68,141.07,41,-18.27,138,0.16,25.64,0.98,0,0.389983,12.077911,-0.610017,1
CUST_005289,28.41,31.02,489.78,41,2.61,11,0.31,31.12,1.05,1,1.091869,15.789168,0.091869,1
CUST_001434,19.62,18.3,421.41,11,-1.32,106,0.85,21.56,0.97,0,0.932722,23.027869,-0.067278,0
CUST_002920,22.69,21.93,505.0,11,-0.76,106,0.61,22.43,1.01,0,0.966505,23.027816,-0.033495,0
CUST_003557,21.08,27.51,536.28,4,6.44,31,0.94,20.76,1.18,0,1.305028,19.494002,0.305503,0
CUST_001629,19.42,18.3,327.06,9,-1.12,153,0.95,21.35,0.95,0,0.942327,17.872131,-0.057673,0
CUST_007083,18.13,7.28,100.78,27,-10.85,5,0.33,18.11,1.0,1,0.401544,13.843407,-0.598456,1
CUST_002613,17.49,16.98,292.09,8,-0.51,88,0.74,18.54,0.86,0,0.97084,17.202002,-0.02916,0
CUST_004088,33.73,36.63,661.61,7,2.9,47,0.99,32.5,0.96,0,1.085977,18.061971,0.085977,0
CUST_000138,27.13,24.46,551.46,6,-2.67,75,0.72,26.86,1.04,0,0.901585,22.54538,-0.098415,0
CUST_004690,37.18,32.4,536.01,4,-4.78,201,0.86,34.65,0.82,0,0.871436,16.543519,-0.128564,0
CUST_003672,20.72,20.55,412.24,4,-0.17,175,0.96,21.06,0.95,0,0.991795,20.060341,-0.008205,0
CUST_008488,37.36,14.77,255.02,27,-22.59,10,0.04,31.83,0.99,0,0.395343,17.26608,-0.604657,1
CUST_003014,34.06,39.63,903.04,5,5.57,80,0.89,31.69,1.04,0,1.163535,22.786778,0.163535,0
CUST_003857,13.85,12.01,212.0,6,-1.84,139,0.99,15.12,0.96,0,0.867148,17.651957,-0.132852,0
CUST_003753,29.96,30.58,581.64,14,0.61,105,0.79,28.17,1.05,0,1.020694,19.020275,0.02036,0
CUST_009980,18.9,23.75,523.68,27,4.85,3,0.0,19.53,1.19,3,1.256614,22.049684,0.256614,1
CUST_007591,31.55,73.89,1047.94,25,42.34,6,0.46,32.54,0.94,0,2.341997,14.182433,1.341997,1
CUST_005256,17.22,16.43,274.31,29,-0.79,1,0.24,17.67,1.03,0,0.954123,16.695679,-0.045877,1
CUST_005751,27.1,65.53,1120.34,28,38.43,5,0.22,32.25,0.97,0,2.418081,17.096597,1.418081,1
CUST_002677,30.21,28.67,597.78,5,-1.54,238,0.7,30.9,0.91,0,0.949024,20.850366,-0.050976,0
CUST_001921,22.26,21.93,398.47,7,-0.33,41,0.9,20.77,0.93,0,0.985175,18.170087,-0.014825,0
CUST_000515,26.45,26.58,542.52,7,0.13,21,0.93,27.67,1.12,0,1.004915,20.410835,0.004915,0
CUST_001643,30.02,30.53,537.55,10,0.51,64,0.74,30.18,1.13,0,1.016989,17.607272,0.016989,0
CUST_002611,20.65,20.5,314.19,11,-0.15,112,0.99,19.49,0.93,0,0.992736,15.326341,-0.007264,0
CUST_006878,26.71,78.0,1661.54,30,51.29,3,0.02,28.65,1.17,3,2.920255,21.301795,1.920255,1
CUST_002660,36.14,33.7,780.45,6,-2.44,29,0.32,34.34,1.06,0,0.932485,23.158754,-0.067515,0
CUST_008934,33.84,25.38,486.3,24,-8.47,4,0.3,31.24,0.97,0,0.75,19.160757,-0.250296,1
CUST_005034,30.19,14.15,203.3,17,-16.04,2,0.03,27.95,1.17,1,0.468698,14.367491,-0.531302,1
CUST_009188,20.37,20.41,456.15,50,0.04,223,0.01,19.46,1.08,1,1.001964,22.349339,0.001964,1
CUST_002876,17.39,18.65,442.6,8,1.26,138,0.86,18.73,1.05,0,1.072455,23.731903,0.072455,0
CUST_007054,26.22,55.09,1348.6,41,28.87,8,0.23,25.68,0.89,3,2.101068,24.479942,1.101068,1
CUST_006853,26.8,69.12,1423.63,41,42.32,6,0.34,32.33,1.03,0,2.579104,20.596499,1.579104,1
CUST_003512,22.32,18.75,399.31,5,-3.57,31,0.96,23.67,0.84,0,0.840054,21.296533,-0.159946,0
CUST_000004,33.08,34.09,793.86,4,1.01,157,0.89,30.5,1.18,0,1.030532,23.287181,0.030532,0
CUST_001260,33.64,35.66,714.99,4,2.02,135,0.75,30.59,1.03,0,1.060048,20.050196,0.060048,0
CUST_003692,28.88,22.46,425.56,9,-6.42,118,0.67,31.08,0.85,0,0.777701,18.947462,-0.222299,0
CUST_000346,26.72,21.19,346.52,5,-5.54,217,0.92,26.23,0.87,0,0.793039,16.352997,-0.207335,0
CUST_007376,31.91,29.7,685.58,29,-2.2,3,0.03,29.38,0.85,0,0.930743,23.083502,-0.068944,1
CUST_006661,31.82,27.43,516.26,40,-4.39,162,0.01,30.7,0.87,1,0.862036,18.820999,-0.137964,1
CUST_007101,16.33,43.3,855.14,32,26.96,8,0.14,18.49,1.06,1,2.651562,19.749192,1.650949,1
CUST_008067,14.76,12.87,277.85,35,-1.89,9,0.02,15.07,0.92,0,0.871951,21.588967,-0.128049,1
CUST_001740,15.49,14.26,339.91,4,-1.23,226,0.88,17.14,1.06,0,0.920594,23.836606,-0.079406,0
CUST_007366,30.47,24.08,485.2,55,-6.4,164,0.13,31.29,0.82,1,0.790286,20.149502,-0.210043,1
CUST_000910,19.75,22.67,534.51,7,2.92,202,0.66,21.9,1.01,0,1.147848,23.577856,0.147848,0
CUST_009196,26.52,39.86,728.67,16,13.34,131,0.41,24.94,1.08,1,1.503017,18.280733,0.503017,1
CUST_000479,23.19,25.74,550.92,9,2.55,113,0.9,23.06,1.16,0,1.109961,21.403263,0.109961,0
CUST_009655,26.21,69.66,1368.66,27,43.44,10,0.09,27.65,1.06,1,2.657764,19.647717,1.657383,1
CUST_003650,27.62,36.07,560.32,4,8.45,119,0.84,29.01,1.14,0,1.305938,15.534239,0.305938,0
CUST_002321,28.44,23.64,364.22,7,-4.81,146,0.88,26.29,0.9,0,0.831224,15.406937,-0.169128,0
CUST_000718,32.87,38.0,927.05,6,5.13,101,0.98,30.73,1.16,0,1.156069,24.396053,0.156069,0
CUST_001698,20.73,16.66,373.34,9,-4.07,30,0.86,19.58,0.94,0,0.803666,22.409364,-0.196334,0
CUST_005793,21.42,8.11,136.45,27,-13.31,180,0.13,21.24,0.95,2,0.378618,16.824908,-0.621382,1
CUST_004329,28.35,34.8,553.27,7,6.45,157,0.92,28.33,1.16,0,1.227513,15.898563,0.227513,0
CUST_009867,33.21,28.32,534.89,36,-4.89,2,0.08,30.57,0.86,1,0.852755,18.887359,-0.147245,1
CUST_007089,27.64,64.75,1061.13,32,37.11,8,0.0,30.85,0.94,1,2.342619,16.388108,1.342619,1
CUST_009949,20.26,49.69,822.88,16,29.42,6,0.01,23.02,0.98,0,2.452616,16.560274,1.452122,1
CUST_005320,20.63,23.93,382.74,37,3.3,6,0.04,20.59,1.11,1,1.159961,15.99415,0.159961,1
CUST_002300,21.8,19.93,330.26,7,-1.87,191,0.82,22.58,0.92,0,0.91422,16.570998,-0.08578,0
CUST_007041,24.44,11.02,153.65,19,-13.42,223,0.01,22.09,1.13,2,0.4509,13.942831,-0.5491,1
CUST_008817,30.31,11.69,181.23,22,-18.62,227,0.07,27.22,0.96,0,0.385681,15.502994,-0.614319,1
CUST_009464,27.07,56.92,881.07,38,29.85,3,0.05,30.32,0.84,1,2.102697,15.479093,1.102697,1
CUST_006059,19.03,7.27,102.17,41,-11.76,4,0.01,17.22,0.96,1,0.382028,14.053645,-0.617972,1
CUST_006741,33.36,28.52,592.21,36,-4.84,202,0.34,32.07,0.85,1,0.854916,20.764727,-0.145084,1
CUST_006284,31.36,10.7,183.09,40,-20.66,2,0.02,25.09,0.85,1,0.341199,17.111215,-0.658801,1
CUST_003734,21.57,15.75,302.18,8,-5.82,228,0.97,19.77,0.85,0,0.730181,19.186032,-0.269819,0
CUST_003686,16.68,14.88,291.86,9,-1.8,122,0.91,16.51,0.91,0,0.892086,19.614247,-0.107914,0
CUST_007392,31.98,11.33,166.04,42,-20.65,9,0.16,28.05,0.89,0,0.354284,14.654898,-0.645716,1
CUST_000247,14.78,14.69,249.0,13,-0.09,36,0.9,16.02,1.05,0,0.993911,16.950306,-0.006089,0
CUST_003732,29.15,29.02,464.71,5,-0.13,29,0.9,28.21,1.11,0,0.99554,16.013439,-0.00446,0
CUST_003357,20.8,26.12,414.4,7,5.32,95,0.94,19.8,1.13,0,1.255769,15.865237,0.255769,0
CUST_002388,17.54,15.88,250.76,7,-1.66,198,0.92,17.72,0.9,0,0.905359,15.790932,-0.094641,0
CUST_004543,16.8,18.87,322.89,2,2.07,232,0.92,16.19,1.17,0,1.123214,17.111288,0.123214,0
CUST_002945,23.73,30.79,508.39,8,7.06,66,0.83,25.5,1.19,0,1.297514,16.51153,0.297514,0
CUST_002979,21.29,18.46,406.1,7,-2.83,140,0.78,20.59,0.86,0,0.867074,21.998917,-0.132926,0
CUST_001995,19.86,18.53,358.28,7,-1.33,86,0.93,18.71,0.92,0,0.933031,19.335132,-0.066969,0
CUST_001555,29.55,32.4,745.45,6,2.84,238,0.97,31.15,1.11,0,1.096447,23.007716,0.096108,0
CUST_003506,25.19,25.05,482.69,5,-0.14,38,0.86,27.18,1.02,0,0.994442,19.269062,-0.005558,0
CUST_003885,27.38,25.43,434.89,4,-1.95,66,0.97,26.35,1.06,0,0.92878,17.101455,-0.07122,0
CUST_003010,35.18,29.11,642.82,8,-6.08,173,0.73,33.27,0.84,1,0.827459,22.082446,-0.172825,0
CUST_003524,23.35,27.64,579.77,5,4.29,120,0.97,22.16,1.05,0,1.183726,20.97576,0.183726,0
CUST_004986,18.91,14.4,289.68,9,-4.51,32,0.76,18.25,0.87,0,0.761502,20.116667,-0.238498,0
CUST_002403,30.9,33.59,758.59,7,2.68,46,0.7,29.15,0.96,0,1.087055,22.583805,0.086731,0
CUST_003207,18.98,16.23,319.21,2,-2.76,163,0.94,17.88,0.99,0,0.855111,19.667899,-0.145416,0
CUST_006599,30.47,11.4,148.78,32,-19.06,10,0.13,29.56,0.94,1,0.374138,13.050877,-0.625533,1
CUST_001274,20.27,20.45,344.29,5,0.18,128,0.98,19.11,1.0,0,1.00888,16.835697,0.00888,0
CUST_007840,21.09,25.98,427.41,38,4.89,228,0.34,19.9,1.19,0,1.231863,16.451501,0.231863,1
CUST_008171,21.78,53.19,1026.41,15,31.41,9,0.47,26.77,0.98,1,2.442149,19.297048,1.442149,1
CUST_001948,30.03,28.95,538.75,6,-1.09,78,0.83,29.37,0.88,0,0.964036,18.609672,-0.036297,0
CUST_000694,23.09,27.19,535.13,11,4.09,66,0.6,25.14,1.14,0,1.177566,19.681133,0.177133,0
CUST_005170,28.55,12.61,189.65,21,-15.94,143,0.33,26.55,1.1,3,0.441681,15.039651,-0.558319,1
CUST_008038,25.24,25.22,535.17,25,-0.02,163,0.24,24.69,0.94,3,0.999208,21.220063,-0.000792,1
CUST_003636,24.97,22.7,377.26,9,-2.27,177,0.8,24.52,0.99,0,0.909091,16.619383,-0.090909,0
CUST_008856,32.51,79.93,1977.06,31,47.42,191,0.11,32.07,0.97,2,2.458628,24.734893,1.458628,1
CUST_006970,20.28,51.32,919.31,39,31.05,2,0.59,25.1,1.01,0,2.530572,17.913289,1.531065,1
CUST_009870,31.74,31.89,533.76,52,0.14,2,0.46,34.42,1.02,3,1.004726,16.737535,0.004411,1
CUST_009989,34.99,11.74,135.18,20,-23.25,1,0.04,26.99,0.84,2,0.335524,11.51448,-0.664476,1
CUST_002698,18.67,18.6,358.41,8,-0.07,92,0.44,19.05,0.98,0,0.996251,19.269355,-0.003749,0
CUST_008984,18.72,8.68,100.0,33,-10.05,10,0.15,18.57,1.16,2,0.463675,11.520737,-0.536859,1
CUST_006444,24.81,57.94,1120.25,27,33.13,203,0.47,27.88,0.93,0,2.335349,19.334657,1.335349,1
CUST_004631,22.99,28.02,572.0,7,5.02,146,0.72,21.07,1.1,0,1.218791,20.41399,0.218356,0
CUST_003911,29.31,30.93,489.04,6,1.61,24,0.88,27.87,0.92,0,1.055271,15.811187,0.05493,0
CUST_006482,27.05,10.59,155.14,22,-16.46,7,0.12,23.28,0.98,3,0.391497,14.649669,-0.608503,1
CUST_009116,24.21,60.04,1152.95,25,35.83,232,0.0,27.16,0.99,1,2.479967,19.203031,1.479967,1
CUST_001732,31.2,31.29,492.2,5,0.09,31,0.76,31.86,1.06,0,1.002885,15.730265,0.002885,0
CUST_006955,33.23,14.9,190.18,27,-18.33,10,0.04,25.82,1.12,0,0.44839,12.763758,-0.55161,1
CUST_008300,30.43,75.84,1226.26,18,45.41,10,0.02,31.24,1.0,0,2.492277,16.16904,1.492277,1
CUST_003189,23.66,24.48,584.02,12,0.82,50,0.74,25.33,1.15,0,1.034658,23.857026,0.034658,0
CUST_004191,17.41,17.47,406.73,8,0.06,113,0.22,17.95,0.89,0,1.003446,23.281626,0.003446,0
CUST_001494,29.01,30.58,601.7,8,1.57,220,0.85,29.21,1.04,0,1.054119,19.676259,0.054119,0
CUST_001329,27.14,21.87,397.83,8,-5.26,135,0.96,29.7,0.94,0,0.805822,18.190672,-0.19381,0
CUST_003674,22.23,19.06,459.61,10,-3.17,142,0.79,21.32,0.85,0,0.8574,24.113851,-0.1426,0
CUST_004553,30.91,31.08,605.6,8,0.17,44,0.99,31.67,0.88,0,1.0055,19.485199,0.0055,0
CUST_005187,13.46,38.36,852.4,24,24.91,7,0.43,15.84,1.14,0,2.849926,22.221064,1.850669,1
CUST_008951,15.32,11.02,216.15,27,-4.3,1,0.01,16.34,0.87,1,0.719321,19.614338,-0.280679,1
CUST_006185,22.65,51.82,813.14,16,29.16,4,0.04,22.83,0.91,1,2.287859,15.691625,1.287417,1
CUST_009260,27.82,34.23,559.22,31,6.41,7,0.06,29.86,1.19,0,1.23041,16.337131,0.23041,1
CUST_004457,16.29,12.89,285.32,9,-3.4,141,0.54,15.54,0.83,0,0.791283,22.134988,-0.208717,0
CUST_007667,28.91,70.59,1196.59,43,41.68,3,0.24,31.47,0.98,0,2.441716,16.951268,1.441716,1
CUST_007409,25.89,23.21,552.02,51,-2.68,232,0.03,25.36,0.88,3,0.896485,23.783714,-0.103515,1
CUST_009358,32.5,13.77,158.78,17,-18.72,3,0.29,25.78,1.06,3,0.423692,11.530864,-0.576,1
CUST_009451,16.26,40.98,682.25,19,24.72,10,0.02,18.11,1.01,0,2.520295,16.648365,1.520295,1
CUST_007344,32.09,12.56,205.83,37,-19.53,224,0.55,29.65,0.98,0,0.391399,16.387739,-0.608601,1
CUST_007015,27.02,11.64,129.47,17,-15.38,7,0.03,26.16,1.08,0,0.430792,11.122852,-0.569208,1
CUST_007652,17.12,47.7,954.92,37,30.57,9,0.15,17.16,1.11,1,2.786215,20.019287,1.785631,1
CUST_004762,32.57,33.36,665.93,11,0.79,108,0.98,30.08,0.98,0,1.024255,19.96193,0.024255,0
CUST_000415,18.7,17.48,268.32,6,-1.22,192,0.81,17.97,1.02,0,0.934759,15.350114,-0.065241,0
CUST_000763,23.46,30.92,621.6,5,7.46,84,0.87,24.89,1.17,0,1.317988,20.103493,0.317988,0
CUST_003625,30.66,30.4,658.41,10,-0.25,92,1.0,28.05,1.01,0,0.99152,21.658224,-0.008154,0
CUST_004336,32.71,24.44,469.87,7,-8.26,161,0.85,30.29,0.86,0,0.747172,19.22545,-0.252522,0
CUST_009399,30.65,66.71,1019.76,22,36.06,6,0.48,32.83,0.87,1,2.176509,15.286464,1.176509,1
CUST_001179,23.06,22.6,451.48,5,-0.46,175,0.78,24.61,1.14,0,0.980052,19.976991,-0.019948,0
CUST_009878,22.86,21.7,413.87,52,-1.16,178,0.14,23.69,0.89,2,0.949256,19.07235,-0.050744,1
CUST_004698,31.9,25.38,575.6,6,-6.52,89,0.85,31.55,0.88,0,0.795611,22.679275,-0.204389,0
CUST_001254,30.26,37.47,654.78,10,7.21,70,0.74,28.0,1.18,0,1.238268,17.47478,0.238268,0
CUST_007741,27.47,23.88,573.76,37,-3.59,5,0.12,29.44,0.92,1,0.869312,24.026801,-0.130688,1
CUST_002902,19.93,20.44,438.82,5,0.5,72,0.97,19.64,0.94,0,1.02559,21.468689,0.025088,0
CUST_005029,28.52,32.83,508.83,30,4.32,10,0.01,27.67,1.07,2,1.151122,15.498934,0.151473,1
CUST_008504,29.04,11.39,189.36,30,-17.65,152,0.03,24.97,0.98,2,0.392218,16.62511,-0.607782,1
CUST_000936,19.46,16.91,395.44,4,-2.55,60,0.98,19.13,1.01,0,0.868962,23.384979,-0.131038,0
CUST_004807,20.94,16.67,262.61,3,-4.27,92,0.79,20.21,0.87,0,0.796084,15.753449,-0.203916,0
CUST_000079,26.77,21.43,478.09,5,-5.34,196,0.87,26.6,0.9,0,0.800523,22.309379,-0.199477,0
CUST_006742,33.96,14.5,190.81,18,-19.46,179,0.45,26.18,1.07,0,0.426973,13.15931,-0.573027,1
CUST_002361,24.69,28.53,661.4,8,3.84,62,0.56,27.38,1.09,0,1.155529,23.182615,0.155529,0
CUST_004875,29.67,33.21,610.5,10,3.54,103,0.97,27.16,1.16,0,1.119312,18.383017,0.119312,0
CUST_009672,18.3,7.81,100.0,24,-10.49,7,0.01,16.95,1.07,0,0.426776,12.804097,-0.573224,1
CUST_002654,16.94,19.49,403.68,8,2.55,91,0.86,17.65,1.14,1,1.150531,20.71216,0.150531,0
CUST_002122,27.89,23.18,576.11,7,-4.71,14,0.86,29.88,0.96,0,0.831122,24.853753,-0.168878,0
CUST_001795,25.42,25.98,422.69,5,0.57,202,0.88,28.2,1.04,0,1.02203,16.269823,0.022423,0
CUST_006225,25.41,18.05,410.22,39,-7.35,10,0.07,28.06,1.09,3,0.71035,22.72687,-0.289256,1
CUST_000304,14.58,16.44,288.37,4,1.86,130,0.94,15.16,1.0,0,1.127572,17.540754,0.127572,0
CUST_006421,21.02,20.06,397.93,59,-0.96,4,0.19,22.06,0.95,2,0.954329,19.836989,-0.045671,1
CUST_003988,16.56,15.67,390.03,5,-0.89,133,0.82,17.26,0.92,0,0.946256,24.890236,-0.053744,0
CUST_001162,29.07,25.78,583.13,10,-3.29,94,0.73,27.17,0.94,1,0.886825,22.619472,-0.113175,0
CUST_007950,32.36,13.33,228.19,44,-19.03,3,0.05,25.79,1.03,2,0.411928,17.11853,-0.588072,1
CUST_007869,30.72,90.1,1517.94,26,59.39,196,0.15,31.84,1.17,1,2.932943,16.847281,1.933268,1
CUST_000487,16.57,14.87,238.1,4,-1.7,54,0.93,16.8,1.04,0,0.897405,16.012105,-0.102595,0
CUST_001662,25.65,23.46,524.1,10,-2.2,212,0.89,28.29,1.06,0,0.91462,22.340153,-0.08577,0
CUST_000280,24.14,26.37,451.43,6,2.23,128,0.98,22.87,0.99,0,1.092378,17.119075,0.092378,0
CUST_002019,25.09,24.96,412.42,9,-0.13,40,0.98,23.88,1.02,1,0.994819,16.523237,-0.005181,0
CUST_003193,23.83,20.74,350.4,9,-3.09,96,0.96,22.07,0.9,0,0.870332,16.894889,-0.129668,0
CUST_009286,20.2,52.19,1002.28,35,31.99,3,0.02,23.55,1.03,2,2.583663,19.204445,1.583663,1
CUST_002554,28.07,32.85,810.31,7,4.78,203,0.91,28.07,1.14,0,1.170289,24.666971,0.170289,0
CUST_006139,17.02,40.23,845.5,20,23.22,154,0.05,18.22,0.95,1,2.36369,21.016654,1.364277,1
CUST_009832,28.16,13.36,178.93,21,-14.8,173,0.0,23.17,1.19,2,0.474432,13.392964,-0.525568,1
CUST_007339,31.42,29.98,471.78,43,-1.44,11,0.45,29.8,0.9,0,0.954169,15.736491,-0.045831,1
CUST_000840,19.88,20.94,353.07,5,1.05,29,0.88,19.52,1.06,0,1.05332,16.861032,0.052817,0
CUST_001961,17.39,20.14,388.76,5,2.75,230,0.83,16.93,1.17,0,1.158137,19.30288,0.158137,0
CUST_002402,16.39,15.09,269.11,4,-1.3,158,0.86,15.6,0.93,0,0.920683,17.833665,-0.079317,0
CUST_001234,22.09,19.19,426.45,4,-2.89,111,0.6,23.84,0.91,0,0.868719,22.222512,-0.130828,0
CUST_002218,19.14,24.24,494.69,6,5.1,117,0.74,20.25,1.11,0,1.266458,20.408003,0.266458,0
CUST_007395,23.89,11.2,186.74,28,-12.69,11,0.27,18.42,1.17,2,0.468815,16.673214,-0.531185,1
CUST_000718,32.87,38.0,927.05,6,5.13,101,0.98,30.73,1.16,0,1.156069,24.396053,0.156069,0
CUST_006045,22.13,64.54,1416.82,32,42.41,196,0.08,24.51,1.17,2,2.916403,21.952588,1.916403,1
CUST_008576,39.45,16.17,258.99,36,-23.28,5,0.01,30.72,1.02,0,0.409886,16.016698,-0.590114,1
CUST_008011,33.16,42.74,918.77,39,9.58,147,0.28,34.05,1.19,2,1.288902,21.496724,0.288902,1
CUST_008827,16.08,14.14,259.19,30,-1.94,151,0.07,15.7,0.82,1,0.879353,18.330269,-0.120647,1
CUST_008542,22.02,10.13,111.2,39,-11.89,7,0.05,21.62,1.15,3,0.460036,10.977295,-0.539964,1
CUST_000694,23.09,27.19,535.13,11,4.09,66,0.6,25.14,1.14,0,1.177566,19.681133,0.177133,0
CUST_003849,26.15,21.63,539.29,9,-4.52,234,0.96,28.4,0.89,0,0.827151,24.932501,-0.172849,0
CUST_008928,18.49,52.53,742.37,44,34.03,181,0.01,21.79,1.14,1,2.840995,14.132305,1.840454,1
CUST_008847,23.33,10.89,168.45,42,-12.44,5,0.01,20.76,1.17,3,0.466781,15.46832,-0.533219,1
CUST_001002,24.88,23.81,489.42,4,-1.06,158,0.88,22.88,1.04,0,0.956994,20.555229,-0.042605,0
CUST_003408,27.15,24.98,445.82,8,-2.17,42,0.78,29.66,1.06,0,0.920074,17.847078,-0.079926,0
CUST_004213,26.78,23.99,563.3,5,-2.79,169,0.66,27.68,1.02,0,0.895818,23.480617,-0.104182,0
CUST_006788,20.15,7.28,126.41,36,-12.87,8,0.05,19.34,0.9,1,0.36129,17.364011,-0.63871,1
CUST_000629,16.95,15.82,372.27,6,-1.13,121,0.86,17.95,1.08,0,0.933333,23.531606,-0.066667,0
CUST_003824,19.23,19.73,444.75,13,0.5,110,1.0,20.94,1.14,0,1.026001,22.541814,0.026001,0
CUST_002795,27.53,21.42,359.19,12,-6.11,97,0.8,29.88,0.87,0,0.77806,16.768908,-0.22194,0
CUST_008492,31.65,65.63,1196.57,22,33.98,160,0.05,34.85,0.83,1,2.073618,18.232059,1.073618,1
CUST_002353,19.45,17.35,301.44,5,-2.11,104,0.67,19.85,0.88,0,0.892031,17.374063,-0.108483,0
CUST_000475,16.78,17.31,309.07,6,0.53,145,0.81,17.16,1.0,1,1.031585,17.854997,0.031585,0
CUST_000829,22.21,17.74,299.85,6,-4.46,171,0.9,20.58,0.88,0,0.798739,16.90248,-0.20081,0
CUST_004118,20.42,23.14,384.47,7,2.72,237,0.97,19.22,1.16,0,1.133203,16.614952,0.133203,0
CUST_000759,27.66,22.15,402.85,10,-5.51,144,0.95,28.48,0.84,0,0.800795,18.187359,-0.199205,0
CUST_004993,22.97,23.57,435.95,5,0.6,216,0.64,22.02,1.19,0,1.026121,18.495969,0.026121,0
CUST_003226,34.88,36.82,659.15,16,1.94,28,0.92,32.72,1.16,0,1.055619,17.901955,0.055619,0
CUST_003863,25.96,31.71,744.45,9,5.75,75,0.76,24.46,1.11,0,1.221495,23.476821,0.221495,0
CUST_008390,33.5,43.05,671.52,30,9.55,4,0.29,31.92,1.09,0,1.285075,15.598606,0.285075,1
CUST_007815,12.77,35.16,764.11,23,22.39,9,0.0,15.24,1.1,1,2.753328,21.732366,1.753328,1
CUST_001198,18.92,13.4,298.26,8,-5.52,167,0.89,20.13,0.81,1,0.708245,22.258209,-0.291755,0
CUST_001941,37.54,31.69,710.8,6,-5.85,95,0.87,34.72,0.93,0,0.844166,22.429789,-0.155834,0
CUST_004112,32.81,24.71,594.16,8,-8.1,226,0.88,31.64,0.82,0,0.753124,24.045326,-0.246876,0
CUST_002526,15.92,16.45,375.36,6,0.53,202,0.93,15.59,0.91,0,1.033291,22.818237,0.033291,0
CUST_002465,29.11,23.98,377.34,4,-5.12,216,0.85,28.78,0.96,0,0.823772,15.735613,-0.175885,0
CUST_000187,28.72,33.82,804.67,4,5.1,192,0.98,31.3,1.11,0,1.177577,23.792726,0.177577,0
CUST_001998,22.6,22.77,550.17,5,0.17,188,0.93,23.96,0.99,0,1.007522,24.162055,0.007522,0
CUST_006300,23.79,50.12,980.89,42,26.34,192,0.03,25.0,0.84,1,2.106768,19.57083,1.107188,1
CUST_002554,28.07,32.85,810.31,7,4.78,203,0.91,28.07,1.14,0,1.170289,24.666971,0.170289,0
CUST_006274,19.9,17.04,392.55,58,-2.85,188,0.01,18.53,0.91,1,0.856281,23.036972,-0.143216,1
CUST_009508,24.03,8.96,100.91,35,-15.08,10,0.16,19.86,0.93,0,0.372867,11.262277,-0.627549,1
CUST_001499,21.68,21.18,521.68,10,-0.5,206,0.95,23.35,1.02,1,0.976937,24.630784,-0.023063,0
CUST_005227,27.21,35.7,737.07,29,8.49,11,0.04,28.45,1.11,2,1.312018,20.646218,0.312018,1
CUST_004293,29.54,28.43,490.57,6,-1.11,91,0.94,31.24,1.02,0,0.962424,17.255364,-0.037576,0
CUST_005733,26.47,61.53,1325.28,25,35.06,7,0.45,31.03,0.93,1,2.324518,21.538762,1.324518,1
CUST_003245,16.68,17.49,348.93,5,0.81,236,0.86,17.77,0.96,1,1.048561,19.950257,0.048561,0
CUST_003583,29.07,25.88,485.19,5,-3.19,125,0.75,31.31,0.84,0,0.890265,18.747682,-0.109735,0
CUST_006403,17.61,49.72,756.44,44,32.11,219,0.49,21.98,1.13,1,2.823396,15.213998,1.823396,1
CUST_000336,20.76,21.42,496.83,10,0.66,105,0.81,22.99,1.19,0,1.031792,23.194678,0.031792,0
CUST_001752,31.66,41.04,684.91,10,9.38,132,0.92,28.87,1.13,1,1.296273,16.68884,0.296273,0
CUST_001809,29.08,29.04,723.84,9,-0.03,152,0.67,28.82,1.02,0,0.998624,24.92562,-0.001032,0
CUST_006565,18.61,37.34,690.39,36,18.73,6,0.22,20.88,0.8,0,2.006448,18.489288,1.006448,1
CUST_003330,19.83,22.13,437.81,11,2.3,40,0.95,20.84,1.05,0,1.115986,19.783552,0.115986,0
CUST_003678,25.77,20.22,347.14,5,-5.55,65,0.52,28.29,0.88,0,0.784633,17.16815,-0.215367,0
CUST_000699,23.24,27.87,556.15,6,4.64,148,0.98,22.63,1.14,0,1.199225,19.955149,0.199656,0
CUST_004589,36.29,30.21,531.8,5,-6.08,101,0.93,34.0,0.81,0,0.832461,17.603443,-0.167539,0
CUST_008873,26.02,52.48,1051.92,43,26.47,202,0.26,31.83,0.81,1,2.01691,20.044207,1.017294,1
CUST_001567,20.66,19.42,335.22,6,-1.25,39,0.86,19.79,0.99,0,0.939981,17.261586,-0.060503,0
CUST_003611,33.77,28.57,659.7,9,-5.2,67,0.99,33.31,0.87,0,0.846017,23.090655,-0.153983,0
CUST_000518,24.85,31.76,764.27,7,6.91,192,0.82,24.86,1.11,0,1.278068,24.063917,0.278068,0
CUST_008517,23.07,17.8,335.91,40,-5.27,7,0.3,22.65,0.83,0,0.771565,18.871348,-0.228435,1
CUST_003248,28.31,28.93,506.06,7,0.62,232,0.82,29.28,0.97,0,1.0219,17.492568,0.0219,0
CUST_009982,18.55,8.09,103.35,39,-10.46,228,0.07,17.69,1.09,1,0.436119,12.775031,-0.563881,1
CUST_002302,28.5,23.91,575.04,7,-4.59,131,0.9,28.9,0.96,0,0.838947,24.050188,-0.161053,0
CUST_008120,22.4,56.14,888.86,38,33.74,10,0.12,23.08,1.0,1,2.50625,15.832918,1.50625,1
CUST_002541,19.09,15.57,384.88,10,-3.52,106,0.99,20.77,0.91,0,0.81561,24.719332,-0.18439,0
CUST_006572,20.85,56.05,1073.15,27,35.2,219,0.02,21.52,1.08,2,2.688249,19.146298,1.688249,1
CUST_000097,21.3,21.86,389.0,6,0.56,63,0.77,19.87,1.06,0,1.026291,17.795059,0.026291,0
CUST_003135,17.65,23.55,486.93,13,5.9,163,0.88,17.38,1.2,0,1.334278,20.676433,0.334278,0
CUST_004092,30.35,37.24,634.1,8,6.89,131,0.78,32.7,1.09,0,1.227018,17.02739,0.227018,0
CUST_002917,35.56,41.53,815.76,10,5.98,100,0.46,34.4,1.1,0,1.167885,19.642668,0.168166,0
CUST_006463,21.54,61.79,1096.28,25,40.25,174,0.13,25.54,1.15,0,2.868617,17.742029,1.868617,1
CUST_007717,30.9,34.32,570.21,25,3.42,7,0.07,30.62,1.13,0,1.11068,16.61451,0.11068,1
CUST_007214,39.12,15.1,208.15,28,-24.02,11,0.01,31.41,0.96,1,0.385992,13.784768,-0.614008,1
CUST_002013,22.22,25.08,522.81,8,2.86,54,0.73,21.54,1.11,0,1.128713,20.845694,0.128713,0
CUST_000506,25.65,32.05,710.67,6,6.4,115,0.89,25.26,1.15,0,1.249513,22.173791,0.249513,0
CUST_002559,27.37,25.9,391.53,8,-1.46,167,0.54,27.47,0.87,0,0.946292,15.116988,-0.053343,0
CUST_007557,20.58,19.17,342.82,25,-1.41,8,0.12,22.57,0.94,2,0.931487,17.883151,-0.068513,1
CUST_001570,17.75,14.25,317.38,4,-3.5,83,0.51,17.78,0.81,0,0.802817,22.272281,-0.197183,0
CUST_002654,16.94,19.49,403.68,8,2.55,91,0.86,17.65,1.14,1,1.150531,20.71216,0.150531,0
CUST_003630,18.96,22.24,358.87,4,3.27,112,0.51,18.06,1.08,0,1.172996,16.136241,0.172468,0
CUST_002631,32.65,24.18,372.6,3,-8.46,72,0.51,31.72,0.82,0,0.740582,15.409429,-0.259112,0
CUST_000781,27.41,27.76,656.07,5,0.35,200,0.96,26.84,1.02,0,1.012769,23.633646,0.012769,0
CUST_007404,30.67,69.44,1118.65,44,38.78,2,0.3,31.36,0.91,1,2.264102,16.109591,1.264428,1
CUST_000596,26.93,25.82,460.86,10,-1.11,235,0.93,24.56,1.09,0,0.958782,17.848954,-0.041218,0
CUST_002542,24.65,24.31,482.49,9,-0.34,84,0.62,24.35,1.03,0,0.986207,19.847388,-0.013793,0
CUST_000896,27.75,24.73,454.58,3,-3.02,114,0.91,27.91,0.82,1,0.891171,18.381723,-0.108829,0
CUST_009183,21.3,8.71,121.88,35,-12.59,6,0.29,19.04,1.02,3,0.40892,13.993111,-0.59108,1
CUST_009972,28.19,73.08,1156.72,36,44.88,7,0.11,30.27,1.04,1,2.592409,15.828134,1.592054,1
CUST_006060,19.68,9.01,127.59,33,-10.67,8,0.09,17.85,1.14,0,0.457825,14.160932,-0.542175,1
CUST_005107,26.02,23.23,422.06,57,-2.79,168,0.23,25.55,0.92,0,0.892775,18.168747,-0.107225,1
CUST_007178,31.0,14.63,237.45,31,-16.37,10,0.22,30.25,0.91,2,0.471935,16.230349,-0.528065,1
CUST_007956,17.01,48.45,1082.0,30,31.44,208,0.02,19.24,1.14,0,2.848325,22.332301,1.848325,1
CUST_006238,36.39,39.85,897.12,52,3.46,186,0.29,34.46,1.17,1,1.095081,22.512422,0.095081,1
CUST_007341,23.76,10.44,168.54,24,-13.32,4,0.03,22.91,1.1,2,0.439394,16.143678,-0.560606,1
CUST_004860,18.49,16.95,409.44,10,-1.54,215,0.93,17.61,1.04,0,0.916712,24.155752,-0.083288,0
CUST_008657,15.02,14.68,364.0,27,-0.34,169,0.03,15.5,0.97,1,0.977364,24.79564,-0.022636,1
CUST_005931,33.44,38.14,793.92,26,4.7,126,0.12,32.48,1.12,3,1.14055,20.815941,0.14055,1
CUST_008392,25.74,8.47,146.99,15,-17.26,2,0.07,20.15,0.82,0,0.32906,17.354191,-0.670552,1
CUST_004288,26.58,28.28,603.52,7,1.7,105,0.75,24.21,0.93,0,1.063958,21.340877,0.063958,0
CUST_007390,26.13,23.07,552.76,26,-3.06,202,0.02,26.14,0.94,1,0.882893,23.960121,-0.117107,1
CUST_001508,35.5,31.11,763.9,7,-4.4,131,0.71,34.4,1.03,0,0.876338,24.554806,-0.123944,0
CUST_003212,23.74,17.73,281.41,7,-6.0,74,0.69,23.89,0.87,0,0.746841,15.871968,-0.252738,0
CUST_008897,18.2,17.93,356.53,40,-0.27,1,0.28,19.32,0.93,1,0.985165,19.884551,-0.014835,1
CUST_004408,22.76,21.99,430.43,8,-0.77,233,1.0,21.18,1.06,0,0.966169,19.573897,-0.033831,0
CUST_002449,25.87,22.92,358.57,4,-2.96,214,1.0,24.96,0.8,0,0.885968,15.644415,-0.114418,0
CUST_003660,28.72,22.99,450.05,11,-5.73,237,0.89,30.24,0.85,0,0.800487,19.575903,-0.199513,0
CUST_003512,22.32,18.75,399.31,5,-3.57,31,0.96,23.67,0.84,0,0.840054,21.296533,-0.159946,0
CUST_000531,20.36,22.13,474.13,7,1.76,235,0.99,20.81,1.11,0,1.086935,21.424763,0.086444,0
CUST_004782,31.66,32.9,669.54,9,1.24,187,0.76,34.91,1.0,0,1.039166,20.35076,0.039166,0
CUST_002908,30.91,28.05,484.0,6,-2.86,50,0.75,29.33,0.96,0,0.907473,17.254902,-0.092527,0
CUST_009507,20.22,10.48,183.18,43,-9.74,10,0.33,21.79,1.02,2,0.518299,17.479008,-0.481701,1
CUST_005087,14.64,39.35,862.07,25,24.71,184,0.03,15.41,1.08,1,2.687842,21.907751,1.687842,1
CUST_001211,19.38,20.88,409.17,10,1.5,83,0.95,20.72,1.0,0,1.077399,19.596264,0.077399,0
CUST_004155,18.71,20.41,423.26,15,1.7,15,1.0,20.79,1.02,0,1.090861,20.737874,0.090861,0
CUST_006148,27.49,27.78,519.16,58,0.29,7,0.06,25.18,1.1,3,1.010549,18.688265,0.010549,1
CUST_001616,32.27,36.71,736.62,8,4.45,64,0.92,32.06,1.11,0,1.137589,20.065922,0.137899,0
CUST_002758,25.01,28.85,505.63,10,3.84,28,0.99,27.0,1.16,0,1.153539,17.52617,0.153539,0
CUST_004298,22.55,16.65,369.24,8,-5.9,20,0.88,24.15,0.84,0,0.738359,22.176577,-0.261641,0
CUST_003934,19.69,20.07,457.83,9,0.38,38,0.97,19.13,0.9,0,1.019299,22.811659,0.019299,0
CUST_008449,13.12,35.9,514.23,22,22.77,154,0.11,15.16,1.09,2,2.73628,14.323955,1.735518,1
CUST_003525,33.9,36.59,839.45,9,2.69,152,0.8,30.99,1.11,0,1.079351,22.942061,0.079351,0
CUST_004803,18.12,23.29,531.83,8,5.17,135,0.88,19.94,1.14,0,1.28532,22.835122,0.28532,0
CUST_001550,27.85,23.67,540.49,2,-4.18,95,0.87,29.48,1.0,0,0.84991,22.83439,-0.15009,0
CUST_004386,31.06,30.61,748.12,6,-0.45,99,0.99,30.54,0.93,0,0.985512,24.440379,-0.014488,0
CUST_002573,31.24,36.13,668.2,4,4.89,125,0.92,33.84,1.05,0,1.15653,18.494326,0.15653,0
CUST_004060,33.76,27.47,464.5,6,-6.28,25,0.87,31.43,0.88,0,0.813685,16.909356,-0.186019,0
CUST_004171,20.68,17.44,296.01,5,-3.25,207,0.98,21.21,0.86,0,0.843327,16.97305,-0.157157,0
CUST_005467,19.43,22.57,364.37,52,3.14,6,0.16,19.83,1.11,2,1.161606,16.143996,0.161606,1
CUST_004157,23.07,20.09,356.95,9,-2.98,159,0.77,25.57,0.93,0,0.870828,17.767546,-0.129172,0
CUST_002181,21.04,27.97,679.71,6,6.93,129,0.67,21.16,1.17,0,1.329373,24.301394,0.329373,0
CUST_007348,18.26,43.74,970.04,19,25.48,3,0.02,16.82,1.02,3,2.3954,22.177412,1.3954,1
CUST_004703,24.82,28.34,622.84,7,3.52,177,0.73,23.02,1.11,0,1.141821,21.977417,0.141821,0
CUST_009426,26.12,12.33,214.72,16,-13.8,1,0.05,20.58,1.18,3,0.472052,17.414436,-0.528331,1
CUST_004701,21.24,14.92,319.29,8,-6.32,15,0.82,19.88,0.8,0,0.702448,21.400134,-0.297552,0
CUST_003326,29.1,24.45,385.22,9,-4.65,25,0.85,29.42,0.96,0,0.840206,15.755419,-0.159794,0
CUST_005618,31.74,83.64,1644.9,27,51.9,11,0.05,34.76,1.05,0,2.635161,19.666428,1.635161,1
CUST_001301,26.02,34.56,614.76,3,8.54,105,0.9,24.35,1.18,0,1.328209,17.788194,0.328209,0
CUST_007500,23.22,57.06,964.76,18,33.84,1,0.01,24.73,0.98,1,2.457364,16.907816,1.457364,1
CUST_009815,21.78,33.18,668.18,22,11.4,210,0.33,23.83,1.19,1,1.523416,20.138035,0.523416,1
CUST_003435,26.91,20.6,323.15,3,-6.31,72,0.98,27.6,0.88,0,0.765515,15.686893,-0.234485,0
CUST_003202,33.71,34.82,545.84,6,1.11,176,0.53,32.29,0.93,0,1.032928,15.676048,0.032928,0
CUST_000107,17.1,16.05,276.21,4,-1.05,222,0.86,16.17,0.93,0,0.938596,17.209346,-0.061404,0
CUST_002015,17.89,16.87,333.14,3,-1.03,177,0.83,18.3,0.85,0,0.942985,19.747481,-0.057574,0
CUST_004756,30.05,24.7,380.66,9,-5.35,63,0.96,30.66,0.89,0,0.821963,15.411336,-0.178037,0
CUST_004627,19.47,19.43,467.78,8,-0.04,102,0.96,19.45,0.94,0,0.997946,24.075142,-0.002054,0
CUST_003066,30.19,31.75,785.37,7,1.56,133,0.94,30.89,1.17,0,1.051673,24.736063,0.051673,0
CUST_002419,26.93,32.14,759.82,13,5.21,118,0.63,28.57,1.18,0,1.193465,23.640946,0.193465,0
CUST_007368,20.86,9.27,126.49,16,-11.59,4,0.29,18.16,1.11,0,0.444391,13.645092,-0.555609,1
CUST_005340,15.9,10.94,269.06,24,-4.96,4,0.22,17.66,1.05,1,0.68805,24.59415,-0.31195,1
CUST_000312,23.83,21.28,513.64,10,-2.55,204,0.88,25.28,1.02,1,0.892992,24.137218,-0.107008,0
CUST_004377,27.98,28.41,564.56,4,0.43,35,0.95,30.95,1.17,1,1.015368,19.871876,0.015368,0
CUST_000177,26.52,33.8,780.52,7,7.28,210,0.74,29.41,1.13,0,1.27451,23.092308,0.27451,0
CUST_003788,27.17,22.34,518.72,8,-4.83,231,0.62,29.97,0.82,0,0.82223,23.219338,-0.17777,0
CUST_005301,39.01,14.35,247.99,15,-24.66,233,0.03,32.7,0.92,0,0.367854,17.281533,-0.632146,1
CUST_000264,24.64,18.45,311.76,3,-6.19,138,0.58,23.61,0.85,0,0.748782,16.897561,-0.251218,0
CUST_008391,15.61,12.83,296.81,54,-2.78,143,0.12,17.31,0.83,1,0.821909,23.134061,-0.178091,1
CUST_003450,34.59,42.63,852.89,1,8.04,35,0.34,34.85,1.19,0,1.232437,20.006803,0.232437,0
CUST_001953,15.91,15.84,303.19,6,-0.07,230,0.74,15.49,0.93,0,0.9956,19.140783,-0.0044,0
CUST_005648,39.95,17.12,256.37,25,-22.83,7,0.01,34.79,1.07,1,0.428536,14.974883,-0.571464,1
CUST_002303,29.75,23.95,382.6,6,-5.8,231,0.73,29.36,0.92,0,0.805042,15.974948,-0.194958,0
CUST_006559,28.32,11.42,130.5,41,-16.9,180,0.28,21.83,1.01,0,0.403249,11.42732,-0.596751,1
CUST_004949,24.37,30.59,697.82,6,6.22,228,0.98,26.01,1.17,0,1.255232,22.81203,0.255232,0
CUST_007598,19.03,8.96,133.2,44,-10.07,3,0.07,15.51,1.18,1,0.470836,14.866071,-0.529164,1
CUST_004912,17.32,20.56,388.16,8,3.24,202,0.7,17.63,1.12,0,1.187067,18.879377,0.187067,0
CUST_003588,36.24,46.58,825.79,12,10.34,223,0.57,33.8,1.15,0,1.28532,17.728424,0.28532,0
CUST_005436,23.83,22.2,437.42,26,-1.63,158,0.12,23.63,0.87,1,0.931599,19.703604,-0.068401,1
CUST_003556,28.43,29.75,524.38,5,1.32,198,1.0,28.77,1.06,0,1.04643,17.626218,0.04643,0
CUST_009608,16.79,41.38,828.22,37,24.59,160,0.27,20.32,0.99,0,2.464562,20.014983,1.464562,1
CUST_000811,21.03,17.59,413.77,10,-3.44,215,1.0,20.14,0.96,0,0.836424,23.523024,-0.163576,0
CUST_004451,31.65,30.13,702.37,7,-1.52,24,0.78,32.64,0.91,0,0.951975,23.311318,-0.048025,0
CUST_003888,30.61,34.19,650.81,4,3.59,105,0.92,30.64,1.18,0,1.116955,19.035098,0.117282,0
CUST_000567,22.61,24.71,475.23,3,2.11,115,0.78,23.79,0.98,0,1.092879,19.232295,0.093322,0
CUST_004091,17.89,20.54,486.8,9,2.65,169,1.0,18.18,1.2,0,1.148127,23.700097,0.148127,0
CUST_007772,18.16,37.51,858.5,29,19.35,7,0.09,18.97,1.18,0,2.065529,22.88723,1.065529,1
CUST_003024,25.14,24.98,436.56,8,-0.16,207,0.4,23.43,0.91,0,0.993636,17.476381,-0.006364,0
CUST_006452,36.21,11.63,158.07,22,-24.58,156,0.36,31.22,0.8,0,0.321182,13.591574,-0.678818,1
CUST_002917,35.56,41.53,815.76,10,5.98,100,0.46,34.4,1.1,0,1.167885,19.642668,0.168166,0
CUST_007367,22.59,17.79,400.14,54,-4.8,3,0.36,22.17,0.82,1,0.787517,22.492411,-0.212483,1
CUST_000518,24.85,31.76,764.27,7,6.91,192,0.82,24.86,1.11,0,1.278068,24.063917,0.278068,0
CUST_003956,24.81,22.36,351.9,6,-2.45,234,0.88,24.16,0.96,0,0.901249,15.737925,-0.098751,0
CUST_008605,25.07,70.23,1215.13,33,45.16,122,0.16,28.54,1.12,0,2.801356,17.30215,1.801356,1
CUST_005681,28.99,13.9,232.97,38,-15.09,9,0.25,27.45,1.2,2,0.479476,16.760432,-0.520524,1
CUST_008046,30.67,12.67,218.18,26,-18.01,2,0.08,29.11,1.03,0,0.413107,17.220205,-0.587219,1
CUST_007538,20.67,16.08,258.24,56,-4.59,3,0.01,21.63,0.85,0,0.777939,16.059701,-0.222061,1
CUST_007000,43.9,20.17,223.24,15,-23.73,213,0.2,34.5,1.15,1,0.459453,11.067923,-0.540547,1
CUST_005484,17.39,16.5,275.79,27,-0.9,9,0.02,17.24,0.98,3,0.948821,16.714545,-0.051754,1
CUST_000938,34.18,23.72,548.76,7,-10.45,92,0.5,32.94,0.81,0,0.693973,23.134907,-0.305734,0
CUST_004298,22.55,16.65,369.24,8,-5.9,20,0.88,24.15,0.84,0,0.738359,22.176577,-0.261641,0
CUST_000392,17.98,16.21,323.09,9,-1.77,169,0.96,19.16,0.9,0,0.901557,19.931524,-0.098443,0
CUST_002735,29.24,29.91,450.04,10,0.67,135,0.91,28.73,1.03,0,1.022914,15.046473,0.022914,0
CUST_008698,27.44,10.7,172.48,20,-16.74,213,0.02,26.89,0.98,1,0.389942,16.119626,-0.610058,1
CUST_001178,23.04,23.77,461.21,9,0.73,192,0.77,23.46,1.12,0,1.031684,19.403029,0.031684,0
CUST_002964,26.97,28.89,575.24,5,1.92,170,0.98,27.44,1.2,0,1.07119,19.911388,0.07119,0
CUST_005720,18.79,47.05,886.44,38,28.25,10,0.14,20.26,1.0,1,2.503991,18.840383,1.503459,1
CUST_000170,26.66,23.47,453.07,8,-3.19,73,0.97,26.11,0.88,0,0.880345,19.304218,-0.119655,0
CUST_009387,37.89,13.61,167.67,27,-24.29,228,0.09,29.96,0.9,0,0.359198,12.319618,-0.641066,1
CUST_000777,25.83,21.85,414.45,7,-3.98,23,1.0,23.92,0.89,0,0.845916,18.967963,-0.154084,0
CUST_002668,22.92,27.47,670.08,6,4.55,37,0.95,22.47,1.17,0,1.198517,24.393156,0.198517,0
CUST_007079,28.18,83.87,1409.17,25,55.69,1,0.06,29.25,1.19,2,2.976224,16.801836,1.976224,1
CUST_007577,19.04,43.96,955.23,36,24.92,11,0.27,20.48,0.92,2,2.308824,21.729527,1.308824,1
CUST_003797,24.08,21.32,369.81,8,-2.76,124,0.77,22.09,1.02,0,0.885382,17.345685,-0.114618,0
CUST_008176,28.38,30.52,519.34,35,2.14,10,0.25,28.85,1.0,0,1.075405,17.016383,0.075405,1
CUST_002209,21.95,22.91,516.16,9,0.96,22,0.7,21.6,1.03,0,1.043736,22.5299,0.043736,0
CUST_001720,14.02,12.99,224.37,9,-1.03,206,0.87,15.53,0.87,0,0.926534,17.272517,-0.073466,0
CUST_006352,16.54,19.77,353.05,28,3.23,5,0.05,17.46,1.18,1,1.195284,17.857865,0.195284,1
CUST_002031,24.0,22.32,494.92,3,-1.68,183,0.55,24.67,0.96,0,0.93,22.173835,-0.07,0
CUST_009780,13.34,34.44,690.18,27,21.1,155,0.1,16.65,1.03,3,2.581709,20.04007,1.581709,1
CUST_004278,15.56,15.09,232.49,5,-0.47,128,0.52,16.71,1.08,0,0.969794,15.406892,-0.030206,0
CUST_000742,30.84,37.02,760.78,8,6.18,90,0.96,28.59,1.06,0,1.200389,20.550513,0.200389,0
CUST_000581,34.33,32.63,489.78,9,-1.7,22,0.91,34.8,1.06,0,0.950481,15.010113,-0.049519,0
CUST_008064,24.08,10.62,238.08,38,-13.46,9,0.05,26.02,0.9,1,0.44103,22.418079,-0.55897,1
CUST_004899,33.89,41.97,987.45,2,8.08,93,0.8,32.67,1.15,0,1.238418,23.52752,0.238418,0
CUST_003116,27.04,34.39,799.34,9,7.35,216,0.74,25.58,1.17,0,1.27182,23.243385,0.27182,0
CUST_000771,22.03,20.48,373.31,4,-1.55,44,0.77,20.66,1.0,0,0.929641,18.228027,-0.070359,0
CUST_005972,26.21,9.46,113.5,31,-16.75,191,0.0,20.17,0.9,1,0.360931,11.997886,-0.639069,1
CUST_001568,18.51,18.66,464.46,4,0.15,166,0.83,16.97,1.01,0,1.008104,24.890675,0.008104,0
CUST_000678,35.26,39.06,850.64,1,3.8,141,0.8,32.88,1.11,0,1.107771,21.777778,0.107771,0
CUST_008388,29.41,65.82,1208.99,27,36.41,215,0.09,29.77,0.9,1,2.238014,18.368125,1.238014,1
CUST_004035,19.72,16.62,287.78,10,-3.1,181,0.61,18.99,0.98,0,0.842799,17.315283,-0.157201,0
CUST_006278,17.39,14.56,254.76,51,-2.83,9,0.23,17.4,0.81,2,0.837263,17.497253,-0.162737,1
CUST_004644,29.75,26.49,434.07,5,-3.25,118,0.51,32.75,0.96,1,0.89042,16.386183,-0.109244,0
CUST_004913,27.4,28.73,541.24,7,1.33,193,0.9,27.82,0.95,0,1.04854,18.838844,0.04854,0
CUST_003408,27.15,24.98,445.82,8,-2.17,42,0.78,29.66,1.06,0,0.920074,17.847078,-0.079926,0
CUST_008361,21.55,8.8,148.74,39,-12.75,159,0.34,21.11,1.02,3,0.408353,16.902273,-0.591647,1
CUST_005860,24.87,12.9,219.58,16,-11.97,11,0.1,25.31,1.12,1,0.518697,17.021705,-0.481303,1
CUST_002758,25.01,28.85,505.63,10,3.84,28,0.99,27.0,1.16,0,1.153539,17.52617,0.153539,0
CUST_007899,23.14,10.65,265.69,29,-12.49,151,0.42,24.33,1.01,1,0.460242,24.947418,-0.539758,1
CUST_003253,29.82,26.9,547.4,6,-2.92,143,0.73,27.75,0.92,0,0.902079,20.349442,-0.097921,0
CUST_002690,35.05,39.34,819.19,9,4.28,232,0.92,33.51,1.16,0,1.122397,20.823335,0.122111,0
CUST_002018,25.3,24.82,425.78,6,-0.48,218,0.99,25.99,0.87,0,0.981028,17.154714,-0.018972,0
CUST_002995,20.73,25.86,558.35,6,5.13,187,0.61,18.89,1.15,0,1.247467,21.591261,0.247467,0
CUST_003289,17.18,19.33,299.37,7,2.15,147,0.38,17.67,1.03,0,1.125146,15.487325,0.125146,0
CUST_006068,25.87,10.3,224.48,39,-15.57,5,0.26,26.8,1.01,1,0.398145,21.794175,-0.601855,1
CUST_008592,20.41,42.9,812.29,15,22.49,9,0.31,20.81,0.84,2,2.101911,18.934499,1.101911,1
CUST_002438,34.89,38.01,696.54,5,3.12,105,0.88,33.5,1.0,0,1.089424,18.325178,0.089424,0
CUST_009128,21.76,35.56,806.76,29,13.8,6,0.03,21.58,0.9,1,1.634191,22.687289,0.634191,1
CUST_009344,19.81,6.38,100.0,30,-13.43,173,0.12,17.79,0.81,3,0.32206,15.673981,-0.67794,1
CUST_007382,20.39,6.53,148.15,31,-13.86,155,0.01,19.66,0.81,3,0.320255,22.687596,-0.679745,1
CUST_002203,20.94,26.45,465.17,13,5.51,94,0.93,19.58,1.19,0,1.263133,17.586767,0.263133,0
CUST_008316,21.66,52.21,1108.55,38,30.55,214,0.15,22.67,0.82,0,2.410434,21.232523,1.410434,1
CUST_008086,33.24,10.72,149.06,35,-22.52,149,0.33,29.01,0.81,2,0.322503,13.904851,-0.677497,1
CUST_007993,30.9,31.12,627.79,24,0.22,8,0.41,30.17,1.13,0,1.00712,20.173201,0.00712,1
CUST_004618,25.38,21.75,481.84,7,-3.63,215,0.99,24.32,1.0,0,0.856974,22.153563,-0.143026,0
CUST_003912,32.64,25.18,616.16,6,-7.46,92,0.95,33.43,0.89,0,0.771446,24.470214,-0.228554,0
CUST_002300,21.8,19.93,330.26,7,-1.87,191,0.82,22.58,0.92,0,0.91422,16.570998,-0.08578,0
CUST_002308,20.86,18.26,402.49,12,-2.6,132,0.65,22.65,0.87,0,0.87536,22.042169,-0.12464,0
CUST_004035,19.72,16.62,287.78,10,-3.1,181,0.61,18.99,0.98,0,0.842799,17.315283,-0.157201,0
CUST_001785,21.6,17.75,328.97,10,-3.84,124,0.91,19.65,0.93,0,0.821759,18.533521,-0.177778,0
CUST_003703,26.4,28.07,643.94,9,1.67,201,0.75,27.35,1.03,0,1.063258,22.940506,0.063258,0
CUST_000182,25.96,20.65,443.69,5,-5.3,210,0.66,24.03,0.87,0,0.795455,21.486199,-0.20416,0
CUST_002145,27.72,22.77,508.31,6,-4.96,130,0.8,29.76,0.91,0,0.821429,22.323671,-0.178932,0
CUST_001894,27.97,34.99,869.67,10,7.01,206,0.72,28.95,1.15,0,1.250983,24.854816,0.250626,0
CUST_008296,15.71,28.87,564.97,39,13.16,126,0.11,16.05,1.08,1,1.837683,19.569449,0.837683,1
CUST_008552,17.2,15.25,246.86,56,-1.96,237,0.18,17.22,0.92,3,0.886628,16.187541,-0.113953,1
CUST_000623,34.67,38.31,830.35,10,3.64,197,0.77,31.87,1.09,0,1.10499,21.674498,0.10499,0
CUST_003904,18.28,22.64,488.78,4,4.36,90,0.71,19.38,1.16,0,1.238512,21.589223,0.238512,0
CUST_001005,15.05,14.71,285.85,9,-0.34,30,0.78,16.22,1.14,0,0.977409,19.432359,-0.022591,0
CUST_004766,19.16,16.46,395.27,6,-2.71,81,0.76,17.96,0.93,0,0.859081,24.013973,-0.141441,0
CUST_000796,27.32,24.44,557.21,2,-2.88,109,0.49,28.79,0.83,0,0.894583,22.7991,-0.105417,0
CUST_007357,28.0,50.55,1212.61,33,22.55,3,0.03,30.61,0.85,3,1.805357,23.988328,0.805357,1
CUST_001661,33.84,35.14,850.79,4,1.3,17,0.83,31.33,1.07,0,1.038416,24.21144,0.038416,0
CUST_004529,32.26,24.26,393.42,13,-8.0,194,0.68,30.77,0.81,0,0.752015,16.216818,-0.247985,0
CUST_001995,19.86,18.53,358.28,7,-1.33,86,0.93,18.71,0.92,0,0.933031,19.335132,-0.066969,0
CUST_007080,21.57,9.92,116.74,24,-11.65,153,0.11,19.15,1.15,2,0.459898,11.768145,-0.540102,1
CUST_002788,27.89,35.87,710.9,6,7.98,45,0.71,30.14,1.13,0,1.286124,19.81879,0.286124,0
CUST_004316,28.23,25.4,394.51,6,-2.83,84,0.85,30.16,0.91,0,0.899752,15.53189,-0.100248,0
CUST_002157,20.17,19.74,476.89,3,-0.43,168,1.0,22.02,0.94,0,0.978681,24.158561,-0.021319,0
CUST_004826,16.7,21.83,498.32,6,5.13,224,0.97,16.75,1.16,0,1.307186,22.827302,0.307186,0
CUST_004914,18.5,23.25,367.21,10,4.75,86,0.43,18.4,1.18,0,1.256757,15.793978,0.256757,0
CUST_002443,32.34,35.93,779.9,3,3.59,124,0.98,30.47,1.07,0,1.111008,21.706095,0.111008,0
CUST_004378,23.4,21.91,397.64,6,-1.49,49,0.97,25.81,1.01,0,0.936325,18.148791,-0.063675,0
CUST_004218,17.75,17.08,363.51,13,-0.67,56,0.97,18.0,0.98,0,0.962254,21.282787,-0.037746,0
CUST_008285,33.82,39.2,696.4,54,5.37,147,0.68,34.42,1.12,1,1.159077,17.765306,0.158782,1
CUST_005020,28.72,27.26,677.93,34,-1.46,5,0.12,28.42,0.9,1,0.949164,24.869039,-0.050836,1
CUST_009140,23.34,61.8,1138.38,42,38.46,9,0.12,28.55,1.06,2,2.647815,18.420388,1.647815,1
CUST_007230,13.13,38.14,711.34,21,25.01,128,0.17,15.66,1.16,0,2.904798,18.65076,1.904798,1
CUST_003288,29.15,26.75,437.81,9,-2.39,184,0.99,28.73,1.01,0,0.917667,16.366729,-0.08199,0
CUST_004689,24.31,19.18,344.06,6,-5.13,73,0.94,23.88,0.85,1,0.788976,17.938478,-0.211024,0
CUST_005501,26.48,31.94,691.64,41,5.47,7,0.05,25.49,1.13,0,1.206193,21.654352,0.206571,1
CUST_004173,27.78,27.37,682.08,10,-0.41,188,0.72,30.4,0.93,0,0.985241,24.920716,-0.014759,0
CUST_005280,24.74,11.81,155.39,21,-12.93,5,0.04,20.38,1.19,1,0.477365,13.157494,-0.522635,1
CUST_008773,22.16,9.32,134.46,37,-12.83,184,0.05,17.52,1.05,1,0.420578,14.427039,-0.578971,1
CUST_002847,37.09,34.73,724.06,8,-2.36,138,0.95,34.32,0.89,0,0.936371,20.848258,-0.063629,0
CUST_000439,19.79,17.6,374.43,3,-2.19,71,0.87,20.92,1.0,0,0.889338,21.274432,-0.110662,0
CUST_003305,14.61,14.92,247.47,4,0.31,93,1.0,16.16,1.01,0,1.021218,16.586461,0.021218,0
CUST_003965,19.47,20.01,417.5,10,0.54,166,0.66,18.16,1.1,0,1.027735,20.864568,0.027735,0
CUST_005318,25.64,8.98,100.0,38,-16.65,11,0.23,23.0,0.88,1,0.350234,11.135857,-0.649376,1
CUST_008803,31.36,86.28,1699.29,23,54.92,6,0.64,32.71,1.1,1,2.751276,19.695063,1.751276,1
CUST_007073,30.54,29.04,479.67,34,-1.49,8,0.01,29.39,0.92,0,0.950884,16.517562,-0.048788,1
CUST_004345,29.94,37.27,865.81,10,7.33,175,0.97,32.23,1.13,0,1.244823,23.230749,0.244823,0
CUST_007625,20.68,23.46,490.53,23,2.78,174,0.11,19.35,1.17,0,1.134429,20.909207,0.134429,1
CUST_008963,36.33,12.87,182.43,21,-23.46,4,0.02,34.0,0.89,1,0.354253,14.174825,-0.645747,1
CUST_002196,23.39,20.31,476.75,6,-3.08,140,0.94,21.45,0.83,0,0.86832,23.473658,-0.13168,0
CUST_003765,33.28,34.07,651.64,8,0.79,238,0.94,30.8,1.02,1,1.023738,19.126504,0.023738,0
CUST_003660,28.72,22.99,450.05,11,-5.73,237,0.89,30.24,0.85,0,0.800487,19.575903,-0.199513,0
CUST_001013,26.69,24.98,423.2,6,-1.71,115,0.97,24.39,1.05,0,0.935931,16.941553,-0.064069,0
CUST_006566,32.37,12.37,191.45,25,-20.0,237,0.11,30.94,0.96,1,0.382144,15.47696,-0.617856,1
CUST_004711,21.41,21.46,376.93,8,0.05,145,0.88,21.27,1.08,0,1.002335,17.564306,0.002335,0
CUST_000146,30.6,31.07,506.39,8,0.48,111,0.6,33.14,1.18,0,1.015359,16.298359,0.015686,0
CUST_007846,28.96,62.69,1017.12,25,33.73,2,0.24,29.71,0.87,0,2.16471,16.224597,1.16471,1
CUST_004199,17.61,20.31,483.51,5,2.7,149,0.99,19.25,1.02,0,1.153322,23.806499,0.153322,0
CUST_004971,30.37,25.17,579.21,11,-5.2,147,0.82,33.68,0.96,0,0.828778,23.011919,-0.171222,0
CUST_002803,22.81,21.49,396.93,8,-1.32,146,0.74,24.8,0.99,0,0.942131,18.470451,-0.057869,0
CUST_002650,34.89,32.85,544.93,6,-2.04,194,0.95,33.64,1.0,0,0.941531,16.588432,-0.058469,0
CUST_003361,17.94,20.34,413.87,8,2.4,69,0.7,18.62,1.03,0,1.133779,20.347591,0.133779,0
CUST_002055,18.3,14.51,339.84,6,-3.79,173,0.98,19.17,0.88,1,0.792896,23.421089,-0.207104,0
CUST_000644,26.16,19.71,365.79,7,-6.44,14,0.79,26.88,0.88,0,0.75344,18.5586,-0.246177,0
CUST_007177,32.54,13.6,184.66,15,-18.94,206,0.23,29.52,1.04,1,0.417947,13.577941,-0.582053,1
CUST_004150,31.62,31.26,739.46,6,-0.36,74,0.63,31.43,1.02,0,0.988615,23.65515,-0.011385,0
CUST_000021,21.71,24.4,506.55,7,2.69,46,0.97,21.73,1.06,0,1.123906,20.760246,0.123906,0
CUST_003428,23.7,18.83,393.99,6,-4.87,71,0.78,21.69,0.83,0,0.794515,20.923526,-0.205485,0
CUST_002374,29.09,28.22,436.3,2,-0.88,221,0.96,30.23,0.99,0,0.970093,15.460666,-0.030251,0
CUST_003831,21.09,16.39,277.51,5,-4.71,29,0.93,22.74,0.84,0,0.777146,16.931666,-0.223329,0
CUST_005451,19.77,49.36,829.14,40,29.59,206,0.09,23.82,1.0,0,2.496712,16.797812,1.496712,1
CUST_001562,18.29,19.86,303.44,3,1.57,167,0.87,19.16,1.11,0,1.085839,15.278953,0.085839,0
CUST_002536,28.01,37.07,796.56,7,9.06,119,0.81,26.79,1.18,0,1.323456,21.487996,0.323456,0
CUST_002585,23.75,28.32,480.09,6,4.57,111,0.87,25.14,1.18,0,1.192421,16.952331,0.192421,0
CUST_000588,31.78,25.84,445.67,8,-5.94,38,0.89,29.2,0.81,0,0.81309,17.247291,-0.18691,0
CUST_000117,19.24,25.68,633.47,7,6.44,38,0.94,20.54,1.19,0,1.334719,24.667835,0.334719,0
CUST_001441,25.12,28.61,628.63,8,3.5,115,0.82,23.34,1.2,0,1.138933,21.972387,0.139331,0
CUST_005080,17.92,45.18,906.82,26,27.26,126,0.25,19.88,1.01,1,2.521205,20.07127,1.521205,1
CUST_004382,15.64,13.54,253.92,9,-2.1,146,0.88,15.1,0.92,0,0.865729,18.753323,-0.134271,0
CUST_005547,18.29,7.27,103.15,40,-11.02,180,0.16,16.98,0.99,1,0.397485,14.188446,-0.602515,1
CUST_003988,16.56,15.67,390.03,5,-0.89,133,0.82,17.26,0.92,0,0.946256,24.890236,-0.053744,0
CUST_003724,22.42,27.72,463.29,5,5.3,182,0.94,21.85,1.17,0,1.236396,16.713203,0.236396,0
CUST_001883,26.94,19.77,311.67,3,-7.18,73,0.99,24.65,0.86,0,0.733853,15.764795,-0.266518,0
CUST_001245,31.38,30.78,562.88,7,-0.6,83,0.95,34.33,1.05,0,0.98088,18.287199,-0.01912,0
CUST_007498,27.58,10.17,148.79,33,-17.41,5,0.13,25.48,0.92,0,0.368745,14.630285,-0.631255,1
CUST_002912,28.54,25.23,390.06,10,-3.31,155,0.99,29.93,0.91,0,0.884022,15.460166,-0.115978,0
CUST_003346,34.34,34.86,552.45,3,0.51,112,0.78,32.91,0.91,0,1.015143,15.847676,0.014851,0
CUST_000163,17.5,18.26,367.69,7,0.76,27,0.95,16.57,1.02,0,1.043429,20.136364,0.043429,0
CUST_005396,20.81,18.76,323.54,56,-2.05,6,0.04,20.86,0.89,0,0.90149,17.246269,-0.09851,1
CUST_000104,17.1,19.49,438.5,12,2.39,122,0.95,18.22,1.02,0,1.139766,22.498717,0.139766,0
CUST_002438,34.89,38.01,696.54,5,3.12,105,0.88,33.5,1.0,0,1.089424,18.325178,0.089424,0
CUST_009433,27.66,53.37,1072.29,27,25.71,2,0.04,26.67,1.15,0,1.929501,20.091625,0.929501,1
CUST_004158,18.17,18.84,317.12,9,0.66,17,0.78,17.43,1.03,0,1.036874,16.832272,0.036324,0
CUST_004338,15.82,11.59,184.01,3,-4.24,156,0.86,15.67,0.84,0,0.732617,15.876618,-0.268015,0
CUST_007186,25.51,68.02,1485.12,26,42.51,124,0.01,27.95,1.07,0,2.666405,21.833578,1.666405,1
CUST_003540,27.2,22.35,433.11,4,-4.85,215,0.78,25.71,0.92,0,0.821691,19.378523,-0.178309,0
CUST_003620,18.82,20.5,433.13,7,1.69,59,0.95,20.82,0.99,0,1.089267,21.128293,0.089798,0
CUST_008536,22.6,19.69,351.27,49,-2.91,167,0.15,24.96,0.86,1,0.871239,17.84002,-0.128761,1
CUST_009015,12.62,31.26,622.49,20,18.63,6,0.17,15.37,0.99,1,2.477021,19.913308,1.476228,1
CUST_001816,26.22,28.13,551.21,5,1.91,17,0.67,27.62,0.97,1,1.072845,19.595094,0.072845,0
CUST_003254,24.06,23.4,479.98,6,-0.67,111,0.78,22.27,1.04,0,0.972569,20.511966,-0.027847,0
CUST_002572,24.63,24.89,530.23,6,0.26,223,0.52,25.5,1.07,0,1.010556,21.302933,0.010556,0
CUST_001863,25.06,28.79,697.35,5,3.72,34,0.74,26.25,1.2,0,1.148843,24.221952,0.148444,0
CUST_003229,16.78,16.4,273.24,6,-0.38,63,0.51,17.24,1.12,0,0.977354,16.660976,-0.022646,0
CUST_001441,25.12,28.61,628.63,8,3.5,115,0.82,23.34,1.2,0,1.138933,21.972387,0.139331,0
CUST_002718,31.13,31.54,564.56,3,0.41,116,0.85,34.23,0.92,0,1.013171,17.89981,0.013171,0
CUST_006797,27.33,39.9,979.49,43,12.58,2,0.11,25.95,1.03,3,1.459934,24.548622,0.4603,1
CUST_005859,22.74,7.56,128.34,22,-15.18,239,0.04,19.7,0.83,2,0.332454,16.97619,-0.667546,1
CUST_009084,43.28,16.93,194.14,28,-26.35,178,0.29,33.47,0.98,1,0.391174,11.467218,-0.608826,1
CUST_004321,16.25,19.57,332.86,7,3.32,139,0.93,16.11,1.18,0,1.204308,17.008687,0.204308,0
CUST_007636,26.25,72.78,1296.63,23,46.53,5,0.15,32.39,1.11,1,2.772571,17.815746,1.772571,1
CUST_009333,31.9,21.73,405.51,40,-10.17,11,0.04,32.29,1.02,0,0.681191,18.661298,-0.318809,1
CUST_000034,19.62,16.22,303.45,7,-3.39,23,0.87,19.13,0.95,0,0.826707,18.708385,-0.172783,0
CUST_007481,17.27,45.5,781.45,34,28.23,2,0.23,21.23,1.05,1,2.634627,17.174725,1.634627,1
CUST_000757,20.44,21.08,496.05,9,0.63,92,0.93,18.98,1.1,0,1.031311,23.531784,0.030822,0
CUST_004238,14.09,15.03,247.93,4,0.95,122,0.97,15.46,1.03,1,1.066714,16.495675,0.067424,0
CUST_003417,23.68,25.51,616.76,8,1.83,111,0.93,21.67,0.97,1,1.07728,24.177185,0.07728,0
CUST_009938,35.24,33.21,666.63,28,-2.03,7,0.37,33.0,1.04,1,0.942395,20.073171,-0.057605,1
CUST_008138,29.16,12.34,198.02,26,-16.82,8,0.03,28.8,1.06,2,0.423182,16.047002,-0.576818,1
CUST_003997,24.68,25.51,418.77,6,0.83,187,0.87,25.06,1.09,0,1.03363,16.415915,0.03363,0
CUST_002956,18.89,23.28,496.26,10,4.39,182,0.94,18.1,1.17,0,1.232398,21.31701,0.232398,0
CUST_004090,30.5,28.73,474.13,7,-1.77,162,0.8,30.49,1.07,0,0.941967,16.502959,-0.058033,0
CUST_006588,21.59,61.78,1312.11,30,40.19,6,0.21,25.54,1.14,0,2.86151,21.238427,1.86151,1
CUST_004667,19.22,19.83,401.29,6,0.61,124,0.72,21.16,0.92,0,1.031738,20.23651,0.031738,0
CUST_001426,19.42,16.25,343.53,7,-3.17,42,0.83,19.21,0.9,0,0.836766,21.140308,-0.163234,0
CUST_000069,19.11,17.4,341.75,8,-1.72,142,0.82,18.71,0.98,0,0.910518,19.640805,-0.090005,0
CUST_005339,26.08,76.04,1129.11,44,49.97,2,0.08,29.31,1.17,0,2.915644,14.848895,1.916028,1
CUST_008799,27.93,11.05,137.52,40,-16.88,9,0.06,22.48,0.99,1,0.395632,12.445249,-0.604368,1
CUST_003019,16.96,13.42,219.21,6,-3.54,99,0.76,15.79,0.86,0,0.791274,16.334575,-0.208726,0
CUST_004776,18.39,14.77,251.66,12,-3.61,222,0.97,17.02,0.81,0,0.803154,17.038592,-0.196302,0
CUST_003646,24.53,28.56,525.2,5,4.03,205,0.91,24.79,1.13,0,1.164289,18.389356,0.164289,0
CUST_007362,32.95,20.49,484.19,33,-12.47,11,0.12,29.96,0.8,2,0.621851,23.630551,-0.378452,1
CUST_002445,21.89,18.18,376.87,9,-3.71,109,0.98,21.06,0.83,0,0.830516,20.729923,-0.169484,0
CUST_008190,19.86,32.95,506.15,42,13.09,10,0.14,21.35,1.0,1,1.659114,15.361153,0.659114,1
CUST_007940,15.47,31.77,617.88,37,16.31,3,0.07,17.4,0.82,0,2.053652,19.448536,1.054299,1
CUST_003043,23.71,18.74,395.34,11,-4.98,238,0.61,23.79,0.8,0,0.790384,21.096051,-0.210038,0
CUST_008297,32.06,23.03,527.84,23,-9.03,153,0.33,33.76,0.81,2,0.718341,22.91967,-0.281659,1
CUST_007722,22.28,28.36,507.84,30,6.08,3,0.08,21.94,1.01,1,1.27289,17.906911,0.27289,1
CUST_003162,23.63,20.72,484.08,7,-2.91,127,0.57,25.08,1.01,0,0.876851,23.362934,-0.123149,0
CUST_008393,30.74,70.61,1353.84,19,39.87,183,0.47,32.1,0.92,0,2.297007,19.173488,1.297007,1
CUST_002200,32.68,35.23,874.74,3,2.55,148,0.91,33.82,0.96,0,1.078029,24.829407,0.078029,0
CUST_006181,33.97,12.12,192.44,40,-21.86,239,0.35,30.86,0.89,3,0.356785,15.877888,-0.643509,1
CUST_005961,28.02,12.6,152.66,27,-15.42,6,0.47,25.27,1.12,2,0.449679,12.115873,-0.550321,1
CUST_004474,26.74,29.97,649.84,8,3.23,173,0.85,25.4,1.15,0,1.120793,21.683016,0.120793,0
CUST_003261,14.74,17.61,319.27,3,2.87,100,0.8,15.83,1.06,0,1.194708,18.13004,0.194708,0
CUST_000422,25.16,26.49,474.89,6,1.33,62,0.91,26.45,1.0,0,1.052862,17.927142,0.052862,0
CUST_003639,16.82,14.45,340.21,11,-2.37,81,0.97,16.15,0.99,0,0.859096,23.543945,-0.140904,0
CUST_008348,16.65,45.23,847.74,27,28.58,159,0.19,18.66,1.09,0,2.716517,18.74287,1.716517,1
CUST_000384,17.04,18.21,310.59,7,1.16,228,0.85,18.59,1.03,0,1.068662,17.056013,0.068075,0
CUST_007182,33.22,13.15,160.5,38,-20.08,192,0.1,29.5,0.99,1,0.395846,12.205323,-0.604455,1
CUST_000768,24.32,18.84,305.52,6,-5.48,42,0.98,22.92,0.91,0,0.774671,16.216561,-0.225329,0
CUST_008236,15.5,40.28,872.95,26,24.77,2,0.15,16.34,1.04,2,2.59871,21.672046,1.598065,1
CUST_001895,26.04,19.96,339.08,8,-6.08,66,0.93,28.34,0.83,0,0.766513,16.987976,-0.233487,0
CUST_009040,20.11,44.57,717.95,25,24.46,10,0.22,22.44,0.89,2,2.21631,16.108369,1.21631,1
CUST_004928,17.45,16.37,316.61,4,-1.07,76,0.99,18.43,0.88,0,0.938109,19.340867,-0.061318,0
CUST_000692,23.67,22.31,503.58,11,-1.36,130,0.73,23.39,0.98,0,0.942543,22.571941,-0.057457,0
CUST_006273,21.59,19.83,491.42,35,-1.76,4,0.17,22.84,0.84,0,0.918481,24.781644,-0.081519,1
CUST_000663,24.1,24.03,540.99,11,-0.07,181,0.88,24.01,0.93,0,0.997095,22.513109,-0.002905,0
CUST_003853,19.58,24.29,441.68,10,4.7,163,0.92,17.92,1.17,0,1.240552,18.183615,0.240041,0
CUST_003490,24.76,26.62,405.22,3,1.86,202,0.86,23.68,0.96,0,1.075121,15.222389,0.075121,0
CUST_008798,22.99,45.99,814.73,15,23.0,5,0.19,27.92,0.8,0,2.000435,17.715373,1.000435,1
CUST_002127,33.98,38.59,594.49,7,4.61,183,0.38,33.93,1.11,0,1.135668,15.405286,0.135668,0
CUST_002072,17.09,19.52,295.99,11,2.43,160,0.58,16.05,1.11,0,1.142188,15.163422,0.142188,0
CUST_001241,29.92,30.54,616.6,9,0.62,220,0.86,30.93,0.91,0,1.020722,20.189915,0.020722,0
CUST_009536,15.13,40.63,831.16,30,25.51,8,0.02,16.11,1.07,0,2.685393,20.456805,1.686054,1
CUST_009186,17.93,47.84,830.5,44,29.92,146,0.11,21.13,1.07,0,2.668154,17.35995,1.668712,1
CUST_001527,16.36,18.05,367.04,8,1.7,224,0.99,16.4,1.01,0,1.103301,20.334626,0.103912,0
CUST_008033,23.12,61.4,1028.97,37,38.27,8,0.48,27.34,1.06,1,2.655709,16.758469,1.655277,1
CUST_002450,35.02,41.38,1003.53,4,6.36,51,0.88,34.64,1.15,0,1.181611,24.251571,0.181611,0
CUST_000513,16.73,15.69,238.24,10,-1.04,193,0.8,17.55,0.84,0,0.937836,15.184194,-0.062164,0
CUST_009529,24.7,8.05,120.84,42,-16.65,181,0.19,24.52,0.81,0,0.325911,15.01118,-0.674089,1
CUST_004689,24.31,19.18,344.06,6,-5.13,73,0.94,23.88,0.85,1,0.788976,17.938478,-0.211024,0
CUST_000813,30.48,28.75,577.99,4,-1.73,213,0.83,32.52,1.07,0,0.943241,20.104,-0.056759,0
CUST_008604,32.38,66.25,936.21,32,33.87,3,0.05,34.22,0.82,0,2.046016,14.131472,1.046016,1
CUST_002423,30.95,35.9,744.81,3,4.95,162,0.86,29.74,1.16,0,1.159935,20.746797,0.159935,0
CUST_000298,36.46,48.73,856.46,4,12.26,195,1.0,34.33,1.18,0,1.336533,17.575621,0.336259,0
CUST_005391,39.34,18.61,272.62,30,-20.73,5,0.06,32.18,1.18,0,0.473055,14.649113,-0.526945,1
CUST_007315,21.13,25.58,518.15,35,4.45,1,0.3,22.87,0.89,1,1.210601,20.256059,0.210601,1
CUST_005634,27.8,19.04,352.78,38,-8.76,9,0.03,30.66,0.9,1,0.684892,18.528361,-0.315108,1
CUST_004924,16.64,21.26,488.88,16,4.62,197,0.97,16.09,1.18,0,1.277644,22.995296,0.277644,0
CUST_000745,20.45,19.61,295.6,5,-0.84,28,0.99,21.17,1.04,1,0.958924,15.073942,-0.041076,0
CUST_009935,14.53,36.43,697.62,41,21.9,189,0.02,18.03,1.0,1,2.507226,19.149602,1.507226,1
CUST_009377,29.39,63.82,1407.04,41,34.42,216,0.81,34.58,0.87,1,2.171487,22.047007,1.171147,1
CUST_005025,23.2,63.2,1172.84,19,40.0,6,0.04,23.84,1.09,2,2.724138,18.557595,1.724138,1
CUST_001684,25.23,25.86,561.95,5,0.63,81,0.74,26.53,1.03,0,1.02497,21.730472,0.02497,0
CUST_002397,35.76,42.03,906.7,8,6.28,85,0.78,33.39,1.13,0,1.175336,21.572686,0.175615,0
CUST_002671,17.6,21.37,514.4,11,3.77,195,0.74,18.59,1.07,0,1.214205,24.071128,0.214205,0
CUST_006850,29.35,76.21,1169.19,25,46.86,7,0.09,32.83,1.04,1,2.596593,15.341687,1.596593,1
CUST_009558,29.91,12.93,226.28,43,-16.98,1,0.15,29.18,1.08,1,0.432297,17.500387,-0.567703,1
CUST_001410,24.85,24.0,482.05,9,-0.85,114,0.89,26.6,1.08,0,0.965795,20.085417,-0.034205,0
CUST_005989,24.52,44.59,811.95,23,20.07,9,0.11,22.3,0.82,1,1.818515,18.20924,0.818515,1
CUST_005383,18.55,8.85,121.81,37,-9.7,2,0.1,15.75,1.19,1,0.477089,13.763842,-0.522911,1
CUST_002522,17.4,16.93,377.95,6,-0.47,90,0.81,17.58,1.09,0,0.972989,22.324276,-0.027011,0
CUST_004794,26.32,28.35,545.39,9,2.02,83,0.93,25.46,1.02,0,1.077128,19.237743,0.076748,0
CUST_003945,31.99,23.99,550.68,6,-8.0,162,0.77,31.1,0.87,0,0.749922,22.954564,-0.250078,0
CUST_001495,30.23,31.55,555.61,8,1.32,83,0.98,27.66,1.03,0,1.043665,17.61046,0.043665,0
CUST_009696,19.95,43.44,903.31,38,23.48,10,0.57,19.92,1.12,0,2.177444,20.794429,1.176942,1
CUST_003761,18.34,19.43,347.16,7,1.09,220,0.88,18.12,0.94,1,1.059433,17.867216,0.059433,0
CUST_000601,26.05,23.04,466.72,5,-3.01,161,0.77,25.18,0.97,0,0.884453,20.256944,-0.115547,0
CUST_001203,29.91,26.06,439.26,12,-3.85,146,0.93,27.48,0.9,0,0.871281,16.855718,-0.128719,0
CUST_009673,34.02,11.63,163.81,44,-22.39,150,0.22,28.5,0.85,0,0.341858,14.085125,-0.658142,1
CUST_004505,21.09,22.9,356.78,6,1.81,36,0.97,20.82,1.0,0,1.085823,15.579913,0.085823,0
CUST_001027,28.01,23.94,542.43,3,-4.07,235,0.85,28.73,0.89,0,0.854695,22.657895,-0.145305,0
CUST_005285,35.19,33.08,536.1,49,-2.11,145,0.16,32.73,0.94,1,0.94004,16.206167,-0.05996,1
CUST_007804,15.83,17.42,351.17,36,1.58,238,0.1,17.11,1.01,2,1.100442,20.159013,0.09981,1
CUST_001400,20.55,21.82,394.9,9,1.27,82,0.71,19.13,1.17,0,1.0618,18.098075,0.0618,0
CUST_003978,16.82,14.53,226.61,10,-2.28,215,0.91,17.1,0.92,0,0.863853,15.596008,-0.135553,0
CUST_000207,19.67,16.72,381.97,6,-2.95,227,0.95,21.83,0.98,0,0.850025,22.845096,-0.149975,0
CUST_002797,23.1,18.01,378.56,9,-5.09,41,0.74,24.11,0.84,0,0.779654,21.019434,-0.220346,0
CUST_003081,28.07,25.8,586.88,5,-2.27,174,0.95,30.81,0.99,0,0.919131,22.747287,-0.080869,0
CUST_000993,13.84,13.39,264.08,7,-0.45,135,0.92,15.2,0.99,0,0.967486,19.722181,-0.032514,0
CUST_002287,30.22,35.07,671.78,6,4.85,51,0.5,30.3,1.05,0,1.16049,19.155403,0.16049,0
CUST_005967,29.28,23.46,507.49,43,-5.82,4,0.26,31.32,0.88,0,0.80123,21.63214,-0.19877,1
CUST_002959,14.57,12.8,214.74,6,-1.77,195,0.97,15.17,0.95,0,0.878518,16.776562,-0.121482,0
CUST_003684,19.09,21.57,388.96,11,2.48,51,0.81,20.56,1.08,0,1.129911,18.032452,0.129911,0
CUST_008929,27.04,68.35,1466.65,31,41.31,178,0.14,33.58,1.01,1,2.527737,21.457937,1.527737,1
CUST_004214,21.46,17.55,300.11,11,-3.92,148,0.82,23.6,0.87,0,0.817801,17.100285,-0.182665,0
CUST_003640,28.35,27.38,675.01,5,-0.97,99,0.98,29.65,1.07,0,0.965785,24.653397,-0.034215,0
CUST_001796,27.57,29.22,463.19,6,1.65,86,0.94,25.28,1.06,0,1.059848,15.851814,0.059848,0
CUST_001308,22.97,19.0,460.87,11,-3.97,70,0.8,24.25,0.87,0,0.827166,24.256316,-0.172834,0
CUST_001307,17.36,17.86,342.19,12,0.5,229,0.95,18.35,0.98,0,1.028802,19.159574,0.028802,0
CUST_004700,29.41,34.29,657.23,5,4.88,78,0.94,27.23,1.07,0,1.16593,19.166812,0.16593,0
CUST_001438,22.3,29.0,549.09,4,6.71,49,0.92,20.43,1.17,0,1.300448,18.934138,0.300897,0
CUST_002510,17.24,14.9,284.37,10,-2.34,125,0.99,15.92,0.87,0,0.864269,19.085235,-0.135731,0
CUST_007530,27.16,21.08,384.96,53,-6.08,1,0.5,26.16,0.83,3,0.776141,18.26186,-0.223859,1
CUST_003198,15.33,12.77,288.31,6,-2.56,149,0.94,16.81,0.97,0,0.833007,22.577134,-0.166993,0
CUST_007381,25.68,9.66,133.23,42,-16.02,6,0.1,20.43,0.94,0,0.376168,13.791925,-0.623832,1
CUST_000525,16.43,18.42,304.18,3,2.0,129,0.66,17.97,0.98,0,1.12112,16.513572,0.121729,0
CUST_006921,24.04,8.98,100.0,31,-15.05,5,0.18,19.64,0.93,1,0.373544,11.135857,-0.62604,1
CUST_005224,19.42,40.48,887.27,35,21.05,142,0.43,20.88,0.83,3,2.084449,21.918725,1.083934,1
CUST_001401,33.56,39.28,609.93,4,5.72,194,0.98,33.02,1.04,0,1.170441,15.527749,0.170441,0
CUST_003107,14.91,10.76,266.33,7,-4.15,12,0.76,15.28,0.83,0,0.721663,24.751859,-0.278337,0
CUST_000984,31.97,29.35,613.4,11,-2.62,133,0.61,34.77,0.83,0,0.918048,20.899489,-0.081952,0
CUST_004905,33.06,28.81,455.7,10,-4.25,136,0.89,32.11,0.85,0,0.871446,15.817425,-0.128554,0
CUST_005865,26.83,56.22,968.05,38,29.4,9,0.34,28.98,0.84,2,2.095416,17.218961,1.095788,1
CUST_000901,31.91,37.71,621.67,7,5.8,81,0.98,32.68,1.07,0,1.181761,16.485548,0.181761,0
CUST_003731,29.19,33.21,823.39,3,4.02,102,0.47,29.64,1.04,0,1.137718,24.793436,0.137718,0
CUST_004595,29.48,28.72,497.09,4,-0.76,80,0.95,26.97,0.9,0,0.97422,17.308148,-0.02578,0
CUST_008565,35.51,18.64,293.83,29,-16.87,11,0.0,34.58,0.95,1,0.524923,15.763412,-0.475077,1
CUST_001592,32.37,26.8,418.07,10,-5.58,172,0.82,31.67,0.85,0,0.827927,15.599627,-0.172382,0
CUST_009566,36.65,13.31,202.05,44,-23.34,5,0.06,32.63,0.91,1,0.363165,15.180316,-0.636835,1
CUST_000305,21.64,17.74,313.4,7,-3.9,149,0.85,20.79,0.9,0,0.819778,17.666291,-0.180222,0
CUST_002450,35.02,41.38,1003.53,4,6.36,51,0.88,34.64,1.15,0,1.181611,24.251571,0.181611,0
CUST_002855,31.04,36.7,848.15,6,5.65,134,0.6,34.43,1.08,0,1.182345,23.110354,0.182023,0
CUST_000329,31.2,31.29,622.09,8,0.09,199,0.95,29.36,0.98,0,1.002885,19.881432,0.002885,0
CUST_003792,26.83,28.59,562.23,11,1.76,91,0.94,28.43,1.12,0,1.065598,19.665268,0.065598,0
CUST_001008,23.97,21.13,504.95,4,-2.83,180,0.76,24.85,0.88,0,0.881519,23.897302,-0.118064,0
CUST_005035,27.39,74.36,1473.52,28,46.97,194,0.02,32.83,1.09,2,2.714859,19.81603,1.714859,1
CUST_008858,25.03,27.26,527.75,36,2.22,158,0.26,23.52,1.17,3,1.089093,19.359868,0.088694,1
CUST_001970,26.27,33.23,519.33,11,6.96,194,0.98,28.16,1.12,1,1.264941,15.628348,0.264941,0
CUST_006783,25.55,8.73,135.38,17,-16.83,125,0.1,23.74,1.15,1,0.341683,15.507446,-0.658708,1
CUST_008031,26.76,56.56,908.42,37,29.79,7,0.31,26.95,0.85,1,2.113602,16.061174,1.113229,1
CUST_009113,27.86,28.17,534.69,34,0.31,163,0.02,28.7,0.92,0,1.011127,18.980831,0.011127,1
CUST_005730,19.89,41.11,870.25,36,21.23,10,0.13,23.92,0.83,0,2.066868,21.168815,1.067371,1
CUST_004064,26.57,31.04,469.17,8,4.47,174,0.7,27.46,1.12,0,1.168235,15.115013,0.168235,0
CUST_000367,20.78,16.33,257.79,5,-4.45,42,0.79,22.33,0.82,0,0.785852,15.786283,-0.214148,0
CUST_004770,36.81,36.48,554.43,7,-0.32,107,0.93,33.97,0.99,0,0.991035,15.198191,-0.008693,0
CUST_009607,43.1,19.49,238.54,21,-23.61,176,0.21,33.61,1.13,0,0.452204,12.239097,-0.547796,1
CUST_007030,18.85,6.68,100.0,31,-12.17,9,0.18,18.04,0.89,1,0.354377,14.97006,-0.645623,1
CUST_002566,22.38,28.52,630.31,4,6.15,66,0.84,21.69,1.17,0,1.274352,22.100631,0.274799,0
CUST_003687,31.18,32.57,786.12,8,1.39,43,0.61,33.63,0.98,0,1.04458,24.136322,0.04458,0
CUST_009827,17.76,6.4,149.46,29,-11.36,10,0.48,17.21,0.89,0,0.36036,23.353125,-0.63964,1
CUST_004315,31.2,37.83,893.7,7,6.63,185,0.9,31.57,1.06,0,1.2125,23.624108,0.2125,0
CUST_007812,27.23,28.54,640.42,40,1.31,172,0.04,25.23,0.99,2,1.048109,22.439383,0.048109,1
CUST_005986,14.27,31.49,618.08,31,17.22,211,0.32,17.19,0.88,1,2.206727,19.627818,1.206727,1
CUST_000476,32.65,36.84,704.87,5,4.19,45,0.93,32.56,1.03,0,1.128331,19.133279,0.128331,0
CUST_004248,29.04,29.48,641.7,7,0.44,222,0.79,29.25,1.07,0,1.015152,21.7673,0.015152,0
CUST_009180,27.21,28.72,479.48,21,1.52,200,0.09,26.18,0.97,3,1.055494,16.694986,0.055862,1
CUST_009658,19.67,7.39,110.98,25,-12.28,10,0.12,16.47,0.94,2,0.375699,15.017591,-0.624301,1
CUST_000252,33.84,39.21,805.84,5,5.37,188,0.9,32.23,1.03,0,1.158688,20.5519,0.158688,0
CUST_003420,17.49,22.17,499.34,8,4.67,62,0.81,16.13,1.11,0,1.267581,22.52323,0.26701,0
CUST_006031,23.93,9.81,147.39,24,-14.12,11,0.07,21.72,1.02,0,0.409946,15.024465,-0.590054,1
CUST_007814,17.38,20.06,493.56,40,2.69,196,0.35,16.68,1.06,0,1.1542,24.604187,0.154776,1
CUST_009847,25.78,66.18,1393.77,27,40.4,233,0.05,27.28,1.03,1,2.567106,21.06029,1.567106,1
CUST_002650,34.89,32.85,544.93,6,-2.04,194,0.95,33.64,1.0,0,0.941531,16.588432,-0.058469,0
CUST_000181,25.04,31.46,511.91,16,6.41,168,0.99,23.78,1.19,0,1.25639,16.271774,0.25599,0
CUST_008699,27.87,72.22,1244.83,42,44.34,167,0.19,33.12,1.04,1,2.591317,17.236638,1.590958,1
CUST_004978,21.22,23.28,554.25,5,2.06,175,0.9,21.39,1.04,0,1.097078,23.80799,0.097078,0
CUST_006389,21.74,20.01,342.41,47,-1.73,8,0.09,22.14,0.85,0,0.920423,17.111944,-0.079577,1
CUST_002671,17.6,21.37,514.4,11,3.77,195,0.74,18.59,1.07,0,1.214205,24.071128,0.214205,0
CUST_000629,16.95,15.82,372.27,6,-1.13,121,0.86,17.95,1.08,0,0.933333,23.531606,-0.066667,0
CUST_007029,31.72,38.7,721.67,46,6.98,5,0.14,30.24,1.19,0,1.22005,18.647804,0.22005,1
CUST_007799,17.83,6.35,105.34,25,-11.48,6,0.02,15.78,0.89,0,0.356141,16.588976,-0.643859,1
CUST_002033,20.31,16.59,358.08,4,-3.72,106,0.9,21.68,0.9,0,0.816839,21.584087,-0.183161,0
CUST_000983,22.46,25.08,585.54,6,2.61,30,0.98,20.57,1.01,0,1.116652,23.34689,0.116207,0
CUST_004497,27.02,28.08,541.63,8,1.06,222,0.89,27.4,1.11,1,1.03923,19.288818,0.03923,0
CUST_000029,36.99,35.9,543.34,2,-1.09,235,0.93,34.71,0.95,0,0.970533,15.134819,-0.029467,0
CUST_003963,16.43,18.26,391.5,8,1.83,202,0.97,15.6,1.14,0,1.111382,21.440307,0.111382,0
CUST_000048,21.08,22.15,499.11,7,1.07,222,0.71,21.99,0.99,0,1.050759,22.533183,0.050759,0
CUST_009684,33.98,10.97,216.96,17,-23.01,3,0.15,34.28,1.18,1,0.322837,19.777575,-0.677163,1
CUST_000558,31.97,30.78,530.95,7,-1.19,130,0.66,29.72,0.86,0,0.962778,17.249838,-0.037222,0
CUST_009677,27.37,54.82,810.95,37,27.44,134,0.05,27.94,0.8,2,2.002923,14.792959,1.002558,1
CUST_006150,30.6,11.0,179.03,20,-19.6,1,0.09,28.31,0.87,2,0.359477,16.275455,-0.640523,1
CUST_003139,16.11,21.22,475.2,10,5.11,208,0.67,17.55,1.19,0,1.317194,22.393968,0.317194,0
CUST_004155,18.71,20.41,423.26,15,1.7,15,1.0,20.79,1.02,0,1.090861,20.737874,0.090861,0
CUST_001363,32.74,27.06,630.45,8,-5.68,211,0.95,34.89,0.94,0,0.826512,23.298226,-0.173488,0
CUST_009756,36.64,15.21,181.75,26,-21.42,9,0.12,31.12,1.04,1,0.41512,11.949375,-0.584607,1
CUST_009923,18.34,45.15,716.07,23,26.81,157,0.05,19.7,0.98,3,2.461832,15.859801,1.461832,1
CUST_004296,21.78,23.97,524.15,6,2.19,182,0.93,20.36,1.17,0,1.100551,21.866917,0.100551,0
CUST_005119,19.82,16.45,287.6,30,-3.37,7,0.32,19.69,1.12,2,0.82997,17.483283,-0.17003,1
CUST_009429,24.34,10.24,115.79,44,-14.11,5,0.36,20.48,1.05,1,0.420707,11.307617,-0.579704,1
CUST_002730,34.94,28.51,678.67,8,-6.43,56,0.94,34.77,0.93,0,0.81597,23.80463,-0.18403,0
CUST_008623,34.36,11.57,160.89,41,-22.8,4,0.2,30.41,0.84,1,0.336729,13.905791,-0.663562,1
CUST_003861,26.98,31.07,726.95,4,4.09,36,0.92,25.45,1.07,0,1.151594,23.397168,0.151594,0
CUST_009228,14.72,39.88,724.06,26,25.16,5,0.2,15.57,1.08,1,2.709239,18.155968,1.709239,1
CUST_000378,32.63,27.93,538.95,9,-4.71,173,0.96,34.98,0.91,0,0.855961,19.296455,-0.144346,0
CUST_002668,22.92,27.47,670.08,6,4.55,37,0.95,22.47,1.17,0,1.198517,24.393156,0.198517,0
CUST_004231,28.35,33.37,578.21,5,5.01,235,0.97,28.96,1.13,0,1.177072,17.32724,0.17672,0
CUST_002599,30.44,30.74,696.72,4,0.29,239,0.84,28.42,1.11,0,1.009855,22.664932,0.009527,0
CUST_004252,27.55,25.56,493.84,15,-1.99,36,0.92,30.36,0.9,0,0.927768,19.320814,-0.072232,0
CUST_004460,17.29,21.02,469.8,3,3.73,83,0.41,16.41,1.06,0,1.215732,22.350143,0.215732,0
CUST_009719,23.19,9.48,126.08,42,-13.71,11,0.05,19.91,1.02,0,0.408797,13.299578,-0.591203,1
CUST_004927,18.72,17.28,328.19,6,-1.44,22,0.89,20.58,1.0,0,0.923077,18.992477,-0.076923,0
CUST_009571,28.89,9.29,126.88,43,-19.59,181,0.14,25.38,0.8,2,0.321565,13.657696,-0.678089,1
CUST_007490,33.36,86.82,1940.28,29,53.46,1,0.12,34.27,1.04,0,2.602518,22.348307,1.602518,1
CUST_009016,20.17,7.67,100.0,27,-12.49,147,0.25,17.36,0.95,1,0.380268,13.03781,-0.619236,1
CUST_002253,24.29,28.01,610.79,5,3.72,174,0.89,26.27,1.05,0,1.153149,21.806141,0.153149,0
CUST_003961,16.57,18.42,285.37,5,1.85,13,0.76,15.27,1.04,0,1.111648,15.4924,0.111648,0
CUST_009580,27.42,65.8,1161.34,20,38.38,10,0.31,30.93,0.96,0,2.399708,17.649544,1.399708,1
CUST_000637,20.05,21.12,320.6,11,1.07,201,0.82,18.86,1.05,0,1.053367,15.179924,0.053367,0
CUST_001483,31.8,32.39,661.3,11,0.59,238,0.99,29.17,1.02,0,1.018553,20.416795,0.018553,0
CUST_009029,21.54,55.09,761.06,31,33.56,1,0.16,23.57,1.02,1,2.557567,13.814848,1.558032,1
CUST_004993,22.97,23.57,435.95,5,0.6,216,0.64,22.02,1.19,0,1.026121,18.495969,0.026121,0
CUST_007318,25.2,21.46,343.04,36,-3.74,11,0.08,23.54,0.84,1,0.851587,15.985089,-0.148413,1
CUST_001652,18.07,24.04,547.78,13,5.98,187,0.67,20.01,1.18,0,1.330382,22.78619,0.330935,0
CUST_001062,33.52,28.79,479.82,4,-4.73,233,0.69,33.87,0.99,0,0.85889,16.666204,-0.14111,0
CUST_001759,36.4,33.43,538.91,9,-2.97,73,0.4,33.21,1.06,0,0.918407,16.12055,-0.081593,0
CUST_002982,21.56,24.62,550.67,7,3.06,145,0.91,21.07,1.2,0,1.141929,22.366775,0.141929,0
CUST_008896,20.84,17.42,268.09,28,-3.42,8,0.26,19.32,0.83,0,0.835893,15.389782,-0.164107,1
CUST_003962,14.11,11.2,200.09,3,-2.91,152,0.95,15.34,0.8,0,0.793763,17.865179,-0.206237,0
CUST_003804,16.78,15.9,295.59,9,-0.88,169,0.96,18.6,1.01,0,0.947557,18.590566,-0.052443,0
CUST_003345,27.14,29.57,450.17,7,2.43,169,0.75,27.78,0.95,0,1.089536,15.223876,0.089536,0
CUST_006927,18.98,7.73,100.0,40,-11.25,3,0.51,16.14,1.02,1,0.407271,12.936611,-0.592729,1
CUST_005418,18.33,40.34,646.62,37,22.0,5,0.06,19.32,0.91,0,2.200764,16.029251,1.200218,1
CUST_000373,30.51,31.7,489.31,8,1.19,12,0.56,31.17,0.96,0,1.039004,15.435647,0.039004,0
CUST_005573,33.2,36.17,725.78,40,2.97,9,0.23,30.26,1.05,3,1.089458,20.0658,0.089458,1
CUST_006519,32.68,13.72,168.32,25,-18.96,1,0.03,30.89,1.05,2,0.419829,12.268222,-0.580171,1
CUST_003373,34.81,34.53,539.77,4,-0.28,87,0.99,32.42,1.14,0,0.991956,15.631914,-0.008044,0
CUST_006425,22.36,46.28,1119.12,34,23.92,10,0.07,24.69,0.8,1,2.069767,24.181504,1.069767,1
CUST_001962,14.14,12.49,248.56,6,-1.65,231,0.63,15.67,0.92,0,0.88331,19.900721,-0.11669,0
CUST_003313,16.16,13.24,304.9,7,-2.92,29,0.99,17.21,0.81,0,0.819307,23.028701,-0.180693,0
CUST_004510,31.49,31.28,475.04,8,-0.2,43,0.88,29.34,1.08,0,0.993331,15.186701,-0.006351,0
CUST_001853,15.76,15.67,291.88,7,-0.09,191,0.54,15.13,0.87,0,0.994289,18.626675,-0.005711,0
CUST_009395,17.95,15.39,348.68,47,-2.56,135,0.05,19.89,0.94,2,0.857382,22.65627,-0.142618,1
CUST_001772,29.27,29.32,609.62,9,0.05,181,0.99,30.38,1.09,0,1.001708,20.791951,0.001708,0
CUST_000362,20.89,18.61,329.1,12,-2.28,119,0.72,22.13,0.9,0,0.890857,17.684041,-0.109143,0
CUST_008105,14.61,33.91,493.12,15,19.3,129,0.22,16.16,0.93,3,2.321013,14.542023,1.321013,1
CUST_004109,15.27,17.26,343.93,7,1.99,23,0.67,15.17,1.15,0,1.130321,19.926419,0.130321,0
CUST_003479,30.96,34.24,647.34,3,3.28,81,0.71,33.14,1.07,0,1.105943,18.905958,0.105943,0
CUST_008722,32.52,13.1,164.88,20,-19.42,152,0.03,31.44,1.01,1,0.402829,12.58626,-0.597171,1
CUST_009193,22.37,43.81,981.02,33,21.44,4,0.03,24.65,1.14,0,1.958426,22.392604,0.958426,1
CUST_006400,21.97,23.28,417.98,36,1.32,10,0.53,23.55,0.97,1,1.059627,17.954467,0.060082,1
CUST_009538,34.3,63.22,1280.37,43,28.92,2,0.19,34.84,1.01,3,1.843149,20.25261,0.843149,1
CUST_007888,23.94,8.99,133.33,32,-14.95,217,0.02,22.64,0.94,1,0.375522,14.830923,-0.624478,1
CUST_003598,30.6,31.11,693.14,9,0.51,12,0.99,28.14,1.06,1,1.016667,22.280296,0.016667,0
CUST_007612,29.77,10.13,109.43,41,-19.64,1,0.18,25.37,0.85,3,0.340275,10.802567,-0.659725,1
CUST_004827,14.55,14.42,348.21,5,-0.14,13,1.0,15.34,0.98,0,0.991065,24.147712,-0.009622,0
CUST_000195,23.16,26.87,520.9,5,3.71,130,0.94,22.92,1.07,0,1.16019,19.385932,0.16019,0
CUST_003891,24.07,26.54,473.09,6,2.47,148,0.84,24.4,0.97,0,1.102617,17.825546,0.102617,0
CUST_007519,22.31,64.72,1272.09,32,42.41,204,0.26,22.72,1.16,2,2.900941,19.655284,1.900941,1
CUST_000494,24.16,21.11,440.13,5,-3.05,96,0.94,23.36,1.03,0,0.873758,20.84936,-0.126242,0
CUST_000275,26.11,25.2,379.01,7,-0.91,128,0.94,26.41,1.03,0,0.965147,15.040079,-0.034853,0
CUST_003315,34.62,30.74,500.74,8,-3.88,160,0.91,32.72,0.83,0,0.887926,16.289525,-0.112074,0
CUST_003672,20.72,20.55,412.24,4,-0.17,175,0.96,21.06,0.95,0,0.991795,20.060341,-0.008205,0
CUST_005091,33.12,35.28,774.65,29,2.16,6,0.23,31.83,1.0,1,1.065217,21.9572,0.065217,1
CUST_008098,19.2,8.21,131.63,34,-10.99,10,0.06,16.49,1.07,0,0.427604,16.032887,-0.572396,1
CUST_006115,18.83,53.44,1040.76,18,34.61,124,0.09,21.39,1.14,0,2.838024,19.475299,1.838024,1
CUST_002357,37.77,37.54,830.86,7,-0.24,60,0.83,34.5,0.88,0,0.993911,22.132658,-0.006354,0
CUST_001091,20.39,18.19,375.17,10,-2.2,239,0.95,21.76,0.94,0,0.892104,20.625069,-0.107896,0
CUST_009215,25.39,10.46,125.11,20,-14.94,162,0.31,22.35,1.03,3,0.411973,11.960803,-0.588421,1
CUST_005947,26.68,75.92,1689.18,31,49.24,214,0.46,30.55,1.14,0,2.845577,22.249473,1.845577,1
CUST_003929,14.83,13.19,240.26,8,-1.63,53,1.0,15.19,1.04,0,0.889413,18.215315,-0.109912,0
CUST_009202,17.07,6.64,100.0,34,-10.43,178,0.28,15.03,0.97,2,0.388987,15.060241,-0.611013,1
CUST_004138,29.47,32.04,537.64,10,2.57,66,0.88,29.12,1.09,0,1.087207,16.780275,0.087207,0
CUST_001256,26.38,29.4,696.91,7,3.03,235,0.86,28.19,1.09,0,1.114481,23.704422,0.11486,0
CUST_000236,34.68,39.63,618.61,6,4.95,196,0.92,34.33,1.05,0,1.142734,15.609639,0.142734,0
CUST_002770,35.28,27.42,530.54,6,-7.86,182,0.71,34.94,0.83,0,0.777211,19.348651,-0.222789,0
CUST_005643,19.22,40.52,582.78,26,21.31,201,0.25,20.95,0.84,1,2.108221,14.382527,1.108741,1
CUST_008414,31.36,10.54,183.8,23,-20.82,3,0.24,25.14,0.84,0,0.336097,17.43833,-0.663903,1
CUST_004204,22.92,22.59,485.45,6,-0.33,207,0.95,21.09,0.9,0,0.985602,21.489597,-0.014398,0
CUST_000868,30.61,29.65,524.89,11,-0.95,153,0.68,29.17,1.06,0,0.968638,17.702867,-0.031036,0
CUST_003694,32.35,36.25,639.71,7,3.9,199,0.73,29.54,1.18,0,1.120556,17.647172,0.120556,0
CUST_004779,23.69,20.95,388.4,3,-2.74,189,0.41,22.26,0.9,0,0.884339,18.539379,-0.115661,0
CUST_004001,32.52,30.24,508.2,7,-2.28,112,0.71,29.74,1.01,0,0.929889,16.805556,-0.070111,0
CUST_001800,19.11,16.12,349.55,7,-2.99,116,0.97,20.33,0.96,0,0.843537,21.684243,-0.156463,0
CUST_004421,24.77,31.9,742.59,8,7.13,40,0.78,24.45,1.16,0,1.287848,23.278683,0.287848,0
CUST_000348,31.11,31.68,604.03,5,0.58,35,0.95,28.64,1.16,0,1.018322,19.066604,0.018644,0
CUST_002964,26.97,28.89,575.24,5,1.92,170,0.98,27.44,1.2,0,1.07119,19.911388,0.07119,0
CUST_001329,27.14,21.87,397.83,8,-5.26,135,0.96,29.7,0.94,0,0.805822,18.190672,-0.19381,0
CUST_007702,19.12,19.94,455.56,40,0.82,2,0.02,20.76,0.98,2,1.042887,22.84654,0.042887,1
CUST_001718,34.93,32.06,724.74,7,-2.87,102,0.94,33.76,0.96,0,0.917836,22.605739,-0.082164,0
CUST_003293,26.58,27.36,541.4,5,0.79,60,0.87,26.81,0.93,1,1.029345,19.788012,0.029722,0
CUST_001195,30.37,22.02,389.17,9,-8.35,121,0.93,29.73,0.81,0,0.725058,17.673479,-0.274942,0
CUST_006723,31.67,10.39,144.54,37,-21.27,6,0.18,25.56,0.82,0,0.328071,13.911453,-0.671614,1
CUST_001203,29.91,26.06,439.26,12,-3.85,146,0.93,27.48,0.9,0,0.871281,16.855718,-0.128719,0
CUST_000960,19.34,19.19,369.72,5,-0.15,24,0.95,19.32,0.96,0,0.992244,19.266285,-0.007756,0
CUST_008032,15.19,30.5,457.1,43,15.32,10,0.01,18.35,0.8,0,2.0079,14.986885,1.008558,1
CUST_000929,34.81,41.71,688.2,7,6.9,182,0.93,34.69,1.09,0,1.198219,16.49964,0.198219,0
CUST_002992,32.83,34.04,697.19,7,1.22,132,0.88,34.18,0.93,0,1.036857,20.481492,0.037161,0
CUST_000813,30.48,28.75,577.99,4,-1.73,213,0.83,32.52,1.07,0,0.943241,20.104,-0.056759,0
CUST_003400,15.42,13.1,247.91,12,-2.32,114,0.55,15.26,0.94,0,0.849546,18.924427,-0.150454,0
CUST_008505,23.2,10.02,119.35,20,-13.19,5,0.19,20.22,1.08,0,0.431897,11.911178,-0.568534,1
CUST_009899,34.61,11.76,161.41,24,-22.85,1,0.06,32.0,0.85,0,0.339786,13.72534,-0.660214,1
CUST_004278,15.56,15.09,232.49,5,-0.47,128,0.52,16.71,1.08,0,0.969794,15.406892,-0.030206,0
CUST_001410,24.85,24.0,482.05,9,-0.85,114,0.89,26.6,1.08,0,0.965795,20.085417,-0.034205,0
CUST_003298,27.97,30.59,685.48,8,2.62,204,0.85,25.76,1.1,1,1.093672,22.40863,0.093672,0
CUST_005624,16.75,41.76,705.39,29,25.01,169,0.1,19.12,1.0,0,2.493134,16.891523,1.493134,1
CUST_001776,28.73,30.17,750.76,6,1.43,229,0.6,27.51,1.16,0,1.050122,24.884322,0.049774,0
CUST_009986,17.83,48.95,729.47,43,31.13,238,0.44,20.16,1.1,0,2.745373,14.902349,1.745934,1
CUST_006092,22.95,10.61,160.82,40,-12.34,1,0.29,22.42,1.16,1,0.462309,15.157399,-0.537691,1
CUST_004782,31.66,32.9,669.54,9,1.24,187,0.76,34.91,1.0,0,1.039166,20.35076,0.039166,0
CUST_008219,18.26,6.32,100.0,20,-11.93,137,0.33,15.39,0.87,1,0.346112,15.822785,-0.653341,1
CUST_003785,25.89,33.1,691.92,8,7.2,12,0.94,26.12,1.18,0,1.278486,20.903927,0.2781,0
CUST_002881,17.64,22.6,539.71,10,4.96,184,0.57,17.22,1.14,0,1.281179,23.880973,0.281179,0
CUST_003214,23.39,22.07,419.18,9,-1.32,53,0.92,21.52,0.85,0,0.943566,18.993203,-0.056434,0
CUST_000015,28.7,30.07,690.23,15,1.37,29,0.87,26.14,1.17,0,1.047735,22.954107,0.047735,0
CUST_007610,15.83,13.89,328.66,38,-1.94,127,0.44,16.94,0.95,0,0.877448,23.661627,-0.122552,1
CUST_004226,18.35,20.23,334.75,4,1.87,200,0.99,17.96,1.13,0,1.102452,16.547207,0.101907,0
CUST_001779,16.94,14.55,350.75,5,-2.39,170,0.79,17.0,0.98,0,0.858914,24.106529,-0.141086,0
CUST_004704,33.58,29.79,537.33,6,-3.79,22,0.86,34.09,0.82,0,0.887135,18.037261,-0.112865,0
CUST_009467,21.42,61.63,1093.52,16,40.21,232,0.09,25.29,1.15,0,2.877218,17.743307,1.877218,1
CUST_003289,17.18,19.33,299.37,7,2.15,147,0.38,17.67,1.03,0,1.125146,15.487325,0.125146,0
CUST_001011,16.54,14.5,229.4,13,-2.05,201,0.73,18.33,0.93,0,0.876663,15.82069,-0.123942,0
CUST_004940,15.45,13.19,272.81,11,-2.26,162,0.63,16.13,0.89,0,0.853722,20.683093,-0.146278,0
CUST_008980,18.51,40.2,574.78,42,21.69,146,0.07,20.38,0.87,1,2.171799,14.29801,1.171799,1
CUST_008998,29.24,11.35,178.69,42,-17.89,3,0.08,24.82,0.97,1,0.388167,15.743612,-0.611833,1
CUST_002705,15.55,15.99,359.98,3,0.44,66,0.74,16.38,0.91,0,1.028296,22.512821,0.028296,0
CUST_009125,23.6,20.06,466.28,56,-3.53,11,0.02,24.72,0.91,1,0.85,23.244267,-0.149576,1
CUST_000641,27.65,30.4,477.13,5,2.75,194,0.8,26.96,1.14,0,1.099458,15.695066,0.099458,0
CUST_006690,21.86,8.38,130.2,37,-13.48,173,0.47,19.31,0.96,1,0.383349,15.536993,-0.616651,1
CUST_002780,14.9,12.92,201.58,10,-1.98,18,0.62,15.15,0.84,0,0.867114,15.602167,-0.132886,0
CUST_000460,30.43,30.58,558.94,5,0.16,65,0.72,28.69,0.94,0,1.004929,18.277959,0.005258,0
CUST_002853,21.13,26.89,424.72,10,5.75,126,0.84,21.08,1.17,0,1.272598,15.794719,0.272125,0
CUST_009067,19.18,22.06,437.59,40,2.88,10,0.09,19.58,1.19,2,1.150156,19.836355,0.150156,1
CUST_001799,18.15,15.43,284.38,8,-2.72,186,0.95,17.45,0.97,0,0.850138,18.430331,-0.149862,0
CUST_001875,18.23,15.74,331.2,7,-2.49,102,0.93,19.21,0.81,0,0.863412,21.041931,-0.136588,0
CUST_009820,26.34,22.14,541.13,31,-4.2,7,0.03,27.68,0.93,0,0.840547,24.441283,-0.159453,1
CUST_007068,27.34,71.0,1509.99,21,43.66,2,0.03,30.37,1.04,1,2.596928,21.267465,1.596928,1
CUST_009378,36.66,12.39,202.17,32,-24.27,180,0.25,30.46,0.84,0,0.337971,16.317191,-0.662029,1
CUST_008320,32.14,10.35,146.93,38,-21.79,11,0.18,25.98,0.8,1,0.322029,14.196135,-0.677971,1
CUST_009241,20.39,7.37,100.0,37,-13.02,1,0.19,16.35,0.9,1,0.361452,13.568521,-0.638548,1
CUST_009733,26.76,63.42,947.63,43,36.66,8,0.28,26.92,0.95,2,2.369955,14.942132,1.369955,1
CUST_003344,22.41,18.85,438.31,5,-3.56,172,0.99,23.08,0.88,0,0.841142,23.25252,-0.158858,0
CUST_001999,21.22,23.3,574.86,10,2.08,39,0.86,20.7,1.0,0,1.098021,24.672103,0.098021,0
CUST_002836,29.69,37.35,600.24,11,7.65,178,0.81,31.73,1.1,0,1.257999,16.070683,0.257663,0
CUST_000008,19.92,22.13,369.23,6,2.22,103,0.82,22.13,1.16,0,1.110944,16.684591,0.111446,0
CUST_008579,22.76,8.66,130.66,24,-14.1,3,0.23,22.59,0.95,0,0.380492,15.08776,-0.619508,1
CUST_000275,26.11,25.2,379.01,7,-0.91,128,0.94,26.41,1.03,0,0.965147,15.040079,-0.034853,0
CUST_007311,13.28,36.99,607.15,22,23.71,11,0.15,15.43,1.11,0,2.785392,16.413896,1.785392,1
CUST_006819,17.66,43.48,902.43,44,25.82,8,0.02,21.31,0.98,1,2.462061,20.75506,1.462061,1
CUST_000731,36.81,27.58,486.24,7,-9.23,79,0.99,33.76,0.8,0,0.749253,17.630167,-0.250747,0
CUST_001448,24.03,24.58,547.47,7,0.55,33,0.97,23.4,1.16,0,1.022888,22.272986,0.022888,0
CUST_008727,28.95,12.36,181.7,43,-16.59,143,0.23,28.87,1.07,1,0.426943,14.700647,-0.573057,1
CUST_002700,24.27,24.5,493.75,7,0.24,225,0.82,26.91,1.04,0,1.009477,20.153061,0.009889,0
CUST_002157,20.17,19.74,476.89,3,-0.43,168,1.0,22.02,0.94,0,0.978681,24.158561,-0.021319,0
CUST_008807,14.52,36.91,599.03,19,22.39,7,0.08,16.5,1.02,1,2.542011,16.229477,1.542011,1
CUST_006936,14.41,21.15,497.58,24,6.73,138,0.2,15.67,0.87,0,1.467731,23.526241,0.467037,1
CUST_002294,19.5,20.96,411.25,8,1.46,56,0.97,19.55,1.19,1,1.074872,19.620706,0.074872,0
CUST_003499,33.25,31.58,673.62,10,-1.67,40,0.56,33.29,0.98,0,0.949774,21.330589,-0.050226,0
CUST_005026,36.43,15.77,271.28,42,-20.67,3,0.59,30.0,1.08,0,0.432885,17.202283,-0.56739,1
CUST_006494,20.46,19.29,439.35,32,-1.17,222,0.45,20.1,1.19,0,0.942815,22.77605,-0.057185,1
CUST_008337,23.77,21.17,360.29,52,-2.6,1,0.32,25.7,0.93,1,0.890618,17.018895,-0.109382,1
CUST_008332,27.48,11.53,126.66,16,-15.95,6,0.1,25.12,1.05,1,0.419578,10.985256,-0.580422,1
CUST_004042,24.68,22.83,389.47,6,-1.85,207,0.94,24.05,0.82,0,0.925041,17.059571,-0.074959,0
CUST_006146,27.03,63.32,1336.4,22,36.29,6,0.16,30.15,0.94,1,2.342582,21.105496,1.342582,1
CUST_001497,25.4,22.6,478.53,9,-2.8,184,0.86,23.54,1.04,0,0.889764,21.173894,-0.110236,0
CUST_001005,15.05,14.71,285.85,9,-0.34,30,0.78,16.22,1.14,0,0.977409,19.432359,-0.022591,0
CUST_002723,35.64,29.69,538.9,11,-5.95,97,0.85,32.46,0.81,0,0.833053,18.150893,-0.166947,0
CUST_004729,32.64,24.09,373.43,6,-8.55,178,0.88,32.08,0.87,0,0.738051,15.501453,-0.261949,0
CUST_000059,24.82,31.51,584.42,10,6.7,24,0.56,25.58,1.18,0,1.269541,18.547128,0.269944,0
CUST_001972,26.17,31.32,550.38,9,5.15,179,0.98,28.16,1.05,0,1.19679,17.572797,0.19679,0
CUST_001494,29.01,30.58,601.7,8,1.57,220,0.85,29.21,1.04,0,1.054119,19.676259,0.054119,0
CUST_000890,27.88,26.56,398.49,6,-1.32,72,0.91,25.51,0.93,0,0.952654,15.003389,-0.047346,0
CUST_007103,25.64,26.02,597.06,36,0.38,123,0.01,27.09,0.98,1,1.014821,22.946195,0.014821,1
CUST_008410,24.71,59.32,956.42,43,34.61,168,0.19,28.05,0.96,1,2.400648,16.123061,1.400648,1
CUST_004595,29.48,28.72,497.09,4,-0.76,80,0.95,26.97,0.9,0,0.97422,17.308148,-0.02578,0
CUST_001212,24.11,29.08,724.54,6,4.97,55,0.97,24.39,1.08,0,1.206139,24.915406,0.206139,0
CUST_000007,29.15,24.79,593.02,8,-4.36,107,0.93,27.73,0.93,0,0.850429,23.921743,-0.149571,0
CUST_002100,33.66,41.65,973.84,9,7.99,98,0.85,32.38,1.12,0,1.237374,23.381513,0.237374,0
CUST_001572,34.25,28.28,430.71,4,-5.97,98,0.69,31.15,0.85,0,0.825693,15.230198,-0.174307,0
CUST_005292,23.4,24.38,422.03,36,0.97,126,0.01,21.35,1.0,0,1.04188,17.3105,0.041453,1
CUST_008136,25.96,22.72,553.26,43,-3.24,208,0.01,28.4,0.85,2,0.875193,24.351232,-0.124807,1
CUST_009477,25.2,24.18,502.96,56,-1.01,9,0.4,25.71,0.96,1,0.959524,20.800662,-0.040079,1
CUST_004067,17.47,18.22,388.93,7,0.75,212,0.93,17.48,0.94,0,1.042931,21.346323,0.042931,0
CUST_002910,33.26,36.77,704.65,6,3.51,55,0.9,31.74,1.15,0,1.105532,19.16372,0.105532,0
CUST_004418,22.5,21.99,352.37,5,-0.52,12,0.93,24.04,1.13,0,0.977333,16.024102,-0.023111,0
CUST_009578,32.71,72.33,1215.7,19,39.62,11,0.04,32.39,1.12,1,2.21125,16.807687,1.21125,1
CUST_009560,21.12,17.37,287.07,26,-3.75,130,0.11,21.73,0.91,0,0.822443,16.52677,-0.177557,1
CUST_001632,16.57,13.32,313.67,9,-3.25,199,0.55,16.84,0.88,0,0.803862,23.548799,-0.196138,0
CUST_003063,32.63,40.14,646.52,12,7.52,30,0.91,30.95,1.18,0,1.230156,16.106627,0.230463,0
CUST_007736,35.1,14.9,235.91,31,-20.2,154,0.02,29.74,1.06,0,0.424501,15.832886,-0.575499,1
CUST_005158,13.99,40.4,625.09,24,26.41,162,0.03,17.02,1.15,2,2.887777,15.472525,1.887777,1
CUST_000016,15.02,13.89,323.3,7,-1.13,226,0.9,15.55,1.03,0,0.924767,23.275738,-0.075233,0
CUST_000090,20.96,21.76,361.08,8,0.8,219,0.25,23.19,0.97,0,1.038168,16.59375,0.038168,0
CUST_008878,24.99,11.48,191.32,35,-13.51,10,0.43,23.06,1.15,0,0.459384,16.665505,-0.540616,1
CUST_002704,26.19,25.88,597.33,5,-0.32,38,0.99,26.43,0.96,0,0.988163,23.080757,-0.012218,0
CUST_004266,23.27,25.77,480.54,5,2.5,25,0.78,21.56,1.05,0,1.107434,18.647264,0.107434,0
CUST_007084,40.99,18.29,213.59,37,-22.7,10,0.33,33.45,1.12,1,0.446206,11.677966,-0.553794,1
CUST_003919,22.88,19.2,326.51,3,-3.68,232,0.91,23.28,0.98,0,0.839161,17.005729,-0.160839,0
CUST_001575,29.61,38.54,586.56,8,8.93,154,0.83,28.61,1.17,0,1.301587,15.219512,0.301587,0
CUST_009797,25.72,55.31,1224.12,36,29.58,190,0.09,27.27,0.86,2,2.150467,22.131983,1.150078,1
CUST_008135,18.37,49.64,1054.58,27,31.27,165,0.1,18.74,1.08,1,2.702232,21.244561,1.702232,1
CUST_001121,28.25,23.57,426.21,12,-4.68,210,0.96,30.92,0.83,0,0.834336,18.082732,-0.165664,0
CUST_002172,28.55,27.64,453.47,9,-0.9,178,0.93,28.7,0.93,0,0.968126,16.406295,-0.031524,0
CUST_004816,31.62,23.87,488.41,11,-7.76,103,0.93,30.78,0.84,1,0.754902,20.461248,-0.245414,0
CUST_004920,31.23,24.05,532.49,7,-7.18,190,0.97,31.59,0.86,0,0.770093,22.140956,-0.229907,0
CUST_003268,23.61,20.8,461.12,6,-2.81,19,0.93,23.21,0.94,0,0.880983,22.169231,-0.119017,0
CUST_007967,17.03,34.89,741.0,44,17.86,5,0.12,19.54,0.82,0,2.048738,21.238177,1.048738,1
CUST_009033,17.36,7.5,146.54,31,-9.86,161,0.02,16.44,0.88,1,0.432028,19.538667,-0.567972,1
CUST_009192,26.49,9.04,128.21,19,-17.46,5,0.12,24.95,0.85,3,0.341261,14.182522,-0.659117,1
CUST_006270,33.1,90.41,1660.9,18,57.31,228,0.26,33.3,1.09,2,2.73142,18.370755,1.73142,1
CUST_008719,40.28,13.81,181.47,43,-26.48,10,0.08,32.05,0.86,1,0.34285,13.140478,-0.657398,1
CUST_002376,30.88,29.46,731.55,7,-1.41,132,0.85,34.02,0.97,0,0.954016,24.831976,-0.045661,0
CUST_003248,28.31,28.93,506.06,7,0.62,232,0.82,29.28,0.97,0,1.0219,17.492568,0.0219,0
CUST_007770,19.53,22.85,467.29,54,3.32,8,0.26,18.89,1.11,1,1.169995,20.450328,0.169995,1
CUST_002910,33.26,36.77,704.65,6,3.51,55,0.9,31.74,1.15,0,1.105532,19.16372,0.105532,0
CUST_009814,25.12,68.25,1368.81,31,43.13,190,0.13,28.31,1.09,0,2.716959,20.055824,1.716959,1
CUST_000623,34.67,38.31,830.35,10,3.64,197,0.77,31.87,1.09,0,1.10499,21.674498,0.10499,0
CUST_009876,15.38,30.88,675.95,15,15.51,137,0.06,17.76,0.8,3,2.007802,21.889573,1.008453,1
CUST_000189,24.54,21.33,482.88,3,-3.22,155,0.95,23.22,0.85,0,0.869193,22.638537,-0.131214,0
CUST_007864,17.76,24.91,596.02,39,7.14,11,0.16,17.24,1.17,1,1.40259,23.926937,0.402027,1
CUST_003062,18.84,16.07,368.17,3,-2.77,139,0.99,20.28,0.94,0,0.852972,22.910392,-0.147028,0
CUST_003103,14.54,14.57,226.0,8,0.03,63,0.99,15.1,1.07,0,1.002063,15.511325,0.002063,0
CUST_006582,14.38,31.61,480.75,28,17.23,180,0.14,15.53,0.88,1,2.198192,15.208795,1.198192,1
CUST_008833,23.81,52.57,1120.53,16,28.76,123,0.26,26.27,0.88,3,2.207896,21.315009,1.207896,1
CUST_008169,14.8,31.34,527.66,20,16.54,140,0.29,18.23,0.85,1,2.117568,16.836631,1.117568,1
CUST_007170,28.42,32.05,582.73,51,3.63,10,0.02,30.52,1.07,0,1.127727,18.181903,0.127727,1
CUST_003707,26.89,27.26,609.34,8,0.37,58,0.9,28.35,1.18,0,1.01376,22.352898,0.01376,0
CUST_001537,21.39,16.84,334.76,11,-4.55,132,0.86,22.49,0.85,0,0.787284,19.87886,-0.212716,0
CUST_000640,33.79,32.52,651.3,9,-1.28,184,0.54,33.86,1.09,0,0.962415,20.027675,-0.037881,0
CUST_002895,35.83,47.11,780.38,5,11.27,165,0.88,33.01,1.17,0,1.31482,16.56506,0.314541,0
CUST_009181,19.14,44.96,759.62,37,25.82,5,0.23,22.16,0.94,3,2.349007,16.895463,1.349007,1
CUST_006358,34.55,16.55,252.85,42,-18.0,4,0.58,33.14,1.2,0,0.479016,15.277946,-0.520984,1
CUST_001887,15.38,16.62,339.09,9,1.23,146,0.62,16.43,1.01,0,1.080624,20.402527,0.079974,0
CUST_006102,21.51,19.4,382.57,25,-2.11,5,0.06,22.62,0.93,1,0.901906,19.720103,-0.098094,1
CUST_002179,22.42,17.02,302.24,8,-5.4,167,0.54,24.09,0.8,0,0.759144,17.757932,-0.240856,0
CUST_004088,33.73,36.63,661.61,7,2.9,47,0.99,32.5,0.96,0,1.085977,18.061971,0.085977,0
CUST_004709,22.56,22.35,534.96,6,-0.21,136,0.87,23.56,1.03,0,0.990691,23.93557,-0.009309,0
CUST_001908,18.03,15.68,343.97,5,-2.35,107,0.87,17.23,0.88,0,0.869662,21.936862,-0.130338,0
CUST_008260,30.69,30.3,557.74,46,-0.39,233,0.24,33.11,1.05,1,0.987292,18.407261,-0.012708,1
CUST_000057,27.32,24.54,496.25,5,-2.79,162,0.98,26.12,0.99,0,0.898243,20.222086,-0.102123,0
CUST_001071,32.06,34.75,860.17,10,2.69,123,0.99,32.95,0.98,0,1.083905,24.753094,0.083905,0
CUST_004226,18.35,20.23,334.75,4,1.87,200,0.99,17.96,1.13,0,1.102452,16.547207,0.101907,0
CUST_008329,18.73,11.27,261.25,32,-7.46,7,0.23,20.72,0.91,1,0.601708,23.181012,-0.398292,1
CUST_006676,35.81,22.14,420.07,36,-13.68,4,0.21,32.9,1.0,0,0.618263,18.973351,-0.382016,1
CUST_004485,15.11,13.76,321.91,7,-1.36,51,0.94,16.06,0.86,1,0.910655,23.394622,-0.090007,0
CUST_000374,17.76,19.57,438.59,7,1.81,76,0.86,19.66,1.15,0,1.101914,22.411344,0.101914,0
CUST_002192,23.4,19.02,461.22,11,-4.37,115,0.7,21.47,0.86,1,0.812821,24.249211,-0.186752,0
CUST_002634,17.33,22.3,525.43,2,4.97,152,0.87,18.66,1.14,0,1.286786,23.561883,0.286786,0
CUST_004411,24.05,19.77,312.72,12,-4.28,84,0.83,23.34,0.84,0,0.822037,15.817906,-0.177963,0
CUST_005650,29.68,35.69,625.65,42,6.01,130,0.15,28.96,1.18,0,1.202493,17.53012,0.202493,1
CUST_002669,23.22,19.21,299.32,0,-4.01,224,0.67,21.98,0.89,0,0.827304,15.581468,-0.172696,0
CUST_005416,24.59,70.06,1466.08,26,45.47,184,0.18,30.26,1.14,2,2.849126,20.926063,1.849126,1
CUST_006713,30.53,56.85,995.04,37,26.31,6,0.02,33.17,1.08,0,1.862103,17.502902,0.861775,1
CUST_000723,18.47,16.9,413.76,2,-1.57,25,0.8,17.21,0.95,0,0.914997,24.48284,-0.085003,0
CUST_002642,26.91,22.01,417.38,6,-4.9,134,0.93,29.11,0.94,0,0.817912,18.963199,-0.182088,0
CUST_002857,27.0,24.58,449.13,10,-2.42,18,0.84,26.14,0.86,0,0.91037,18.272172,-0.08963,0
CUST_003836,19.8,21.85,481.11,2,2.04,183,0.98,19.8,1.14,0,1.103535,22.018764,0.10303,0
CUST_003439,27.04,27.73,479.36,7,0.68,216,0.84,28.78,0.98,0,1.025518,17.286693,0.025148,0
CUST_005714,33.57,15.0,207.02,32,-18.57,221,0.18,27.08,1.12,1,0.446828,13.801333,-0.553172,1
CUST_002592,17.2,17.33,289.97,10,0.13,36,0.86,18.35,1.13,0,1.007558,16.732256,0.007558,0
CUST_002814,34.6,28.16,676.28,8,-6.44,125,0.99,34.87,0.82,0,0.813873,24.015625,-0.186127,0
CUST_003086,24.2,20.0,431.31,6,-4.2,85,0.59,22.74,0.89,0,0.826446,21.5655,-0.173554,0
CUST_002226,27.55,30.87,546.37,5,3.31,161,0.57,26.55,1.08,0,1.120508,17.699061,0.120145,0
CUST_002284,30.18,28.99,532.85,6,-1.2,99,0.91,32.01,1.11,0,0.96057,18.380476,-0.039761,0
CUST_003137,27.23,24.6,458.85,8,-2.63,225,1.0,28.98,1.01,0,0.903415,18.652439,-0.096585,0
CUST_003026,18.93,20.36,388.63,3,1.43,80,0.63,20.4,1.13,0,1.075541,19.087917,0.075541,0
CUST_000126,21.84,16.88,358.38,6,-4.95,97,0.91,20.25,0.91,0,0.772894,21.231043,-0.226648,0
CUST_003443,17.35,12.94,322.05,12,-4.41,150,0.95,18.16,0.82,0,0.745821,24.887944,-0.254179,0
CUST_004037,33.28,31.68,605.61,4,-1.6,139,0.87,32.41,1.07,0,0.951923,19.116477,-0.048077,0
CUST_003370,21.59,19.21,444.76,11,-2.38,81,0.97,23.66,1.03,0,0.889764,23.152525,-0.110236,0
CUST_001539,25.88,20.64,341.4,8,-5.24,39,0.86,26.6,0.93,1,0.797527,16.540698,-0.202473,0
CUST_002990,27.93,27.62,630.0,8,-0.31,211,0.72,27.88,1.13,0,0.988901,22.809558,-0.011099,0
CUST_001317,22.19,19.14,453.43,5,-3.05,58,0.8,21.75,1.01,0,0.862551,23.690178,-0.137449,0
CUST_002294,19.5,20.96,411.25,8,1.46,56,0.97,19.55,1.19,1,1.074872,19.620706,0.074872,0
CUST_002221,31.72,27.66,664.9,10,-4.05,109,0.62,32.47,0.97,0,0.872005,24.038322,-0.12768,0
CUST_001255,18.85,22.99,360.59,8,4.14,75,0.9,20.08,1.18,0,1.219629,15.684645,0.219629,0
CUST_000523,20.49,19.3,379.75,6,-1.19,14,0.97,20.88,1.02,0,0.941923,19.676166,-0.058077,0
CUST_005553,28.1,83.06,1654.15,31,54.95,9,0.03,28.44,1.18,0,2.955872,19.915122,1.955516,1
CUST_009093,14.28,32.72,670.68,28,18.44,1,0.34,16.88,0.92,0,2.291317,20.497555,1.291317,1
CUST_006205,31.66,57.46,966.74,40,25.79,138,0.36,30.71,1.05,0,1.814908,16.824574,0.814593,1
CUST_000132,33.35,28.71,597.01,6,-4.64,224,0.94,31.16,0.89,0,0.86087,20.794497,-0.13913,0
CUST_001371,33.66,33.31,737.15,7,-0.35,63,0.92,30.85,1.06,0,0.989602,22.129991,-0.010398,0
CUST_003842,25.43,24.38,606.1,8,-1.05,157,0.94,24.79,1.05,0,0.95871,24.860541,-0.04129,0
CUST_003284,29.88,24.08,475.93,8,-5.8,226,0.99,32.69,0.81,0,0.80589,19.764535,-0.19411,0
CUST_001814,29.2,29.26,643.46,3,0.06,170,0.55,30.55,1.16,0,1.002055,21.991114,0.002055,0
CUST_003506,25.19,25.05,482.69,5,-0.14,38,0.86,27.18,1.02,0,0.994442,19.269062,-0.005558,0
CUST_009726,34.51,33.9,722.55,37,-0.61,218,0.12,32.29,1.0,1,0.982324,21.314159,-0.017676,1
CUST_001168,34.43,33.23,548.17,12,-1.21,130,0.87,31.34,1.07,0,0.965147,16.496238,-0.035144,0
CUST_007720,17.69,37.79,691.52,35,20.1,212,0.08,19.08,1.04,0,2.136235,18.299021,1.136235,1
CUST_004956,34.33,39.7,900.62,8,5.37,75,0.99,31.46,1.18,0,1.156423,22.685642,0.156423,0
CUST_000336,20.76,21.42,496.83,10,0.66,105,0.81,22.99,1.19,0,1.031792,23.194678,0.031792,0
CUST_005399,12.73,37.67,726.07,21,24.94,1,0.68,15.2,1.18,1,2.959152,19.274489,1.959152,1
CUST_001170,36.16,35.45,693.21,7,-0.71,16,0.82,33.41,1.12,0,0.980365,19.554584,-0.019635,0
CUST_002158,17.41,20.74,315.9,8,3.33,94,0.9,15.96,1.19,0,1.191269,15.231437,0.191269,0
CUST_003201,28.55,30.23,740.35,7,1.69,73,0.78,29.35,1.01,0,1.058844,24.490572,0.059194,0
CUST_004080,26.28,23.54,570.87,7,-2.74,35,0.61,24.38,1.01,0,0.895738,24.251062,-0.104262,0
CUST_008095,23.93,18.84,361.6,40,-5.09,6,0.02,23.72,0.82,3,0.787296,19.193206,-0.212704,1
CUST_001090,24.82,19.44,419.98,6,-5.38,83,0.97,26.23,0.8,1,0.783239,21.603909,-0.216761,0
CUST_000084,31.91,36.05,735.1,5,4.14,57,0.99,29.36,1.18,0,1.12974,20.391123,0.12974,0
CUST_002587,22.78,21.1,399.78,6,-1.67,232,0.73,22.16,0.99,0,0.926251,18.946919,-0.07331,0
CUST_006698,16.53,5.9,100.0,41,-10.63,1,0.06,15.54,0.89,1,0.356927,16.949153,-0.643073,1
CUST_003629,28.08,21.96,343.97,6,-6.12,17,0.87,29.29,0.92,0,0.782051,15.663479,-0.217949,0
CUST_004991,27.07,31.98,614.05,7,4.91,150,0.94,24.73,1.18,0,1.181382,19.201063,0.181382,0
CUST_004318,18.64,24.6,536.91,7,5.96,37,0.96,18.57,1.15,0,1.319742,21.82561,0.319742,0
CUST_008295,31.71,54.92,1166.35,38,23.21,152,0.27,34.89,1.16,1,1.731946,21.237254,0.731946,1
CUST_009979,30.37,44.77,845.84,36,14.41,151,0.01,28.46,1.03,0,1.474152,18.893009,0.474481,1
CUST_000149,30.26,27.81,422.59,4,-2.44,76,0.99,32.8,0.91,0,0.919035,15.195613,-0.080635,0
CUST_001102,25.75,22.34,445.12,2,-3.4,121,0.84,24.88,0.92,0,0.867573,19.924799,-0.132039,0
CUST_005263,31.3,89.55,1945.78,23,58.24,1,0.1,33.65,1.14,0,2.861022,21.72842,1.860703,1
CUST_000410,24.2,23.82,367.34,11,-0.38,238,0.99,25.37,0.94,0,0.984298,15.421495,-0.015702,0
CUST_001308,22.97,19.0,460.87,11,-3.97,70,0.8,24.25,0.87,0,0.827166,24.256316,-0.172834,0
CUST_005365,19.46,52.84,1121.57,31,33.38,7,0.04,21.67,1.09,1,2.715313,21.225776,1.715313,1
CUST_002138,24.66,17.92,397.19,8,-6.74,71,0.94,23.09,0.82,0,0.726683,22.164621,-0.273317,0
CUST_006160,32.11,34.85,708.99,36,2.74,3,0.14,30.95,1.01,0,1.085332,20.344046,0.085332,1
CUST_004289,31.76,34.67,555.78,8,2.91,191,1.0,32.82,1.01,0,1.091625,16.030574,0.091625,0
CUST_004731,20.77,18.58,385.96,9,-2.19,142,0.9,22.63,0.83,0,0.894559,20.772874,-0.105441,0
CUST_006590,18.6,50.43,1109.4,44,31.83,9,0.12,21.32,1.08,0,2.71129,21.99881,1.71129,1
CUST_004008,36.31,47.87,1098.39,10,11.55,93,0.89,34.2,1.2,0,1.31837,22.945268,0.318094,0
CUST_001107,24.91,27.22,463.57,5,2.31,29,0.94,24.47,1.11,0,1.092734,17.030492,0.092734,0
CUST_007126,21.5,8.46,125.01,25,-13.03,239,0.7,21.15,0.98,1,0.393488,14.776596,-0.606047,1
CUST_005965,13.65,28.08,594.62,31,14.43,6,0.22,15.8,0.82,0,2.057143,21.175926,1.057143,1
CUST_004041,30.09,29.15,580.78,8,-0.95,145,0.74,27.64,0.97,0,0.96876,19.923842,-0.031572,0
CUST_001277,31.63,25.23,544.79,2,-6.4,64,0.9,30.51,0.85,0,0.79766,21.592945,-0.20234,0
CUST_000616,16.29,16.96,269.92,10,0.67,132,0.95,15.81,0.95,0,1.04113,15.915094,0.04113,0
CUST_004665,19.33,19.82,407.96,11,0.5,30,0.9,17.78,0.94,0,1.025349,20.583249,0.025867,0
CUST_003740,27.14,27.03,511.49,10,-0.11,214,0.74,28.16,0.89,0,0.995947,18.923048,-0.004053,0
CUST_000470,26.29,20.21,461.95,7,-6.08,193,0.8,26.75,0.83,0,0.768733,22.857496,-0.231267,0
CUST_005937,21.25,6.84,100.0,34,-14.41,6,0.04,18.9,0.8,2,0.321882,14.619883,-0.678118,1
CUST_000254,36.56,33.95,584.12,6,-2.61,165,0.91,33.66,0.81,0,0.928611,17.205302,-0.071389,0
CUST_000251,17.07,13.75,294.54,4,-3.32,49,0.98,16.83,0.93,0,0.805507,21.421091,-0.194493,0
CUST_004919,27.02,27.85,695.32,2,0.82,62,0.76,26.35,1.05,0,1.030718,24.966607,0.030348,0
CUST_000272,30.45,32.9,704.98,5,2.45,82,0.85,32.75,1.05,0,1.08046,21.427964,0.08046,0
CUST_007897,23.25,61.72,1184.3,43,38.47,6,0.08,26.7,1.06,3,2.654624,19.18827,1.654624,1
CUST_000516,33.81,35.11,716.56,9,1.3,81,0.76,32.87,1.01,0,1.03845,20.409,0.03845,0
CUST_008106,29.74,19.47,363.79,31,-10.27,222,0.25,28.63,0.86,1,0.654674,18.684643,-0.345326,1
CUST_000543,24.22,30.14,672.85,3,5.92,55,0.96,26.5,1.19,0,1.244426,22.324154,0.244426,0
CUST_001170,36.16,35.45,693.21,7,-0.71,16,0.82,33.41,1.12,0,0.980365,19.554584,-0.019635,0
CUST_000739,26.41,26.17,536.39,7,-0.24,214,0.99,25.79,1.08,0,0.990913,20.49637,-0.009087,0
CUST_000016,15.02,13.89,323.3,7,-1.13,226,0.9,15.55,1.03,0,0.924767,23.275738,-0.075233,0
CUST_001895,26.04,19.96,339.08,8,-6.08,66,0.93,28.34,0.83,0,0.766513,16.987976,-0.233487,0
CUST_009598,25.87,8.84,142.26,33,-17.03,231,0.31,21.87,0.85,1,0.341709,16.09276,-0.658291,1
CUST_002088,20.71,19.26,443.63,10,-1.45,179,0.87,19.22,0.99,0,0.929986,23.033749,-0.070014,0
CUST_009593,25.64,54.2,1165.23,35,28.56,126,0.11,31.67,0.85,0,2.113885,21.498708,1.113885,1
CUST_000906,28.51,30.0,546.12,2,1.49,217,0.97,27.7,0.92,0,1.052262,18.204,0.052262,0
CUST_005852,29.77,76.34,1057.13,37,46.58,11,0.06,33.56,1.03,1,2.564327,13.847655,1.564662,1
CUST_009526,36.82,16.97,228.06,37,-19.86,10,0.03,32.77,1.15,0,0.460891,13.43901,-0.539381,1
CUST_006080,15.78,15.1,373.77,33,-0.68,148,0.02,15.16,0.98,0,0.956907,24.75298,-0.043093,1
CUST_002885,15.56,15.34,290.07,8,-0.22,194,0.97,17.23,0.93,0,0.985861,18.909387,-0.014139,0
CUST_006641,28.63,33.13,772.71,50,4.5,131,0.17,27.81,1.12,2,1.157178,23.323574,0.157178,1
CUST_002989,33.47,25.35,390.53,7,-8.11,126,0.94,34.31,0.84,0,0.757395,15.405523,-0.242307,0
CUST_000896,27.75,24.73,454.58,3,-3.02,114,0.91,27.91,0.82,1,0.891171,18.381723,-0.108829,0
CUST_009882,28.96,36.04,896.87,50,7.08,189,0.07,31.33,1.14,0,1.244475,24.885405,0.244475,1
CUST_006662,24.0,65.95,1409.49,27,41.96,5,0.1,25.27,1.1,0,2.747917,21.3721,1.748333,1
CUST_002843,24.55,27.88,446.93,6,3.33,158,0.9,23.84,1.04,0,1.135642,16.030488,0.135642,0
CUST_004053,18.19,17.22,345.16,8,-0.97,40,0.87,17.12,0.94,0,0.946674,20.044135,-0.053326,0
CUST_004920,31.23,24.05,532.49,7,-7.18,190,0.97,31.59,0.86,0,0.770093,22.140956,-0.229907,0
CUST_008607,13.15,33.14,741.64,36,19.99,8,0.06,15.85,1.01,0,2.520152,22.378998,1.520152,1
CUST_001075,19.35,21.62,419.12,5,2.27,21,0.81,20.24,1.08,0,1.117313,19.385754,0.117313,0
CUST_002902,19.93,20.44,438.82,5,0.5,72,0.97,19.64,0.94,0,1.02559,21.468689,0.025088,0
CUST_003478,16.97,21.16,382.55,10,4.19,162,0.81,15.79,1.17,0,1.246906,18.078922,0.246906,0
CUST_009772,17.96,7.53,115.72,39,-10.43,3,0.24,15.87,1.05,1,0.419265,15.367862,-0.580735,1
CUST_000071,23.22,18.79,401.44,6,-4.43,108,0.99,25.35,0.84,0,0.809216,21.364556,-0.190784,0
CUST_001487,14.68,15.12,256.45,5,0.44,27,0.72,15.19,0.99,0,1.029973,16.960979,0.029973,0
CUST_001926,22.72,26.55,464.39,7,3.84,82,0.83,20.91,1.14,0,1.168574,17.491149,0.169014,0
CUST_007787,31.15,11.29,160.85,16,-19.86,5,0.01,24.13,0.91,0,0.36244,14.247121,-0.63756,1
CUST_009413,19.79,18.02,435.34,56,-1.78,234,0.15,21.54,0.89,0,0.910561,24.158713,-0.089944,1
CUST_004483,26.35,32.69,749.01,8,6.35,207,0.96,26.27,1.19,0,1.240607,22.912511,0.240987,0
CUST_000081,19.98,22.4,537.8,6,2.42,231,0.74,18.19,1.04,0,1.121121,24.008929,0.121121,0
CUST_004090,30.5,28.73,474.13,7,-1.77,162,0.8,30.49,1.07,0,0.941967,16.502959,-0.058033,0
CUST_008754,29.88,9.43,225.88,26,-20.45,4,0.07,29.96,1.17,1,0.315596,23.95334,-0.684404,1
CUST_008893,24.08,71.08,1095.49,33,47.0,1,0.51,24.46,1.18,1,2.951827,15.412071,1.951827,1
CUST_003687,31.18,32.57,786.12,8,1.39,43,0.61,33.63,0.98,0,1.04458,24.136322,0.04458,0
CUST_002175,21.72,20.94,521.45,6,-0.78,167,0.77,21.75,0.93,0,0.964088,24.902101,-0.035912,0
CUST_002372,30.59,32.85,622.27,9,2.26,24,0.96,32.75,1.14,0,1.07388,18.94277,0.07388,0
CUST_005266,20.13,7.71,108.08,24,-12.43,5,0.24,20.12,0.96,0,0.38301,14.018158,-0.617486,1
CUST_003789,26.65,30.43,642.48,7,3.78,102,0.93,26.22,1.12,0,1.141839,21.113375,0.141839,0
CUST_008014,20.3,8.36,145.47,33,-11.94,8,0.02,15.96,1.03,2,0.411823,17.400718,-0.588177,1
CUST_000564,28.83,26.57,605.75,7,-2.26,205,0.99,31.94,1.04,0,0.921609,22.798269,-0.078391,0
CUST_007167,31.79,91.82,1805.55,28,60.03,6,0.09,33.77,1.16,0,2.88833,19.664017,1.88833,1
CUST_008796,31.49,22.29,541.45,22,-9.2,170,0.14,32.04,0.81,0,0.707844,24.291162,-0.292156,1
CUST_004898,27.89,28.7,486.74,4,0.81,35,0.82,29.96,1.1,0,1.029043,16.959582,0.029043,0
CUST_004075,17.38,16.6,398.81,6,-0.78,161,0.81,19.11,0.83,1,0.955121,24.024699,-0.044879,0
CUST_005848,35.11,13.54,194.18,23,-21.57,4,0.12,34.17,0.96,2,0.385645,14.341211,-0.614355,1
CUST_001758,27.5,23.64,464.65,4,-3.86,146,0.95,26.84,0.86,0,0.859636,19.655245,-0.140364,0
CUST_009505,21.39,54.05,891.98,32,32.66,213,0.06,25.74,1.01,0,2.526882,16.502868,1.526882,1
CUST_004293,29.54,28.43,490.57,6,-1.11,91,0.94,31.24,1.02,0,0.962424,17.255364,-0.037576,0
CUST_008846,20.87,62.14,1326.58,16,41.28,8,0.32,24.16,1.19,0,2.97748,21.348246,1.977959,1
CUST_000305,21.64,17.74,313.4,7,-3.9,149,0.85,20.79,0.9,0,0.819778,17.666291,-0.180222,0
CUST_000879,16.44,16.07,380.52,8,-0.37,130,0.97,17.82,1.13,0,0.977494,23.678905,-0.022506,0
CUST_003810,29.3,27.19,533.1,5,-2.11,192,1.0,28.43,0.84,0,0.927986,19.606473,-0.072014,0
CUST_003065,29.6,24.98,605.98,6,-4.62,197,0.78,27.77,0.95,0,0.843919,24.258607,-0.156081,0
CUST_000342,27.23,21.83,352.33,8,-5.4,153,0.51,24.86,0.83,0,0.801689,16.139716,-0.198311,0
CUST_004311,19.8,17.28,359.99,11,-2.52,164,0.59,18.41,0.92,0,0.872727,20.832755,-0.127273,0
CUST_005407,22.04,51.24,1234.34,39,29.2,137,0.07,20.96,0.96,0,2.324864,24.089383,1.324864,1
CUST_003381,34.46,40.39,759.02,7,5.93,98,0.99,34.08,1.09,0,1.172084,18.792275,0.172084,0
CUST_002867,17.26,16.77,274.03,7,-0.49,36,0.84,16.96,1.1,0,0.971611,16.340489,-0.028389,0
CUST_004691,35.37,36.46,877.86,7,1.09,46,0.77,33.08,1.0,0,1.030817,24.077345,0.030817,0
CUST_004299,30.89,32.63,557.25,4,1.74,55,0.93,32.73,0.98,0,1.056329,17.077842,0.056329,0
CUST_000927,19.29,19.54,390.99,9,0.24,108,0.83,17.85,1.12,0,1.01296,20.009724,0.012442,0
CUST_001897,19.29,14.06,226.21,4,-5.24,32,0.95,18.46,0.85,0,0.728875,16.088905,-0.271643,0
CUST_001294,29.37,35.65,755.08,5,6.28,40,0.8,30.57,1.13,0,1.213824,21.180365,0.213824,0
CUST_006330,16.13,7.34,111.71,29,-8.78,4,0.74,15.48,1.14,1,0.455053,15.219346,-0.544327,1
CUST_001556,21.85,16.01,304.91,8,-5.84,209,0.93,21.05,0.84,0,0.732723,19.044972,-0.267277,0
CUST_007599,20.63,60.32,1116.75,18,39.68,11,0.04,21.44,1.17,1,2.923897,18.51376,1.923413,1
CUST_003078,30.65,33.1,804.35,14,2.44,157,0.99,28.6,1.0,0,1.079935,24.300604,0.079608,0
CUST_001679,26.06,22.94,475.26,6,-3.12,41,0.96,27.65,0.81,0,0.880276,20.717524,-0.119724,0
CUST_002868,23.87,25.29,544.48,8,1.42,70,0.87,25.68,0.95,0,1.059489,21.529458,0.059489,0
CUST_005307,16.23,5.77,100.0,32,-10.46,6,0.5,15.83,0.89,1,0.355514,17.331023,-0.644486,1
CUST_005559,30.73,31.35,747.98,43,0.62,2,0.14,29.14,1.13,2,1.020176,23.859011,0.020176,1
CUST_000273,25.38,27.78,576.58,5,2.4,52,0.93,25.52,1.1,0,1.094563,20.75522,0.094563,0
CUST_007422,25.42,56.85,1133.97,43,31.43,168,0.15,27.3,0.89,1,2.236428,19.946702,1.236428,1
CUST_009984,20.33,50.35,700.67,42,30.02,146,0.02,23.58,0.99,1,2.476636,13.915988,1.476636,1
CUST_007533,31.13,13.45,192.76,44,-17.68,193,0.1,25.99,1.08,0,0.432059,14.331599,-0.567941,1
CUST_002019,25.09,24.96,412.42,9,-0.13,40,0.98,23.88,1.02,1,0.994819,16.523237,-0.005181,0
CUST_001604,30.32,34.41,726.02,8,4.09,75,0.88,32.68,1.15,1,1.134894,21.099099,0.134894,0
CUST_000532,29.64,34.27,644.29,5,4.63,117,0.93,28.94,1.03,0,1.156208,18.800409,0.156208,0
CUST_008431,12.84,32.13,693.14,24,19.29,10,0.29,15.14,1.0,0,2.502336,21.572985,1.502336,1
CUST_001812,36.29,28.22,440.7,5,-8.07,38,0.75,34.68,0.86,0,0.777625,15.616584,-0.222375,0
CUST_009509,14.08,37.76,665.72,19,23.68,11,0.0,17.39,1.07,1,2.681818,17.630297,1.681818,1
CUST_009301,32.96,33.83,769.5,30,0.88,2,0.33,33.01,1.03,3,1.026396,22.746083,0.026699,1
CUST_003651,32.57,30.48,646.71,7,-2.08,151,0.91,33.37,0.98,0,0.935831,21.21752,-0.063862,0
CUST_004260,32.2,34.52,518.88,7,2.32,140,0.85,34.36,1.11,0,1.07205,15.031286,0.07205,0
CUST_008419,42.09,17.31,287.01,24,-24.78,5,0.16,33.86,1.03,0,0.411262,16.580589,-0.588738,1
CUST_003755,29.64,34.69,601.34,7,5.05,137,0.97,29.8,1.14,0,1.170378,17.334679,0.170378,0
CUST_003077,28.53,31.26,698.55,3,2.73,18,0.88,27.25,1.0,0,1.095689,22.346449,0.095689,0
CUST_007721,37.74,17.41,182.98,40,-20.32,11,0.09,33.68,1.15,2,0.461314,10.510052,-0.538421,1
CUST_004691,35.37,36.46,877.86,7,1.09,46,0.77,33.08,1.0,0,1.030817,24.077345,0.030817,0
CUST_000365,27.69,28.73,452.56,8,1.03,42,0.71,29.54,1.19,0,1.037559,15.752175,0.037198,0
CUST_008284,35.05,78.34,1712.79,32,43.29,11,0.57,32.45,0.89,0,2.235093,21.863544,1.235093,1
CUST_008113,29.49,21.42,333.86,20,-8.07,226,0.72,31.02,0.87,1,0.726348,15.586368,-0.273652,1
CUST_001127,25.95,21.31,385.64,12,-4.64,139,0.68,24.63,0.89,0,0.821195,18.096668,-0.178805,0
CUST_000219,18.4,19.96,314.73,4,1.56,167,0.81,17.61,1.03,0,1.084783,15.768036,0.084783,0
CUST_001882,25.92,27.19,461.74,11,1.27,62,0.89,27.04,0.93,0,1.048997,16.981979,0.048997,0
CUST_000423,30.11,22.29,361.2,6,-7.82,22,0.82,33.4,0.82,0,0.740286,16.204576,-0.259714,0
CUST_001256,26.38,29.4,696.91,7,3.03,235,0.86,28.19,1.09,0,1.114481,23.704422,0.11486,0
CUST_008895,15.69,32.2,531.93,41,16.5,3,0.13,18.63,0.82,1,2.052263,16.519565,1.051625,1
CUST_003282,31.76,34.18,679.07,2,2.43,165,0.47,33.34,1.1,0,1.076196,19.867466,0.076511,0
CUST_004702,16.76,16.93,396.86,2,0.17,239,0.8,16.25,0.92,0,1.010143,23.441229,0.010143,0
CUST_004847,16.27,13.45,218.38,8,-2.81,111,0.75,15.71,0.91,0,0.826675,16.236431,-0.172711,0
CUST_003942,21.86,18.25,355.31,6,-3.61,178,0.98,22.77,0.97,0,0.834858,19.469041,-0.165142,0
CUST_005341,30.65,29.22,522.32,41,-1.43,136,0.29,32.14,0.92,1,0.953344,17.875428,-0.046656,1
CUST_004072,37.31,36.9,671.67,6,-0.41,115,0.87,34.04,1.08,0,0.989011,18.202439,-0.010989,0
CUST_009809,21.0,43.5,643.59,36,22.5,2,0.11,21.94,0.83,0,2.071429,14.795172,1.071429,1
CUST_006992,13.36,37.49,630.01,17,24.13,226,0.25,15.12,1.12,0,2.806138,16.804748,1.806138,1
CUST_003650,27.62,36.07,560.32,4,8.45,119,0.84,29.01,1.14,0,1.305938,15.534239,0.305938,0
CUST_005321,41.83,15.65,199.06,25,-26.18,203,0.17,33.42,0.94,0,0.374133,12.719489,-0.625867,1
CUST_005683,43.91,14.11,218.76,42,-29.8,9,0.45,34.38,0.8,0,0.321339,15.503898,-0.678661,1
CUST_003448,28.98,27.96,629.82,7,-1.02,141,0.56,30.09,1.11,0,0.964803,22.525751,-0.035197,0
CUST_005938,16.54,24.17,543.85,23,7.63,141,0.15,16.52,0.86,0,1.461306,22.501034,0.461306,1
CUST_003486,35.27,33.81,635.49,4,-1.46,20,0.66,34.57,1.0,0,0.958605,18.795918,-0.041395,0
CUST_002196,23.39,20.31,476.75,6,-3.08,140,0.94,21.45,0.83,0,0.86832,23.473658,-0.13168,0
CUST_005226,15.68,13.3,277.26,30,-2.38,144,0.06,16.32,1.19,3,0.848214,20.846617,-0.151786,1
CUST_000777,25.83,21.85,414.45,7,-3.98,23,1.0,23.92,0.89,0,0.845916,18.967963,-0.154084,0
CUST_006144,27.04,11.53,124.19,25,-15.51,199,0.08,23.33,1.07,1,0.426405,10.771032,-0.573595,1
CUST_009626,21.03,40.66,750.83,40,19.63,133,0.12,20.26,0.9,0,1.933428,18.46606,0.933428,1
CUST_004564,29.71,35.31,808.86,11,5.6,55,0.75,28.84,1.15,0,1.188489,22.907392,0.188489,0
CUST_001910,22.33,18.34,342.08,5,-3.99,133,0.81,20.89,0.85,0,0.821317,18.652126,-0.178683,0
CUST_009454,23.05,51.81,899.25,17,28.76,8,0.11,23.31,1.09,1,2.247722,17.356688,1.247722,1
CUST_009114,21.83,20.02,349.73,43,-1.82,7,0.23,20.89,0.87,2,0.917087,17.469031,-0.083372,1
CUST_003023,22.35,24.19,582.69,5,1.85,45,0.86,21.57,0.96,1,1.082327,24.088053,0.082774,0
CUST_005701,26.72,67.4,1076.38,26,40.68,7,0.12,29.07,1.01,1,2.522455,15.97003,1.522455,1
CUST_009994,29.22,13.17,210.83,28,-16.04,2,0.17,25.33,1.13,0,0.450719,16.008352,-0.548939,1
CUST_006606,18.27,39.42,563.72,28,21.15,214,0.06,19.38,0.86,3,2.157635,14.300355,1.157635,1
CUST_003463,29.35,32.21,756.17,6,2.86,214,0.9,27.61,1.12,0,1.097445,23.47625,0.097445,0
CUST_001495,30.23,31.55,555.61,8,1.32,83,0.98,27.66,1.03,0,1.043665,17.61046,0.043665,0
CUST_009240,14.72,36.09,511.88,26,21.37,156,0.15,15.73,0.98,0,2.451766,14.18343,1.451766,1
CUST_003204,18.37,16.76,388.94,9,-1.61,86,0.99,19.46,0.97,0,0.912357,23.206444,-0.087643,0
CUST_001023,22.98,28.82,568.71,5,5.83,176,0.99,24.91,1.17,0,1.254134,19.733171,0.253699,0
CUST_003867,36.8,31.05,499.31,8,-5.75,19,0.82,34.9,0.81,0,0.84375,16.080837,-0.15625,0
CUST_002374,29.09,28.22,436.3,2,-0.88,221,0.96,30.23,0.99,0,0.970093,15.460666,-0.030251,0
CUST_009175,36.49,54.5,1160.01,27,18.01,10,0.23,34.6,1.02,0,1.49356,21.284587,0.49356,1
CUST_000019,15.26,12.82,240.24,5,-2.45,97,0.98,15.29,0.85,0,0.840105,18.73947,-0.16055,0
CUST_003511,16.12,16.92,336.15,10,0.8,186,0.98,17.77,1.17,0,1.049628,19.867021,0.049628,0
CUST_000706,26.99,23.52,476.2,7,-3.47,126,0.9,29.66,0.84,0,0.871434,20.246599,-0.128566,0
CUST_002963,23.35,22.25,429.04,6,-1.1,230,0.87,24.97,1.03,0,0.952891,19.282697,-0.047109,0
CUST_001235,16.74,16.44,293.64,6,-0.3,29,0.92,17.53,0.95,0,0.982079,17.861314,-0.017921,0
CUST_009722,24.86,17.49,364.27,26,-7.37,6,0.09,25.33,1.07,0,0.70354,20.82733,-0.29646,1
CUST_002091,15.21,16.35,394.13,9,1.14,207,0.78,16.79,1.05,0,1.074951,24.10581,0.074951,0
CUST_009873,20.32,7.71,125.48,32,-12.61,8,0.43,16.58,0.95,1,0.379429,16.274968,-0.620571,1
CUST_008735,13.98,31.12,600.66,28,17.14,180,0.31,15.34,0.89,3,2.226037,19.301414,1.226037,1
CUST_003399,30.95,35.89,636.83,5,4.94,104,0.88,28.97,1.17,0,1.159612,17.74394,0.159612,0
CUST_008009,30.19,76.93,1334.47,37,46.73,2,0.07,31.98,1.02,2,2.548195,17.346549,1.547864,1
CUST_005338,27.54,23.5,566.11,40,-4.03,9,0.32,28.56,0.9,1,0.853304,24.089787,-0.146333,1
CUST_001740,15.49,14.26,339.91,4,-1.23,226,0.88,17.14,1.06,0,0.920594,23.836606,-0.079406,0
CUST_003618,17.66,16.42,334.3,9,-1.25,86,0.99,19.18,1.0,0,0.929785,20.359318,-0.070781,0
CUST_004876,33.52,36.25,861.25,8,2.73,230,0.84,32.38,1.0,0,1.081444,23.758621,0.081444,0
CUST_009603,19.87,17.84,306.8,51,-2.03,3,0.24,20.1,0.99,1,0.897836,17.197309,-0.102164,1
CUST_004061,27.31,28.84,460.97,9,1.53,232,0.86,26.27,1.01,0,1.056023,15.983703,0.056023,0
CUST_003851,30.98,38.77,877.36,11,7.79,62,0.86,33.35,1.11,0,1.251453,22.629868,0.251453,0
CUST_004908,26.93,22.98,366.76,5,-3.95,15,0.84,27.67,0.88,0,0.853323,15.959965,-0.146677,0
CUST_004193,30.83,32.24,790.21,5,1.42,231,0.96,29.98,1.01,0,1.045735,24.510236,0.046059,0
CUST_000289,37.33,33.36,627.97,6,-3.97,176,0.88,34.91,0.98,0,0.893651,18.824041,-0.106349,0
CUST_002082,21.62,21.08,495.29,11,-0.54,41,0.63,22.62,0.87,0,0.975023,23.495731,-0.024977,0
CUST_008573,17.84,29.94,616.97,22,12.1,3,0.09,18.12,0.81,0,1.678251,20.60688,0.678251,1
CUST_002638,29.64,23.84,526.01,5,-5.8,160,0.97,27.49,0.84,0,0.804318,22.064178,-0.195682,0
CUST_000935,26.89,24.45,490.75,10,-2.44,125,0.75,26.69,0.83,0,0.90926,20.071575,-0.09074,0
CUST_005846,21.49,6.96,105.31,15,-14.53,10,0.57,18.0,0.81,2,0.323872,15.130747,-0.676128,1
CUST_008378,20.6,25.63,558.3,26,5.03,11,0.0,22.74,1.16,1,1.244175,21.783067,0.244175,1
CUST_005305,23.02,54.33,1039.84,25,31.31,123,0.15,26.09,0.94,0,2.360122,19.139334,1.360122,1
CUST_009212,29.0,37.56,736.53,24,8.56,7,0.11,29.32,1.04,2,1.295172,19.609425,0.295172,1
CUST_000274,24.96,25.13,454.35,2,0.17,36,0.9,27.2,0.9,0,1.006811,18.079984,0.006811,0
CUST_001131,26.47,19.88,378.57,7,-6.59,132,0.84,25.65,0.83,0,0.751039,19.042757,-0.248961,0
CUST_008900,27.07,11.17,181.1,20,-15.9,11,0.03,22.26,1.03,1,0.412634,16.213071,-0.587366,1
CUST_000940,26.36,25.77,479.88,4,-0.59,60,0.95,25.79,0.97,0,0.977618,18.621653,-0.022382,0
CUST_005337,25.32,54.1,1193.18,42,28.77,11,0.41,27.28,0.85,1,2.136651,22.055083,1.136256,1
CUST_006623,29.51,11.66,200.47,25,-17.85,200,0.1,26.94,0.99,2,0.39512,17.192967,-0.60488,1
CUST_006252,30.98,67.68,1272.27,22,36.7,205,0.29,29.88,1.15,1,2.184635,18.798316,1.184635,1
CUST_003927,15.1,16.26,316.71,6,1.16,78,0.97,15.77,1.09,0,1.076821,19.47786,0.076821,0
CUST_007203,18.86,16.4,306.27,48,-2.46,7,0.15,17.4,0.94,1,0.869565,18.675,-0.130435,1
CUST_000098,33.01,36.75,825.45,5,3.74,199,0.82,30.62,1.13,0,1.113299,22.461224,0.113299,0
CUST_000077,30.93,24.58,611.23,11,-6.35,21,0.67,28.39,0.86,0,0.794698,24.866965,-0.205302,0
CUST_008528,24.44,7.84,134.09,44,-16.59,3,0.2,20.91,0.8,2,0.320786,17.103316,-0.678805,1
CUST_008869,20.54,61.38,1109.9,42,40.84,5,0.03,24.14,1.2,1,2.988315,18.082437,1.988315,1
CUST_009122,24.2,60.94,1137.0,41,36.74,162,0.07,27.28,1.01,1,2.518182,18.657696,1.518182,1
CUST_000291,33.44,35.99,644.76,10,2.54,151,0.94,34.09,1.17,0,1.076256,17.914976,0.075957,0
CUST_007525,38.86,16.95,196.25,39,-21.92,2,0.06,34.45,1.09,1,0.436181,11.578171,-0.564076,1
CUST_003511,16.12,16.92,336.15,10,0.8,186,0.98,17.77,1.17,0,1.049628,19.867021,0.049628,0
CUST_008108,30.58,11.76,174.26,39,-18.82,6,0.12,24.77,0.96,1,0.384565,14.818027,-0.615435,1
CUST_000749,20.61,18.52,313.39,9,-2.09,159,0.93,20.84,1.04,0,0.898593,16.921706,-0.101407,0
CUST_004980,32.91,30.47,712.99,6,-2.44,35,0.47,32.27,0.9,0,0.925858,23.399737,-0.074142,0
CUST_004496,21.87,20.47,499.47,5,-1.4,147,0.86,20.23,1.04,0,0.935985,24.400098,-0.064015,0
CUST_002301,27.97,23.5,404.12,5,-4.46,64,0.47,28.69,0.84,0,0.840186,17.196596,-0.159457,0
CUST_001601,27.49,26.29,500.88,8,-1.2,215,0.75,26.01,1.04,1,0.956348,19.052111,-0.043652,0
CUST_009896,22.11,17.59,387.55,39,-4.53,150,0.3,23.71,1.16,0,0.795568,22.032405,-0.204885,1
CUST_008026,27.01,64.25,1185.05,42,37.24,3,0.01,29.33,0.95,3,2.378749,18.444358,1.378749,1
CUST_000767,25.8,29.93,627.47,2,4.12,187,0.64,23.55,1.13,0,1.160078,20.964584,0.15969,0
CUST_006901,28.11,61.56,1297.12,43,33.44,235,0.08,28.4,0.88,2,2.189968,21.070825,1.189612,1
CUST_006808,32.88,11.06,189.35,19,-21.82,2,0.45,31.34,0.84,2,0.336375,17.120253,-0.663625,1
CUST_007928,22.3,29.02,620.22,22,6.72,7,0.39,20.96,0.88,2,1.301345,21.372157,0.301345,1
CUST_001875,18.23,15.74,331.2,7,-2.49,102,0.93,19.21,0.81,0,0.863412,21.041931,-0.136588,0
CUST_006393,23.05,10.97,137.42,21,-12.08,176,0.08,21.97,1.19,0,0.475922,12.526892,-0.524078,1
CUST_007447,23.15,52.9,879.26,41,29.75,169,0.19,22.93,0.99,1,2.285097,16.621172,1.285097,1
CUST_002884,26.0,25.91,634.63,10,-0.09,73,1.0,27.56,0.98,0,0.996538,24.493632,-0.003462,0
CUST_000098,33.01,36.75,825.45,5,3.74,199,0.82,30.62,1.13,0,1.113299,22.461224,0.113299,0
CUST_002652,22.31,18.56,322.89,6,-3.75,147,0.89,21.7,0.91,0,0.831914,17.397091,-0.168086,0
CUST_000311,26.55,28.08,651.93,6,1.52,193,0.96,27.78,0.94,0,1.057627,23.21688,0.05725,0
CUST_000956,32.31,31.11,527.8,2,-1.21,88,0.93,31.19,1.05,0,0.96286,16.965606,-0.03745,0
CUST_000260,25.05,30.01,738.78,6,4.97,220,0.76,24.22,1.13,0,1.198004,24.617794,0.198403,0
CUST_009812,16.77,14.03,348.96,29,-2.73,5,0.25,18.46,0.82,1,0.836613,24.872416,-0.162791,1
CUST_006851,17.33,40.39,596.87,35,23.05,11,0.19,21.33,0.93,2,2.330641,14.777668,1.330063,1
CUST_000991,22.03,20.75,458.0,9,-1.28,89,0.63,24.34,0.96,0,0.941897,22.072289,-0.058103,0
CUST_002176,28.61,33.12,721.62,6,4.51,131,0.74,27.97,1.15,0,1.157637,21.788043,0.157637,0
CUST_001257,33.28,27.24,440.36,12,-6.03,50,0.79,33.77,0.92,0,0.81851,16.165932,-0.18119,0
CUST_007503,21.27,38.35,643.73,37,17.07,180,0.15,23.23,1.16,1,1.803009,16.785658,0.802539,1
CUST_006629,22.69,8.72,100.0,40,-13.97,9,0.34,19.85,0.96,2,0.38431,11.46789,-0.61569,1
CUST_004449,37.63,39.61,681.9,3,1.97,161,0.83,34.57,0.96,0,1.052618,17.21535,0.052352,0
CUST_006446,21.73,10.4,180.6,37,-11.33,147,0.38,18.8,1.2,1,0.478601,17.365385,-0.521399,1
CUST_004266,23.27,25.77,480.54,5,2.5,25,0.78,21.56,1.05,0,1.107434,18.647264,0.107434,0
CUST_007663,27.67,8.96,121.63,32,-18.71,185,0.7,21.48,0.81,0,0.323816,13.574777,-0.676184,1
CUST_007809,29.22,66.23,1065.68,40,37.0,11,0.35,30.33,0.91,0,2.266598,16.090593,1.266256,1
CUST_002704,26.19,25.88,597.33,5,-0.32,38,0.99,26.43,0.96,0,0.988163,23.080757,-0.012218,0
CUST_001270,34.23,42.01,913.19,9,7.78,96,1.0,34.24,1.13,0,1.227286,21.737443,0.227286,0
CUST_002052,15.02,16.77,286.97,5,1.75,191,0.94,15.85,1.14,0,1.116511,17.112105,0.116511,0
CUST_003030,20.68,21.25,475.33,12,0.58,27,0.96,19.44,0.91,0,1.027563,22.368471,0.028046,0
CUST_002908,30.91,28.05,484.0,6,-2.86,50,0.75,29.33,0.96,0,0.907473,17.254902,-0.092527,0
CUST_003122,29.88,37.13,698.7,5,7.25,168,0.53,29.44,1.18,0,1.242637,18.817668,0.242637,0
CUST_004364,32.29,27.5,429.69,12,-4.78,15,0.87,34.25,0.94,0,0.851657,15.625091,-0.148033,0
CUST_003298,27.97,30.59,685.48,8,2.62,204,0.85,25.76,1.1,1,1.093672,22.40863,0.093672,0
CUST_008972,20.91,19.75,330.4,53,-1.16,172,0.05,20.96,0.87,3,0.944524,16.729114,-0.055476,1
CUST_001432,26.52,27.36,633.43,6,0.84,215,0.98,24.63,0.98,0,1.031674,23.151681,0.031674,0
CUST_003551,27.98,28.92,642.07,4,0.93,14,0.91,29.77,1.07,0,1.033595,22.201591,0.033238,0
CUST_006399,28.35,20.57,507.29,34,-7.78,7,0.02,30.66,0.91,1,0.725573,24.661643,-0.274427,1
CUST_005203,34.89,12.59,133.83,26,-22.3,7,0.08,29.48,0.9,1,0.360848,10.629865,-0.639152,1
CUST_004242,24.38,24.15,428.58,5,-0.23,139,0.89,23.35,1.1,0,0.990566,17.746584,-0.009434,0
CUST_008976,28.27,71.17,1379.38,35,42.9,159,0.07,29.78,1.01,1,2.51751,19.381481,1.51751,1
CUST_006495,32.02,53.96,1293.21,44,21.93,2,0.41,33.15,1.15,1,1.685197,23.966086,0.684884,1
CUST_000918,22.93,24.36,461.62,5,1.42,190,0.93,23.49,1.02,0,1.062364,18.949918,0.061928,0
CUST_004214,21.46,17.55,300.11,11,-3.92,148,0.82,23.6,0.87,0,0.817801,17.100285,-0.182665,0
CUST_008476,32.86,10.76,145.08,17,-22.1,205,0.01,25.92,0.82,1,0.32745,13.483271,-0.67255,1
CUST_003754,20.61,21.41,365.74,5,0.79,176,0.94,19.59,1.08,0,1.038816,17.082672,0.038331,0
CUST_006786,34.47,12.79,158.78,30,-21.67,6,0.16,31.59,0.93,3,0.371047,12.414386,-0.628663,1
CUST_003339,15.63,16.59,363.44,6,0.96,224,0.67,15.94,1.08,0,1.06142,21.907173,0.06142,0
CUST_008525,23.13,55.45,957.7,22,32.32,158,0.32,24.99,0.96,1,2.397319,17.271416,1.397319,1
CUST_008461,38.14,13.87,185.08,19,-24.28,130,0.11,29.39,0.91,1,0.36366,13.343908,-0.636602,1
CUST_005700,30.22,13.51,143.98,43,-16.71,123,0.23,29.05,1.12,1,0.447055,10.657291,-0.552945,1
CUST_008252,22.79,8.01,107.02,22,-14.78,208,0.26,20.85,0.88,1,0.35147,13.360799,-0.64853,1
CUST_004007,20.27,18.16,295.6,6,-2.11,118,0.72,18.68,0.88,0,0.895905,16.277533,-0.104095,0
CUST_005117,22.59,25.76,426.71,25,3.17,180,0.22,21.06,1.14,2,1.140328,16.564829,0.140328,1
CUST_004157,23.07,20.09,356.95,9,-2.98,159,0.77,25.57,0.93,0,0.870828,17.767546,-0.129172,0
CUST_001161,23.86,22.3,555.92,8,-1.57,182,0.94,24.02,1.02,0,0.934619,24.929148,-0.065801,0
CUST_009939,20.38,59.0,954.4,38,38.62,9,0.38,20.92,1.16,1,2.894995,16.176271,1.894995,1
CUST_005680,24.59,11.7,134.49,42,-12.89,219,0.07,24.16,1.19,3,0.475803,11.494872,-0.524197,1
CUST_002296,30.84,28.53,711.5,11,-2.31,145,0.86,28.93,0.94,0,0.925097,24.938661,-0.074903,0
CUST_008593,26.9,56.03,887.59,19,29.12,5,0.09,28.99,0.83,0,2.0829,15.841335,1.082528,1
CUST_003900,23.02,23.66,550.4,5,0.64,222,0.88,22.81,1.08,0,1.027802,23.262891,0.027802,0
CUST_009708,13.84,38.26,717.75,42,24.42,3,0.01,15.43,1.11,2,2.764451,18.759801,1.764451,1
CUST_005453,29.77,23.02,517.74,38,-6.75,193,0.05,28.8,0.84,1,0.773262,22.490877,-0.226738,1
CUST_001774,22.5,24.85,416.73,5,2.34,60,0.78,20.62,1.06,0,1.104444,16.769819,0.104,0
CUST_002800,31.33,30.24,463.82,8,-1.09,23,0.98,29.63,1.02,0,0.965209,15.337963,-0.034791,0
CUST_005570,30.5,76.75,1256.43,27,46.25,2,0.42,30.85,1.01,3,2.516393,16.370423,1.516393,1
CUST_009611,21.73,10.24,119.6,20,-11.49,226,0.04,17.08,1.18,1,0.471238,11.679687,-0.528762,1
CUST_009489,30.92,35.3,824.52,53,4.37,6,0.01,28.86,1.06,1,1.141656,23.357507,0.141332,1
CUST_002011,26.49,28.67,623.22,7,2.18,150,0.74,24.31,1.2,0,1.082295,21.737705,0.082295,0
CUST_001371,33.66,33.31,737.15,7,-0.35,63,0.92,30.85,1.06,0,0.989602,22.129991,-0.010398,0
CUST_007032,16.2,35.06,749.81,15,18.86,7,0.15,15.81,1.12,0,2.164198,21.38648,1.164198,1
CUST_007207,33.14,69.7,1052.45,21,36.56,141,0.29,33.55,0.94,1,2.103199,15.099713,1.103199,1
CUST_004916,16.74,13.06,229.97,6,-3.68,62,0.98,17.96,0.8,0,0.780167,17.608729,-0.219833,0
CUST_001005,15.05,14.71,285.85,9,-0.34,30,0.78,16.22,1.14,0,0.977409,19.432359,-0.022591,0
CUST_008749,35.9,89.22,2225.98,35,53.33,4,0.11,34.66,0.87,3,2.485237,24.949339,1.485515,1
CUST_008510,31.01,64.95,986.55,31,33.94,6,0.18,33.55,1.16,2,2.094486,15.189376,1.094486,1
CUST_007457,23.52,61.77,1046.15,41,38.25,1,0.02,25.88,1.05,0,2.626276,16.936215,1.626276,1
CUST_003185,26.73,28.65,525.56,11,1.92,239,0.87,26.78,1.19,0,1.071829,18.344154,0.071829,0
CUST_000848,36.45,42.39,770.25,6,5.94,126,0.64,34.96,1.19,0,1.162963,18.170559,0.162963,0
CUST_004973,22.3,16.31,349.34,9,-5.99,231,0.88,22.06,0.83,0,0.73139,21.418761,-0.26861,0
CUST_003523,18.33,16.28,362.17,4,-2.05,50,0.94,19.5,0.9,0,0.888161,22.246314,-0.111839,0
CUST_000334,36.3,35.19,861.12,6,-1.11,188,0.98,34.31,0.94,0,0.969421,24.470588,-0.030579,0
CUST_000495,30.36,30.26,606.14,6,-0.1,44,1.0,33.28,1.02,0,0.996706,20.031064,-0.003294,0
CUST_000252,33.84,39.21,805.84,5,5.37,188,0.9,32.23,1.03,0,1.158688,20.5519,0.158688,0
CUST_001354,23.41,23.78,401.87,10,0.37,207,0.86,22.71,1.16,0,1.015805,16.899495,0.015805,0
CUST_002423,30.95,35.9,744.81,3,4.95,162,0.86,29.74,1.16,0,1.159935,20.746797,0.159935,0
CUST_003970,17.52,18.52,379.18,5,1.0,46,0.59,17.71,1.12,0,1.057078,20.474082,0.057078,0
CUST_004476,30.8,28.52,618.92,6,-2.27,199,0.6,33.81,0.98,0,0.925974,21.701262,-0.073701,0
CUST_001778,18.77,20.65,368.02,3,1.87,223,0.98,17.6,1.19,0,1.10016,17.821792,0.099627,0
CUST_008330,19.0,44.87,899.98,31,25.86,1,0.05,22.8,0.94,1,2.361579,20.057499,1.361053,1
CUST_008209,24.43,69.32,1208.61,32,44.89,172,0.01,24.49,1.14,2,2.837495,17.435228,1.837495,1
CUST_001365,34.56,40.49,955.35,9,5.93,60,0.76,33.25,1.03,0,1.171586,23.594715,0.171586,0
CUST_005763,18.13,41.49,604.37,37,23.36,11,0.3,19.97,0.92,1,2.288472,14.566643,1.288472,1
CUST_001353,17.78,20.32,493.43,8,2.54,73,0.52,19.39,1.13,0,1.142857,24.282972,0.142857,0
CUST_008389,33.07,13.7,195.65,34,-19.37,11,0.08,31.63,1.04,0,0.414273,14.281022,-0.585727,1
CUST_008586,14.95,15.93,348.98,44,0.98,216,0.1,16.2,1.04,1,1.065552,21.907094,0.065552,1
CUST_008339,15.65,41.07,753.01,37,25.42,191,0.71,15.68,1.05,1,2.624281,18.334794,1.624281,1
CUST_009155,18.03,36.16,584.3,31,18.12,226,0.3,19.27,1.0,0,2.005546,16.158739,1.004992,1
CUST_009043,30.37,84.24,1526.8,20,53.87,5,0.08,31.75,1.11,2,2.77379,18.124406,1.77379,1
CUST_003502,29.25,29.14,694.11,6,-0.11,57,0.6,26.96,1.09,0,0.996239,23.819835,-0.003761,0
CUST_004570,27.41,31.96,720.06,12,4.54,109,0.73,29.63,1.12,0,1.165998,22.530038,0.165633,0
CUST_004764,16.51,16.79,332.28,5,0.28,203,0.83,17.8,0.94,0,1.016959,19.790351,0.016959,0
CUST_004145,16.0,18.51,337.7,7,2.51,123,0.87,17.04,1.16,0,1.156875,18.244192,0.156875,0
CUST_003027,24.95,31.51,776.1,10,6.56,226,0.98,22.83,1.18,0,1.262926,24.630276,0.262926,0
CUST_004949,24.37,30.59,697.82,6,6.22,228,0.98,26.01,1.17,0,1.255232,22.81203,0.255232,0
CUST_007320,25.5,57.2,1193.29,32,31.7,6,0.15,23.36,0.97,2,2.243137,20.861713,1.243137,1
CUST_004166,34.56,31.87,631.02,6,-2.69,164,0.83,31.56,0.89,1,0.922164,19.799812,-0.077836,0
CUST_003493,27.76,34.99,579.57,4,7.24,154,0.78,27.61,1.2,0,1.260447,16.563875,0.260807,0
CUST_002871,25.71,30.9,629.76,9,5.2,64,0.98,28.54,1.14,0,1.201867,20.380583,0.202256,0
CUST_003837,33.02,24.63,443.78,8,-8.39,17,0.89,32.75,0.81,0,0.745912,18.017864,-0.254088,0
CUST_004658,19.92,21.44,456.61,3,1.52,234,0.99,20.04,0.96,0,1.076305,21.297108,0.076305,0
CUST_003142,23.12,21.74,540.84,9,-1.37,177,0.97,21.73,0.91,0,0.940311,24.877645,-0.059256,0
CUST_008331,18.31,20.99,473.55,56,2.69,4,0.08,17.32,1.07,0,1.146368,22.560743,0.146914,1
CUST_004654,19.5,19.82,385.52,5,0.32,56,0.78,19.95,1.02,0,1.01641,19.45106,0.01641,0
CUST_003953,31.45,22.11,505.44,10,-9.34,189,0.73,33.13,0.82,0,0.703021,22.860244,-0.296979,0
CUST_008966,22.74,22.46,534.44,43,-0.28,9,0.11,21.43,1.03,1,0.987687,23.795191,-0.012313,1
CUST_002790,30.22,29.4,641.29,6,-0.82,26,0.97,27.56,1.08,0,0.972866,21.812585,-0.027134,0
CUST_001424,29.56,25.17,432.52,6,-4.39,157,0.54,29.04,0.88,0,0.851488,17.183949,-0.148512,0
CUST_002109,28.98,33.78,519.58,6,4.8,160,0.79,29.15,1.15,0,1.165631,15.381291,0.165631,0
CUST_008742,18.93,55.98,763.76,38,37.05,4,0.06,22.18,1.18,2,2.957211,13.643444,1.957211,1
CUST_006412,16.1,5.97,100.0,38,-10.13,10,0.26,15.01,0.93,3,0.370807,16.750419,-0.629193,1
CUST_007257,23.63,65.47,1356.35,37,41.83,163,0.52,25.51,1.11,1,2.770631,20.717122,1.770207,1
CUST_002404,23.35,20.4,461.32,5,-2.94,159,0.93,24.17,0.86,0,0.873662,22.613725,-0.12591,0
CUST_007628,14.55,13.78,327.62,38,-0.78,3,0.02,15.98,0.96,2,0.947079,23.775036,-0.053608,1
CUST_004761,23.22,31.37,730.12,12,8.15,134,0.7,24.61,1.18,0,1.350991,23.274466,0.350991,0
CUST_002022,30.4,32.31,523.84,5,1.91,38,0.93,28.87,1.18,0,1.062829,16.212937,0.062829,0
CUST_006210,27.47,25.2,471.54,33,-2.27,226,0.22,25.93,0.92,2,0.917364,18.711905,-0.082636,1
CUST_002181,21.04,27.97,679.71,6,6.93,129,0.67,21.16,1.17,0,1.329373,24.301394,0.329373,0
CUST_008758,29.69,29.57,599.93,36,-0.12,1,0.16,29.18,1.02,0,0.995958,20.288468,-0.004042,1
CUST_000035,28.07,25.29,565.94,7,-2.78,229,0.99,30.2,1.01,0,0.900962,22.378015,-0.099038,0
CUST_003789,26.65,30.43,642.48,7,3.78,102,0.93,26.22,1.12,0,1.141839,21.113375,0.141839,0
CUST_007371,18.06,28.1,602.86,20,10.03,10,0.12,16.7,0.84,0,1.555925,21.454093,0.555371,1
CUST_000111,18.66,20.52,417.09,3,1.86,149,0.65,20.44,1.1,0,1.099678,20.326023,0.099678,0
CUST_008468,17.08,29.79,581.18,43,12.71,9,0.29,18.7,1.14,1,1.744145,19.509231,0.744145,1
CUST_008205,32.57,28.06,673.55,36,-4.51,171,0.17,33.96,0.86,0,0.861529,24.00392,-0.138471,1
CUST_001014,21.12,15.97,363.21,8,-5.15,87,0.93,20.65,0.87,0,0.756155,22.743269,-0.243845,0
CUST_000060,28.68,26.35,456.04,12,-2.32,79,0.98,29.31,1.04,0,0.918759,17.307021,-0.080893,0
CUST_002325,23.84,26.23,567.06,11,2.39,111,0.75,24.69,1.06,0,1.100252,21.618757,0.100252,0
CUST_003282,31.76,34.18,679.07,2,2.43,165,0.47,33.34,1.1,0,1.076196,19.867466,0.076511,0
CUST_006708,26.2,11.96,163.55,33,-14.24,8,0.12,25.99,1.14,1,0.456489,13.674749,-0.543511,1
CUST_000647,16.77,13.55,216.86,14,-3.22,197,0.91,17.31,0.83,0,0.80799,16.004428,-0.19201,0
CUST_003056,24.6,19.27,406.1,8,-5.33,121,0.89,23.83,0.88,0,0.783333,21.074209,-0.216667,0
CUST_004866,17.0,19.73,418.89,5,2.73,162,0.76,17.16,1.06,0,1.160588,21.23112,0.160588,0
CUST_000708,29.95,35.53,572.23,2,5.58,205,0.91,29.68,1.18,0,1.186311,16.105545,0.186311,0
CUST_008835,17.61,17.89,339.32,29,0.27,10,0.28,17.42,1.02,2,1.0159,18.967021,0.015332,1
CUST_005116,23.55,8.68,151.38,36,-14.87,213,0.21,20.87,0.92,1,0.368577,17.440092,-0.631423,1
CUST_004649,22.23,19.39,328.76,6,-2.84,32,0.95,21.87,0.88,0,0.872245,16.955132,-0.127755,0
CUST_005155,26.91,10.48,147.46,36,-16.43,9,0.11,24.65,0.97,2,0.389446,14.070611,-0.610554,1
CUST_007215,31.02,33.39,655.0,42,2.37,7,0.01,31.66,1.0,3,1.076402,19.616652,0.076402,1
CUST_008157,21.5,17.43,374.59,39,-4.07,11,0.06,22.77,0.89,0,0.810698,21.491107,-0.189302,1
CUST_007937,19.25,43.6,898.38,35,24.35,9,0.07,19.5,0.91,3,2.264935,20.605046,1.264935,1
CUST_002529,21.19,19.65,455.89,4,-1.55,217,0.74,22.76,1.03,0,0.927324,23.200509,-0.073148,0
CUST_001665,30.17,32.01,591.13,6,1.84,120,0.84,32.21,1.1,0,1.060988,18.467042,0.060988,0
CUST_005398,29.97,60.93,1042.19,35,30.96,200,0.1,30.05,0.87,2,2.033033,17.10471,1.033033,1
CUST_004808,30.27,38.17,845.54,8,7.9,174,0.65,28.83,1.16,0,1.260984,22.151952,0.260984,0
CUST_003376,18.49,22.57,390.35,6,4.08,46,0.5,18.99,1.15,0,1.22066,17.295082,0.22066,0
CUST_008693,15.72,34.5,734.16,36,18.78,149,0.03,16.51,1.1,0,2.194656,21.28,1.194656,1
CUST_007501,22.42,22.01,369.11,37,-0.42,148,0.08,21.68,0.95,1,0.981713,16.770104,-0.018733,1
CUST_007217,19.31,8.29,136.92,35,-11.02,3,0.2,16.21,1.07,2,0.429311,16.516285,-0.570689,1
CUST_005738,15.34,40.31,738.39,37,24.97,3,0.04,17.21,1.05,0,2.627771,18.317787,1.627771,1
CUST_007200,36.43,21.68,494.35,31,-14.76,142,0.05,34.94,1.06,1,0.595114,22.802122,-0.405161,1
CUST_002652,22.31,18.56,322.89,6,-3.75,147,0.89,21.7,0.91,0,0.831914,17.397091,-0.168086,0
CUST_008779,17.5,7.58,100.0,42,-9.92,5,0.12,16.82,1.08,0,0.433143,13.192612,-0.566857,1
CUST_002239,24.04,29.27,556.01,7,5.24,95,0.98,23.35,1.07,0,1.217554,18.9959,0.21797,0
CUST_008909,31.35,25.3,549.33,59,-6.05,6,0.17,31.73,0.88,3,0.807018,21.712648,-0.192982,1
CUST_003639,16.82,14.45,340.21,11,-2.37,81,0.97,16.15,0.99,0,0.859096,23.543945,-0.140904,0
CUST_005641,17.01,19.56,380.05,54,2.55,163,0.01,16.43,1.11,3,1.149912,19.429959,0.149912,1
CUST_000829,22.21,17.74,299.85,6,-4.46,171,0.9,20.58,0.88,0,0.798739,16.90248,-0.20081,0
CUST_003922,20.94,18.29,321.2,10,-2.65,33,0.93,22.83,0.92,0,0.873448,17.561509,-0.126552,0
CUST_008861,32.37,11.26,186.13,36,-21.12,11,0.55,32.36,0.87,0,0.347853,16.530195,-0.652456,1
CUST_001356,29.74,27.48,557.9,7,-2.26,75,0.89,30.95,0.86,0,0.924008,20.302038,-0.075992,0
CUST_005939,33.24,73.47,1248.36,30,40.23,238,0.26,33.7,1.05,1,2.210289,16.991425,1.210289,1
CUST_000902,33.43,32.61,657.84,10,-0.82,214,0.91,30.57,1.11,0,0.975471,20.172953,-0.024529,0
CUST_005922,22.34,52.55,820.47,20,30.21,11,0.28,25.96,0.94,1,2.352283,15.61313,1.352283,1
CUST_007087,21.93,7.03,100.0,35,-14.9,168,0.11,17.8,0.8,1,0.320565,14.224751,-0.679435,1
CUST_007949,17.05,20.95,412.17,25,3.9,6,0.03,17.94,1.14,1,1.228739,19.673986,0.228739,1
CUST_002583,30.34,27.21,584.09,10,-3.13,124,0.77,29.8,0.97,0,0.896836,21.466005,-0.103164,0
CUST_001505,27.64,26.93,432.74,5,-0.71,68,0.96,29.1,1.09,0,0.974313,16.069068,-0.025687,0
CUST_002310,33.24,37.44,583.0,8,4.21,229,0.96,32.7,1.11,0,1.126354,15.571581,0.126655,0
CUST_006743,14.98,17.86,290.44,30,2.89,5,0.52,16.1,0.91,2,1.192256,16.262038,0.192924,1
CUST_002521,20.93,23.2,453.2,10,2.27,98,0.8,19.65,1.11,0,1.108457,19.534483,0.108457,0
CUST_005892,25.36,72.36,1195.9,38,47.01,9,0.02,28.93,1.14,0,2.853312,16.527087,1.853707,1
CUST_003082,21.81,25.97,603.82,4,4.16,43,0.78,22.4,1.18,0,1.190738,23.250674,0.190738,0
CUST_002351,25.51,27.37,498.83,6,1.86,138,0.93,25.93,0.95,0,1.072913,18.225429,0.072913,0
CUST_003031,28.32,28.7,449.19,7,0.38,232,0.91,27.88,0.98,0,1.013418,15.65122,0.013418,0
CUST_003509,14.61,12.74,212.69,6,-1.87,44,0.47,15.93,0.81,0,0.872005,16.694662,-0.127995,0
CUST_004136,30.37,26.51,603.78,4,-3.86,97,0.77,30.55,0.83,0,0.872901,22.775556,-0.127099,0
CUST_001754,15.8,13.95,214.26,5,-1.85,205,0.88,16.73,0.81,0,0.882911,15.35914,-0.117089,0
CUST_004197,33.74,33.61,565.27,6,-0.13,73,0.68,34.2,1.01,0,0.996147,16.818506,-0.003853,0
CUST_009172,19.98,29.03,672.61,26,9.05,163,0.24,18.85,0.88,2,1.452953,23.16948,0.452953,1
CUST_008999,33.11,12.03,189.26,30,-21.08,3,0.01,32.35,0.91,1,0.363334,15.732336,-0.636666,1
CUST_006212,18.44,40.47,642.22,38,22.03,4,0.11,18.88,0.88,3,2.194685,15.869039,1.194685,1
CUST_009460,25.03,11.92,183.55,25,-13.1,1,0.03,24.61,1.19,2,0.476229,15.39849,-0.523372,1
CUST_003368,19.69,17.03,324.57,5,-2.66,41,0.89,19.3,0.89,0,0.864906,19.05872,-0.135094,0
CUST_009325,17.35,48.16,1011.2,44,30.81,184,0.27,21.22,1.11,2,2.775793,20.996678,1.775793,1
CUST_004443,20.15,20.12,309.13,7,-0.04,117,0.89,18.7,1.1,0,0.998511,15.364314,-0.001985,0
CUST_005216,28.84,34.46,758.81,40,5.62,7,0.1,31.61,1.2,1,1.194868,22.020023,0.194868,1
CUST_006443,18.17,34.22,664.06,21,16.05,232,0.12,16.61,0.96,0,1.883324,19.405611,0.883324,1
CUST_001233,30.46,30.22,523.62,9,-0.24,35,0.79,28.06,0.87,1,0.992121,17.326936,-0.007879,0
CUST_001243,33.03,35.94,867.87,4,2.9,99,0.66,31.09,1.09,0,1.088102,24.147746,0.087799,0
CUST_007349,17.17,22.69,504.42,36,5.52,4,0.12,18.4,0.97,2,1.321491,22.230939,0.321491,1
CUST_005014,34.57,14.86,167.22,30,-19.72,142,0.01,31.39,1.07,0,0.429852,11.253028,-0.570437,1
CUST_006138,28.81,70.1,1370.14,31,41.29,5,0.69,29.79,0.97,0,2.433183,19.545506,1.433183,1
CUST_003247,26.89,19.45,434.3,4,-7.44,162,0.88,29.55,0.84,0,0.723317,22.329049,-0.276683,0
CUST_001394,17.48,14.76,356.62,10,-2.72,185,0.94,17.51,0.83,0,0.844394,24.161247,-0.155606,0
CUST_004917,31.34,33.27,624.3,5,1.93,190,0.9,34.09,1.18,0,1.061583,18.764653,0.061583,0
CUST_003613,25.62,32.67,711.7,9,7.05,38,0.74,27.34,1.14,0,1.275176,21.784512,0.275176,0
CUST_003856,29.47,27.4,448.32,9,-2.07,136,0.79,28.6,1.01,0,0.929759,16.362044,-0.070241,0
CUST_000633,16.91,17.8,301.31,5,0.9,204,0.85,18.71,1.19,0,1.052632,16.927528,0.053223,0
CUST_006869,23.26,34.91,700.8,38,11.65,8,0.12,25.72,0.95,2,1.50086,20.074477,0.50086,1
CUST_001808,26.34,34.46,631.14,13,8.12,39,0.66,28.03,1.16,0,1.308276,18.315148,0.308276,0
CUST_001104,23.52,16.92,354.91,8,-6.59,169,0.88,23.53,0.83,0,0.719388,20.975768,-0.280187,0
CUST_009721,24.93,8.55,113.92,38,-16.38,2,0.01,21.09,0.86,0,0.34296,13.323977,-0.65704,1
CUST_003252,14.13,15.5,238.99,5,1.37,155,0.96,15.32,1.05,0,1.096957,15.41871,0.096957,0
CUST_002587,22.78,21.1,399.78,6,-1.67,232,0.73,22.16,0.99,0,0.926251,18.946919,-0.07331,0
CUST_004730,18.6,15.99,243.47,7,-2.61,223,0.54,17.69,0.83,0,0.859677,15.226391,-0.140323,0
CUST_000753,32.75,33.76,823.86,6,1.0,103,0.92,34.39,1.19,0,1.03084,24.403436,0.030534,0
CUST_004439,26.48,21.54,417.3,12,-4.94,130,0.86,24.72,0.88,0,0.813444,19.373259,-0.186556,0
CUST_004663,29.28,21.77,518.37,9,-7.51,101,0.74,28.88,0.82,0,0.743511,23.811208,-0.256489,0
CUST_004399,30.19,32.84,691.36,6,2.65,32,0.9,30.63,1.05,0,1.087777,21.052375,0.087777,0
CUST_000947,22.95,27.16,555.88,6,4.22,155,0.87,22.25,1.1,0,1.183442,20.466863,0.183878,0
CUST_001524,28.8,33.3,521.68,10,4.5,185,0.7,28.48,1.17,0,1.15625,15.666066,0.15625,0
CUST_003506,25.19,25.05,482.69,5,-0.14,38,0.86,27.18,1.02,0,0.994442,19.269062,-0.005558,0
CUST_001941,37.54,31.69,710.8,6,-5.85,95,0.87,34.72,0.93,0,0.844166,22.429789,-0.155834,0
CUST_001915,20.25,15.06,332.07,8,-5.19,230,0.81,22.34,0.83,0,0.743704,22.049801,-0.256296,0
CUST_000841,17.83,17.94,342.36,7,0.11,152,0.88,19.51,1.01,0,1.006169,19.083612,0.006169,0
CUST_002601,33.69,35.35,647.03,8,1.66,147,0.85,33.2,1.18,0,1.049273,18.303536,0.049273,0
CUST_005327,24.11,69.38,1017.74,18,45.27,211,0.23,26.36,1.15,0,2.877644,14.669069,1.877644,1
CUST_004353,15.42,18.41,333.8,7,2.99,223,0.99,16.75,1.09,0,1.193904,18.13145,0.193904,0
CUST_009618,22.45,9.89,129.83,20,-12.56,5,0.06,19.74,1.1,1,0.440535,13.127401,-0.559465,1
CUST_003230,16.44,18.07,350.69,11,1.63,40,0.96,17.04,0.97,0,1.099148,19.407305,0.099148,0
CUST_009056,37.15,13.66,175.69,40,-23.49,155,0.05,34.06,0.92,0,0.367699,12.86164,-0.632301,1
CUST_001096,30.04,31.37,590.06,7,1.33,191,0.76,31.67,1.03,0,1.044274,18.809691,0.044274,0
CUST_004870,20.41,20.85,483.27,8,0.44,69,0.98,20.13,1.01,0,1.021558,23.178417,0.021558,0
CUST_000146,30.6,31.07,506.39,8,0.48,111,0.6,33.14,1.18,0,1.015359,16.298359,0.015686,0
CUST_004744,25.95,25.33,569.65,7,-0.62,42,0.91,27.15,1.09,0,0.976108,22.489143,-0.023892,0
CUST_000233,30.42,26.09,516.26,7,-4.33,178,0.85,32.46,1.0,0,0.857659,19.787658,-0.142341,0
CUST_000371,23.56,27.42,547.78,6,3.87,50,0.99,23.76,1.13,0,1.163837,19.977389,0.164261,0
CUST_001038,17.85,21.85,411.59,4,4.0,154,0.9,17.01,1.14,0,1.22409,18.837071,0.22409,0
CUST_009523,27.7,11.08,146.84,24,-16.62,161,0.43,25.21,1.0,0,0.4,13.252708,-0.6,1
CUST_003073,17.6,16.18,288.88,9,-1.42,193,0.87,18.38,0.99,0,0.919318,17.854141,-0.080682,0
CUST_008571,28.43,25.46,471.36,26,-2.98,7,0.14,27.77,0.99,0,0.895533,18.513747,-0.104819,1
CUST_006361,31.77,71.65,1363.52,19,39.88,178,0.14,32.46,0.9,1,2.255272,19.030286,1.255272,1
CUST_005461,26.87,10.29,122.17,19,-16.59,168,0.12,26.87,0.96,1,0.382955,11.872692,-0.617417,1
CUST_001710,34.17,38.68,832.47,11,4.51,225,0.92,34.43,1.11,0,1.131987,21.521975,0.131987,0
CUST_000297,21.86,28.3,457.15,5,6.44,29,0.89,21.49,1.18,0,1.294602,16.15371,0.294602,0
CUST_007060,17.89,6.39,100.0,36,-11.49,2,0.06,15.54,0.89,1,0.357183,15.649452,-0.642258,1
CUST_000219,18.4,19.96,314.73,4,1.56,167,0.81,17.61,1.03,0,1.084783,15.768036,0.084783,0
CUST_001614,20.68,19.96,419.93,4,-0.72,64,0.96,21.61,0.87,0,0.965184,21.038577,-0.034816,0
CUST_000909,31.55,22.48,476.91,6,-9.07,121,0.68,29.08,0.81,0,0.71252,21.214858,-0.28748,0
CUST_004605,25.52,22.05,367.11,7,-3.47,200,0.99,26.96,0.91,1,0.864028,16.64898,-0.135972,0
CUST_004979,25.83,25.76,480.02,9,-0.07,14,0.62,26.11,0.91,0,0.99729,18.634317,-0.00271,0
CUST_003384,33.09,27.53,447.08,11,-5.56,38,0.53,34.3,0.85,0,0.831973,16.239738,-0.168027,0
CUST_003853,19.58,24.29,441.68,10,4.7,163,0.92,17.92,1.17,0,1.240552,18.183615,0.240041,0
CUST_000160,14.39,16.66,298.19,7,2.27,114,0.78,15.66,1.05,0,1.157748,17.898559,0.157748,0
CUST_000334,36.3,35.19,861.12,6,-1.11,188,0.98,34.31,0.94,0,0.969421,24.470588,-0.030579,0
CUST_002079,22.59,21.63,329.19,5,-0.96,38,0.76,21.88,0.94,0,0.957503,15.21914,-0.042497,0
CUST_001184,26.45,21.02,379.52,8,-5.43,131,0.86,28.57,0.9,0,0.794707,18.055186,-0.205293,0
CUST_001773,34.8,41.41,895.88,6,6.61,136,0.82,33.25,1.09,0,1.189943,21.634388,0.189943,0
CUST_005052,23.6,23.18,415.54,52,-0.42,233,0.33,22.28,0.92,1,0.982203,17.926661,-0.017797,1
CUST_008762,24.76,49.54,994.26,22,24.78,3,0.32,28.36,0.8,1,2.000808,20.069843,1.000808,1
CUST_002426,29.72,24.99,505.79,9,-4.73,90,0.67,30.64,0.86,0,0.840848,20.239696,-0.159152,0
CUST_005682,15.8,46.02,1006.81,25,30.22,6,0.45,17.55,1.17,0,2.912658,21.877662,1.912658,1
CUST_007271,38.28,15.48,245.91,39,-22.8,7,0.19,29.93,1.01,1,0.404389,15.885659,-0.595611,1
CUST_007164,19.77,8.37,137.13,41,-11.4,10,0.45,18.7,1.06,1,0.423369,16.383513,-0.576631,1
CUST_002312,31.97,43.52,997.32,11,11.56,149,0.74,33.46,1.2,0,1.361276,22.91636,0.361589,0
CUST_006036,25.83,37.07,557.36,17,11.24,179,0.41,25.51,1.13,1,1.435153,15.035339,0.435153,1
CUST_003330,19.83,22.13,437.81,11,2.3,40,0.95,20.84,1.05,0,1.115986,19.783552,0.115986,0
CUST_000097,21.3,21.86,389.0,6,0.56,63,0.77,19.87,1.06,0,1.026291,17.795059,0.026291,0
CUST_001886,15.3,13.1,297.04,11,-2.2,50,0.82,15.13,0.8,0,0.856209,22.674809,-0.143791,0
CUST_001674,15.56,14.32,270.1,6,-1.24,130,0.99,16.24,0.83,0,0.920308,18.861732,-0.079692,0
CUST_003339,15.63,16.59,363.44,6,0.96,224,0.67,15.94,1.08,0,1.06142,21.907173,0.06142,0
CUST_000743,21.35,22.8,423.27,5,1.45,60,0.8,23.61,1.0,0,1.067916,18.564474,0.067916,0
CUST_002056,33.22,26.0,409.91,9,-7.22,119,0.76,34.06,0.83,0,0.782661,15.765769,-0.217339,0
CUST_006233,30.64,28.77,647.56,39,-1.86,11,0.05,32.58,1.04,2,0.938969,22.508168,-0.060705,1
CUST_002419,26.93,32.14,759.82,13,5.21,118,0.63,28.57,1.18,0,1.193465,23.640946,0.193465,0
CUST_001573,30.85,27.03,588.58,10,-3.82,155,0.57,28.07,0.82,0,0.876175,21.775065,-0.123825,0
CUST_003515,22.35,27.42,655.24,3,5.07,64,0.94,22.79,1.18,0,1.226846,23.896426,0.226846,0
CUST_006342,27.68,74.76,1582.36,35,47.08,122,0.03,29.46,1.08,0,2.700867,21.165864,1.700867,1
CUST_006597,14.74,32.4,474.03,18,17.67,171,0.19,15.79,0.88,1,2.1981,14.630556,1.198779,1
CUST_006534,44.54,20.14,257.78,38,-24.4,142,0.06,34.92,1.13,1,0.452178,12.799404,-0.547822,1
CUST_002944,15.8,14.66,229.81,9,-1.14,154,0.95,17.32,0.85,0,0.927848,15.675989,-0.072152,0
CUST_008501,22.98,63.26,1218.51,41,40.28,175,0.01,23.49,1.1,0,2.752829,19.261935,1.752829,1
CUST_000221,21.56,16.51,263.05,6,-5.04,119,0.89,21.27,0.9,0,0.76577,15.932768,-0.233766,0
CUST_008613,20.89,54.74,1159.54,36,33.85,177,0.21,22.59,1.05,0,2.620393,21.182682,1.620393,1
CUST_002120,19.09,14.4,352.52,11,-4.68,184,0.95,18.44,0.86,0,0.754322,24.480556,-0.245155,0
CUST_002250,29.66,28.23,500.58,2,-1.43,164,0.64,29.59,1.08,0,0.951787,17.7322,-0.048213,0
CUST_000764,30.02,29.87,644.34,8,-0.15,176,0.86,31.15,0.88,0,0.995003,21.571476,-0.004997,0
CUST_009099,23.77,10.44,116.62,27,-13.33,125,0.13,23.68,1.1,1,0.439209,11.170498,-0.560791,1
CUST_009350,27.19,12.4,207.53,43,-14.79,1,0.16,25.16,1.14,1,0.45605,16.73629,-0.54395,1
CUST_009985,28.36,11.6,171.15,27,-16.76,211,0.06,28.18,1.02,1,0.409027,14.75431,-0.590973,1
CUST_003740,27.14,27.03,511.49,10,-0.11,214,0.74,28.16,0.89,0,0.995947,18.923048,-0.004053,0
CUST_009750,23.02,19.13,304.5,49,-3.89,126,0.07,23.4,0.9,1,0.831017,15.917407,-0.168983,1
CUST_000371,23.56,27.42,547.78,6,3.87,50,0.99,23.76,1.13,0,1.163837,19.977389,0.164261,0
CUST_007579,22.48,67.13,1451.81,38,44.65,7,0.04,23.72,1.19,1,2.98621,21.626843,1.98621,1
CUST_002362,28.55,32.39,580.17,5,3.84,207,0.83,26.01,1.07,0,1.134501,17.91201,0.134501,0
CUST_003680,26.36,28.9,475.94,6,2.54,13,0.95,25.04,0.98,0,1.096358,16.468512,0.096358,0
CUST_004751,25.09,18.33,284.05,3,-6.76,151,0.76,25.31,0.85,0,0.73057,15.496454,-0.26943,0
CUST_004700,29.41,34.29,657.23,5,4.88,78,0.94,27.23,1.07,0,1.16593,19.166812,0.16593,0
CUST_002130,18.8,20.03,435.29,3,1.23,162,0.69,17.91,1.02,0,1.065426,21.731902,0.065426,0
CUST_004566,31.56,29.48,577.13,12,-2.08,211,0.76,34.12,0.86,0,0.934094,19.577001,-0.065906,0
CUST_005168,26.36,16.97,319.87,32,-9.39,8,0.11,25.59,1.13,0,0.643778,18.849146,-0.356222,1
CUST_006806,31.88,69.47,1396.26,19,37.59,9,0.04,33.02,0.87,2,2.179109,20.098748,1.179109,1
CUST_003116,27.04,34.39,799.34,9,7.35,216,0.74,25.58,1.17,0,1.27182,23.243385,0.27182,0
CUST_002864,22.28,20.27,436.87,7,-2.02,80,0.66,20.31,0.9,0,0.909785,21.552541,-0.090664,0
CUST_000439,19.79,17.6,374.43,3,-2.19,71,0.87,20.92,1.0,0,0.889338,21.274432,-0.110662,0
CUST_007440,30.56,79.04,1441.79,41,48.48,10,0.33,33.53,1.03,0,2.586387,18.24127,1.586387,1
CUST_005603,16.81,38.38,862.52,34,21.56,6,0.25,16.81,0.82,2,2.283165,22.473163,1.28257,1
CUST_003685,16.87,18.6,446.77,6,1.73,74,0.97,17.37,1.15,1,1.102549,24.019892,0.102549,0
CUST_001609,22.78,22.51,513.63,5,-0.27,164,0.74,22.14,1.08,0,0.988147,22.817859,-0.011853,0
CUST_000865,34.05,40.61,923.55,10,6.56,75,0.87,33.4,1.2,0,1.192658,22.741935,0.192658,0
CUST_005169,23.86,26.6,623.39,39,2.74,200,0.0,24.27,1.19,2,1.114837,23.435714,0.114837,1
CUST_006694,30.79,9.93,148.7,16,-20.86,10,0.15,27.36,0.81,1,0.322507,14.974824,-0.677493,1
CUST_003866,32.67,33.03,650.75,7,0.36,214,0.98,32.37,0.97,0,1.011019,19.701786,0.011019,0
CUST_003546,31.75,32.52,597.49,4,0.77,168,0.83,30.46,1.14,0,1.024252,18.373001,0.024252,0
CUST_000981,16.59,15.06,317.44,4,-1.53,174,0.91,15.91,0.94,0,0.907776,21.078353,-0.092224,0
CUST_008060,26.2,11.87,168.5,28,-14.34,158,0.12,24.43,1.13,3,0.453053,14.195451,-0.547328,1
CUST_001042,30.87,22.88,515.06,9,-7.99,164,0.51,32.83,0.83,0,0.741173,22.511364,-0.258827,0
CUST_006972,30.62,71.65,1713.33,19,41.03,129,0.4,33.02,1.01,0,2.339974,23.912491,1.339974,1
CUST_002700,24.27,24.5,493.75,7,0.24,225,0.82,26.91,1.04,0,1.009477,20.153061,0.009889,0
CUST_000757,20.44,21.08,496.05,9,0.63,92,0.93,18.98,1.1,0,1.031311,23.531784,0.030822,0
CUST_001276,24.98,20.95,415.99,8,-4.02,55,0.94,27.68,0.89,0,0.838671,19.856325,-0.160929,0
CUST_000230,22.97,17.36,415.18,9,-5.6,207,0.6,21.52,0.85,0,0.755768,23.915899,-0.243796,0
CUST_008816,22.06,59.13,1033.39,30,37.07,3,0.11,26.34,1.07,0,2.680417,17.476577,1.680417,1
CUST_009613,34.26,44.78,752.05,27,10.52,9,0.25,34.9,0.85,3,1.307064,16.794328,0.307064,1
CUST_002052,15.02,16.77,286.97,5,1.75,191,0.94,15.85,1.14,0,1.116511,17.112105,0.116511,0
CUST_005797,23.3,43.01,971.79,37,19.71,182,0.19,22.09,0.92,2,1.845923,22.594513,0.845923,1
CUST_003526,25.22,27.14,644.85,6,1.92,159,0.72,24.03,1.12,1,1.07613,23.760133,0.07613,0
CUST_005276,33.62,27.45,583.81,35,-6.17,4,0.36,33.19,0.89,0,0.816478,21.268124,-0.183522,1
CUST_001482,31.07,29.89,485.09,4,-1.17,15,0.87,28.39,0.86,0,0.962021,16.229174,-0.037657,0
CUST_008664,30.06,13.26,273.84,32,-16.8,2,0.71,32.75,1.01,2,0.441118,20.651584,-0.558882,1
CUST_000154,32.62,36.05,701.29,4,3.43,172,0.98,34.16,1.01,0,1.10515,19.453259,0.10515,0
CUST_002735,29.24,29.91,450.04,10,0.67,135,0.91,28.73,1.03,0,1.022914,15.046473,0.022914,0
CUST_001791,23.2,23.69,409.76,12,0.49,49,0.88,22.56,1.13,0,1.021121,17.29675,0.021121,0
CUST_002112,35.67,40.38,781.08,3,4.71,75,0.72,34.15,1.03,0,1.132044,19.343239,0.132044,0
CUST_009303,19.57,8.85,100.0,30,-10.72,7,0.0,15.28,1.13,1,0.452223,11.299435,-0.547777,1
CUST_007728,24.8,11.59,170.48,15,-13.21,2,0.02,20.46,1.17,0,0.467339,14.709232,-0.532661,1
CUST_001600,27.02,22.03,413.14,4,-5.0,66,0.84,28.15,0.9,0,0.815322,18.753518,-0.185048,0
CUST_000593,37.25,40.75,970.78,7,3.5,100,0.84,34.85,1.07,0,1.09396,23.822822,0.09396,0
CUST_000708,29.95,35.53,572.23,2,5.58,205,0.91,29.68,1.18,0,1.186311,16.105545,0.186311,0
CUST_002225,30.6,28.96,492.58,5,-1.64,117,0.8,32.17,0.87,0,0.946405,17.008978,-0.053595,0
CUST_001426,19.42,16.25,343.53,7,-3.17,42,0.83,19.21,0.9,0,0.836766,21.140308,-0.163234,0
CUST_000108,32.3,36.87,561.96,7,4.57,58,0.64,34.97,1.17,0,1.141486,15.24166,0.141486,0
CUST_000150,16.81,15.87,250.13,7,-0.94,149,0.83,15.63,1.09,0,0.944081,15.761185,-0.055919,0
CUST_001993,15.49,15.2,309.11,5,-0.29,163,0.9,15.11,0.93,0,0.981278,20.336184,-0.018722,0
CUST_001450,26.24,26.38,544.28,7,0.14,87,0.85,27.65,1.16,0,1.005335,20.632297,0.005335,0
CUST_002409,34.58,36.08,734.74,7,1.49,64,0.92,33.45,0.91,0,1.043378,20.364191,0.043088,0
CUST_003098,24.27,20.46,468.78,11,-3.82,26,0.96,25.49,0.89,0,0.843016,22.912023,-0.157396,0
CUST_009530,24.4,54.61,877.09,40,30.21,234,0.14,30.0,0.9,2,2.238115,16.060978,1.238115,1
CUST_008239,17.47,5.82,100.0,19,-11.65,5,0.01,15.99,0.83,1,0.333143,17.182131,-0.666857,1
CUST_002825,16.99,17.94,381.91,3,0.94,185,0.94,15.93,1.15,0,1.055915,21.288183,0.055327,0
CUST_005499,22.2,65.03,942.15,43,42.84,220,0.35,26.33,1.17,1,2.929279,14.487929,1.92973,1
CUST_002814,34.6,28.16,676.28,8,-6.44,125,0.99,34.87,0.82,0,0.813873,24.015625,-0.186127,0
CUST_001947,15.87,18.5,434.33,2,2.63,207,0.66,15.06,1.04,0,1.165721,23.477297,0.165721,0
CUST_006512,30.18,61.33,1352.65,29,31.15,165,0.05,32.34,0.81,1,2.03214,22.055275,1.03214,1
CUST_002131,28.64,34.07,523.49,5,5.43,217,0.78,26.82,1.18,0,1.189595,15.365131,0.189595,0
CUST_009028,13.87,31.54,661.77,26,17.67,193,0.31,16.57,0.91,0,2.273973,20.981928,1.273973,1
CUST_006530,25.31,27.22,646.84,31,1.91,145,0.36,24.91,1.17,1,1.075464,23.763409,0.075464,1
CUST_000792,20.99,25.28,553.13,13,4.29,121,0.46,23.08,1.08,0,1.204383,21.880142,0.204383,0
CUST_008647,19.68,7.48,107.05,22,-12.21,135,0.13,16.6,0.95,1,0.380081,14.311497,-0.620427,1
CUST_003201,28.55,30.23,740.35,7,1.69,73,0.78,29.35,1.01,0,1.058844,24.490572,0.059194,0
CUST_009438,15.91,36.83,797.12,19,20.92,8,0.09,18.21,0.93,1,2.314896,21.643226,1.314896,1
CUST_009879,28.82,20.68,504.13,24,-8.14,11,0.02,29.52,0.93,1,0.717557,24.37766,-0.282443,1
CUST_001510,28.52,32.99,793.92,6,4.47,105,0.79,29.06,1.16,0,1.156732,24.065474,0.156732,0
CUST_001111,23.85,18.36,368.66,3,-5.49,66,0.95,21.75,0.88,0,0.769811,20.079521,-0.230189,0
CUST_003539,32.02,27.57,459.05,4,-4.45,210,0.92,34.22,0.87,0,0.861024,16.650345,-0.138976,0
CUST_002832,33.14,29.45,727.3,10,-3.69,228,0.89,34.6,0.83,0,0.888654,24.696095,-0.111346,0
CUST_001426,19.42,16.25,343.53,7,-3.17,42,0.83,19.21,0.9,0,0.836766,21.140308,-0.163234,0
CUST_004635,28.58,35.14,655.35,10,6.56,171,0.69,27.11,1.14,0,1.229531,18.649687,0.229531,0
CUST_007536,18.57,45.48,750.37,19,26.91,7,0.19,19.23,0.98,0,2.449111,16.498901,1.449111,1
CUST_008978,14.2,30.68,458.83,16,16.48,9,0.08,15.79,0.86,1,2.160563,14.955346,1.160563,1
CUST_002109,28.98,33.78,519.58,6,4.8,160,0.79,29.15,1.15,0,1.165631,15.381291,0.165631,0
CUST_000085,29.48,25.1,581.37,8,-4.38,175,0.76,29.35,0.96,0,0.851425,23.162151,-0.148575,0
CUST_002565,22.35,20.3,356.62,8,-2.04,187,0.94,21.77,0.83,0,0.908277,17.567488,-0.091275,0
CUST_006772,14.01,39.29,654.29,32,25.28,1,0.24,15.36,1.12,0,2.804425,16.652838,1.804425,1
CUST_008362,35.81,11.81,154.93,34,-23.99,4,0.33,32.36,0.82,1,0.329796,13.118544,-0.669925,1
CUST_009670,22.16,8.21,104.56,22,-13.95,137,0.03,20.35,0.93,3,0.370487,12.735688,-0.629513,1
CUST_001515,28.22,37.19,782.47,7,8.97,118,0.75,26.09,1.18,0,1.31786,21.039796,0.31786,0
CUST_002438,34.89,38.01,696.54,5,3.12,105,0.88,33.5,1.0,0,1.089424,18.325178,0.089424,0
CUST_000408,16.82,16.39,404.27,7,-0.43,142,0.91,18.17,0.99,0,0.974435,24.66565,-0.025565,0
CUST_005899,16.1,13.62,239.3,30,-2.48,2,0.04,15.64,0.81,1,0.845963,17.56975,-0.154037,1
CUST_001481,22.38,23.72,507.83,10,1.34,121,0.88,23.8,0.99,0,1.059875,21.409359,0.059875,0
CUST_002119,31.0,24.12,584.25,6,-6.88,105,0.79,30.75,0.89,0,0.778065,24.222637,-0.221935,0
CUST_006946,30.49,76.73,1239.76,26,46.24,10,0.07,31.08,1.01,1,2.516563,16.157435,1.516563,1
CUST_002804,28.46,28.84,568.27,6,0.39,191,0.95,27.64,1.13,0,1.013352,19.70423,0.013703,0
CUST_006075,17.77,35.5,781.2,42,17.73,172,0.28,19.3,1.06,1,1.997749,22.005634,0.997749,1
CUST_001028,20.86,18.3,384.25,7,-2.56,114,0.84,22.27,0.83,0,0.877277,20.997268,-0.122723,0
CUST_001222,19.12,24.63,411.01,7,5.51,231,0.74,17.52,1.14,0,1.28818,16.687373,0.28818,0
CUST_008809,17.35,6.25,103.83,17,-11.1,10,0.16,15.14,0.9,2,0.360231,16.6128,-0.639769,1
CUST_003578,30.26,27.6,622.16,8,-2.66,201,0.81,31.49,0.81,0,0.912095,22.542029,-0.087905,0
CUST_007093,20.81,7.04,100.0,38,-13.77,137,0.1,18.09,0.85,1,0.338299,14.204545,-0.661701,1
CUST_009948,30.46,27.96,491.86,52,-2.5,163,0.09,30.47,0.86,1,0.917925,17.591559,-0.082075,1
CUST_007707,18.92,53.43,1166.91,15,34.51,1,0.37,21.6,1.13,0,2.823996,21.839978,1.823996,1
CUST_006123,20.05,20.59,456.44,49,0.54,2,0.27,19.2,1.09,1,1.026933,22.168043,0.026933,1
CUST_002852,14.57,14.72,350.76,10,0.15,15,0.95,16.01,0.99,0,1.010295,23.828804,0.010295,0
CUST_002489,16.92,17.77,293.8,5,0.85,195,0.97,17.48,1.05,0,1.050236,16.533483,0.050236,0
CUST_009190,18.52,7.2,119.85,37,-11.32,10,0.04,16.8,0.97,1,0.388769,16.645833,-0.611231,1
CUST_007360,27.56,33.66,802.09,38,6.1,179,0.13,26.29,0.84,1,1.221335,23.829174,0.221335,1
CUST_006988,24.52,71.06,1314.2,19,46.55,207,0.22,26.41,1.16,2,2.898042,18.49423,1.89845,1
CUST_009942,27.97,13.09,170.07,35,-14.88,201,0.24,24.12,1.17,0,0.468001,12.992361,-0.531999,1
CUST_002942,24.99,19.99,498.15,11,-5.0,123,0.98,27.12,0.87,0,0.79992,24.91996,-0.20008,0
CUST_008073,25.49,71.98,1146.36,34,46.49,7,0.17,29.38,1.13,0,2.823852,15.926091,1.823852,1
CUST_009510,17.84,19.77,365.17,43,1.93,1,0.13,18.12,1.19,2,1.108184,18.470916,0.108184,1
CUST_004596,26.75,23.98,584.29,4,-2.77,144,0.82,25.33,0.81,0,0.896449,24.365721,-0.103551,0
CUST_000223,23.25,23.52,432.21,8,0.27,206,0.94,24.69,1.08,0,1.011613,18.376276,0.011613,0
CUST_001183,22.36,19.56,382.0,8,-2.8,173,0.68,24.32,0.87,0,0.874776,19.529652,-0.125224,0
CUST_003612,28.62,30.0,454.24,10,1.38,214,0.72,27.8,0.92,0,1.048218,15.141333,0.048218,0
CUST_003870,20.27,18.77,322.07,7,-1.51,38,0.94,19.73,0.93,0,0.925999,17.158764,-0.074494,0
CUST_003762,28.33,26.29,480.41,4,-2.03,209,0.57,30.43,0.86,0,0.927992,18.273488,-0.071655,0
CUST_000138,27.13,24.46,551.46,6,-2.67,75,0.72,26.86,1.04,0,0.901585,22.54538,-0.098415,0
CUST_007792,32.96,36.95,639.4,58,3.99,2,0.22,33.45,1.04,1,1.121056,17.304465,0.121056,1
CUST_009498,21.68,8.68,100.0,38,-13.0,228,0.05,18.95,1.0,2,0.400369,11.520737,-0.599631,1
CUST_003870,20.27,18.77,322.07,7,-1.51,38,0.94,19.73,0.93,0,0.925999,17.158764,-0.074494,0
CUST_000768,24.32,18.84,305.52,6,-5.48,42,0.98,22.92,0.91,0,0.774671,16.216561,-0.225329,0
CUST_001632,16.57,13.32,313.67,9,-3.25,199,0.55,16.84,0.88,0,0.803862,23.548799,-0.196138,0
CUST_005525,30.77,41.04,841.35,36,10.28,10,0.39,31.25,0.91,3,1.333767,20.500731,0.334092,1
CUST_001466,14.55,17.35,261.29,5,2.8,58,0.79,15.22,1.15,0,1.19244,15.059942,0.19244,0
CUST_005493,15.05,44.5,929.12,25,29.45,238,0.09,15.65,1.18,1,2.956811,20.879101,1.956811,1
CUST_008658,29.88,16.44,256.39,30,-13.43,141,0.02,28.57,1.03,1,0.550201,15.595499,-0.449465,1
CUST_009801,29.6,11.68,160.3,44,-17.92,194,0.23,26.97,0.99,2,0.394595,13.724315,-0.605405,1
CUST_006465,24.52,55.02,1141.93,17,30.51,189,0.25,25.85,0.9,0,2.243883,20.754816,1.24429,1
CUST_006267,12.65,31.45,676.7,23,18.8,150,0.25,15.27,0.99,0,2.486166,21.516693,1.486166,1
CUST_007729,19.26,53.76,793.59,18,34.5,9,0.15,19.94,1.12,0,2.791277,14.761719,1.791277,1
CUST_008531,33.88,12.15,155.21,37,-21.73,197,0.03,32.64,0.9,2,0.358619,12.774486,-0.641381,1
CUST_000161,17.64,16.9,376.83,5,-0.73,106,0.84,17.56,1.11,1,0.95805,22.297633,-0.041383,0
CUST_003458,22.61,23.92,367.81,11,1.32,157,0.88,22.84,1.05,0,1.057939,15.376672,0.058381,0
CUST_002274,29.06,25.08,405.55,10,-3.98,89,0.8,31.6,0.9,0,0.863042,16.170255,-0.136958,0
CUST_008845,37.51,17.51,202.26,25,-20.0,237,0.09,31.91,1.17,3,0.466809,11.551114,-0.533191,1
CUST_002672,26.13,24.65,548.72,5,-1.48,68,0.97,24.41,1.05,0,0.94336,22.260446,-0.05664,0
CUST_002021,23.62,27.88,562.01,7,4.26,200,0.88,25.29,1.04,0,1.180356,20.158178,0.180356,0
CUST_005888,14.26,12.76,222.18,20,-1.51,6,0.07,15.2,1.06,0,0.894811,17.412226,-0.105891,1
CUST_002584,29.76,24.95,607.11,7,-4.81,239,0.91,28.41,0.98,0,0.838374,24.333066,-0.161626,0
CUST_008933,31.14,11.47,144.85,17,-19.68,3,0.17,26.6,0.92,1,0.368337,12.628596,-0.631985,1
CUST_002675,27.89,27.01,565.87,10,-0.88,81,0.98,26.16,0.95,0,0.968447,20.950389,-0.031553,0
CUST_006621,40.54,15.78,175.58,36,-24.76,204,0.26,31.21,0.97,0,0.389245,11.126743,-0.610755,1
CUST_002793,17.28,17.48,385.08,8,0.2,175,0.77,17.23,0.98,0,1.011574,22.029748,0.011574,0
CUST_001512,28.27,26.44,641.06,8,-1.83,56,0.86,30.92,0.93,0,0.935267,24.24584,-0.064733,0
CUST_002756,17.39,18.5,332.1,8,1.11,228,0.53,16.43,1.06,0,1.06383,17.951351,0.06383,0
CUST_001694,30.67,37.73,685.36,6,7.06,128,0.85,33.97,1.18,0,1.230192,18.164856,0.230192,0
CUST_004590,33.68,37.69,594.3,5,4.01,212,0.9,34.35,1.09,0,1.119062,15.768108,0.119062,0
CUST_000331,18.23,20.4,433.09,5,2.17,231,0.69,18.85,0.99,0,1.119035,21.229902,0.119035,0
CUST_002684,24.21,22.8,364.26,7,-1.41,238,0.97,24.58,1.09,0,0.94176,15.976316,-0.05824,0
CUST_003627,24.31,24.06,409.52,7,-0.25,236,0.95,25.25,0.89,0,0.989716,17.020781,-0.010284,0
CUST_001233,30.46,30.22,523.62,9,-0.24,35,0.79,28.06,0.87,1,0.992121,17.326936,-0.007879,0
CUST_006090,15.76,30.83,486.48,37,15.07,193,0.04,15.59,0.96,2,1.956218,15.779436,0.956218,1
CUST_006881,44.05,17.14,294.32,25,-26.9,177,0.1,34.48,0.97,1,0.389103,17.171529,-0.61067,1
CUST_009013,35.28,13.62,236.61,26,-21.67,11,0.23,34.37,0.96,0,0.386054,17.372247,-0.614229,1
CUST_003527,25.48,27.92,554.8,11,2.44,211,0.67,25.63,1.13,0,1.095761,19.87106,0.095761,0
CUST_001470,33.07,43.76,920.39,6,10.68,48,0.89,31.96,1.2,0,1.323254,21.032678,0.322951,0
CUST_006526,30.97,77.49,1623.31,22,46.52,6,0.33,33.3,1.0,1,2.502099,20.948639,1.502099,1
CUST_000048,21.08,22.15,499.11,7,1.07,222,0.71,21.99,0.99,0,1.050759,22.533183,0.050759,0
CUST_001267,24.26,23.95,470.09,4,-0.31,156,0.87,22.77,1.04,0,0.987222,19.627975,-0.012778,0
CUST_001695,26.25,28.79,436.65,8,2.54,44,0.92,25.44,1.01,0,1.096762,15.166725,0.096762,0
CUST_003301,24.49,31.82,727.65,6,7.34,158,0.99,23.93,1.19,0,1.299306,22.867693,0.299714,0
CUST_009144,27.73,74.76,1607.31,28,47.03,5,0.04,29.5,1.08,1,2.695997,21.499599,1.695997,1
CUST_004328,15.15,14.29,261.22,10,-0.86,55,0.97,16.16,0.96,0,0.943234,18.279916,-0.056766,0
CUST_009588,26.61,63.03,1380.79,15,36.42,205,0.32,30.57,0.95,1,2.368658,21.90687,1.368658,1
CUST_001223,30.76,30.04,730.49,4,-0.72,72,0.77,28.76,1.11,0,0.976593,24.317244,-0.023407,0
CUST_004385,24.94,24.14,434.42,5,-0.79,211,0.8,27.35,0.97,0,0.967923,17.995857,-0.031676,0
CUST_009582,20.71,22.24,383.58,47,1.53,154,0.14,22.26,1.15,1,1.073877,17.247302,0.073877,1
CUST_005060,26.66,10.11,174.6,34,-16.55,203,0.12,21.21,0.95,2,0.37922,17.27003,-0.62078,1
CUST_001476,26.67,31.86,730.66,3,5.19,56,0.64,29.45,1.04,0,1.194601,22.933459,0.194601,0
CUST_009231,17.1,40.12,549.1,34,23.02,178,0.08,18.48,0.94,0,2.346199,13.686441,1.346199,1
CUST_004752,21.05,20.14,429.71,4,-0.9,63,0.98,20.66,1.0,0,0.95677,21.336147,-0.042755,0
CUST_004566,31.56,29.48,577.13,12,-2.08,211,0.76,34.12,0.86,0,0.934094,19.577001,-0.065906,0
CUST_002622,18.39,21.52,423.96,4,3.13,166,0.59,19.46,1.1,0,1.170201,19.700743,0.170201,0
CUST_002880,28.64,32.04,514.4,3,3.4,40,0.98,29.77,1.09,1,1.118715,16.054931,0.118715,0
CUST_008979,31.0,13.58,206.49,36,-17.42,142,0.08,26.43,1.1,1,0.438065,15.205449,-0.561935,1
CUST_009376,36.38,33.26,637.55,41,-3.12,4,0.01,34.65,1.01,1,0.914239,19.168671,-0.085761,1
CUST_004055,23.43,17.3,269.54,6,-6.14,42,0.82,24.41,0.8,0,0.73837,15.580347,-0.262057,0
CUST_007331,19.02,42.14,731.72,29,23.12,166,0.19,21.7,0.89,1,2.215563,17.364025,1.215563,1
CUST_003321,23.67,24.33,501.25,8,0.67,95,0.95,22.01,1.08,0,1.027883,20.602137,0.028306,0
CUST_007284,29.02,70.13,1395.51,31,41.12,148,0.02,30.01,0.97,2,2.416609,19.898902,1.416954,1
CUST_003826,24.17,25.41,509.38,5,1.24,182,0.59,22.6,1.14,0,1.051303,20.046438,0.051303,0
CUST_007688,17.79,23.12,513.6,37,5.34,139,0.08,19.14,1.04,0,1.299607,22.214533,0.300169,1
CUST_003540,27.2,22.35,433.11,4,-4.85,215,0.78,25.71,0.92,0,0.821691,19.378523,-0.178309,0
CUST_006585,19.99,7.18,119.35,15,-12.82,200,0.03,16.74,0.9,0,0.35918,16.622563,-0.641321,1
CUST_002661,24.32,24.76,399.79,9,0.45,222,0.54,23.74,0.9,0,1.018092,16.146607,0.018503,0
CUST_005470,41.67,16.9,221.43,32,-24.77,220,0.02,33.12,1.01,1,0.405568,13.102367,-0.594432,1
CUST_001758,27.5,23.64,464.65,4,-3.86,146,0.95,26.84,0.86,0,0.859636,19.655245,-0.140364,0
CUST_004839,17.09,20.11,464.01,10,3.02,79,0.34,16.72,1.07,0,1.176712,23.073595,0.176712,0
CUST_001249,16.71,16.24,264.49,6,-0.46,12,0.96,17.62,1.12,0,0.971873,16.28633,-0.027528,0
CUST_003605,30.35,25.45,624.09,4,-4.9,153,0.81,29.56,0.84,0,0.83855,24.5222,-0.16145,0
CUST_004106,26.41,30.05,672.13,5,3.64,101,0.76,27.52,1.0,0,1.137827,22.367055,0.137827,0
CUST_008866,26.36,10.14,132.4,36,-16.22,138,0.26,23.6,0.96,1,0.384674,13.057199,-0.615326,1
CUST_001381,19.64,16.33,302.61,8,-3.3,81,0.96,21.08,0.95,1,0.831466,18.530925,-0.168024,0
CUST_009755,28.05,35.43,774.99,40,7.38,10,0.21,28.26,1.12,3,1.263102,21.873836,0.263102,1
CUST_003215,21.09,24.06,562.63,12,2.97,164,0.86,21.37,1.09,0,1.140825,23.384456,0.140825,0
CUST_003833,23.25,22.72,493.31,3,-0.53,113,0.87,22.35,1.03,0,0.977204,21.712588,-0.022796,0
CUST_003545,28.33,29.54,599.66,4,1.21,34,0.99,30.4,0.91,0,1.042711,20.299932,0.042711,0
CUST_007767,24.07,21.84,366.51,44,-2.23,172,0.08,24.17,0.97,0,0.907354,16.781593,-0.092646,1
CUST_001242,15.98,15.09,376.85,12,-0.89,226,0.91,17.14,1.11,0,0.944305,24.973492,-0.055695,0
CUST_001263,25.12,24.19,501.38,4,-0.93,235,0.43,26.99,1.0,0,0.962978,20.726747,-0.037022,0
CUST_000310,29.15,24.97,517.49,9,-4.18,105,0.76,28.34,0.91,0,0.856604,20.724469,-0.143396,0
CUST_000008,19.92,22.13,369.23,6,2.22,103,0.82,22.13,1.16,0,1.110944,16.684591,0.111446,0
CUST_000515,26.45,26.58,542.52,7,0.13,21,0.93,27.67,1.12,0,1.004915,20.410835,0.004915,0
CUST_008997,29.62,51.95,1014.1,42,22.34,170,0.56,30.6,0.93,3,1.753883,19.520693,0.75422,1
CUST_001116,21.76,21.15,346.07,6,-0.61,230,0.93,21.07,0.98,0,0.971967,16.362648,-0.028033,0
CUST_004615,27.97,21.85,420.0,6,-6.12,125,0.44,30.83,0.81,0,0.781194,19.221968,-0.218806,0
CUST_000359,15.59,16.5,403.78,7,0.91,111,0.88,15.96,0.94,0,1.058371,24.471515,0.058371,0
CUST_003907,15.41,15.55,299.83,8,0.13,112,0.73,16.77,1.11,0,1.009085,19.281672,0.008436,0
CUST_001622,24.06,26.61,489.89,8,2.55,39,0.85,23.55,1.09,0,1.105985,18.409996,0.105985,0
CUST_004153,31.81,31.17,569.5,5,-0.64,68,0.66,30.14,1.02,0,0.979881,18.270773,-0.020119,0
CUST_003640,28.35,27.38,675.01,5,-0.97,99,0.98,29.65,1.07,0,0.965785,24.653397,-0.034215,0
CUST_002677,30.21,28.67,597.78,5,-1.54,238,0.7,30.9,0.91,0,0.949024,20.850366,-0.050976,0
CUST_001415,34.76,31.09,714.27,7,-3.67,161,0.94,33.75,0.83,0,0.894419,22.974268,-0.105581,0
CUST_001854,32.75,28.54,527.77,6,-4.21,195,0.92,31.2,0.89,0,0.87145,18.492292,-0.12855,0
CUST_006681,36.51,12.25,133.96,39,-24.26,209,0.05,28.94,0.84,1,0.335525,10.93551,-0.664475,1
CUST_009574,29.63,34.55,728.21,39,4.92,139,0.01,32.03,1.15,1,1.166048,21.07699,0.166048,1
CUST_004512,29.97,22.01,518.01,6,-7.96,164,0.85,32.89,0.83,0,0.734401,23.535211,-0.265599,0
CUST_001720,14.02,12.99,224.37,9,-1.03,206,0.87,15.53,0.87,0,0.926534,17.272517,-0.073466,0
CUST_002006,26.66,26.78,565.21,5,0.12,203,0.91,29.51,0.99,0,1.004501,21.105676,0.004501,0
CUST_001096,30.04,31.37,590.06,7,1.33,191,0.76,31.67,1.03,0,1.044274,18.809691,0.044274,0
CUST_000984,31.97,29.35,613.4,11,-2.62,133,0.61,34.77,0.83,0,0.918048,20.899489,-0.081952,0
CUST_004904,30.06,29.98,553.83,8,-0.09,184,0.95,32.84,0.95,0,0.997339,18.473316,-0.002994,0
CUST_005594,28.35,13.39,174.61,23,-14.96,8,0.11,24.14,1.18,1,0.47231,13.040329,-0.52769,1
CUST_009826,22.5,59.08,1142.01,20,36.59,8,0.17,27.44,1.05,3,2.625778,19.329892,1.626222,1
CUST_004691,35.37,36.46,877.86,7,1.09,46,0.77,33.08,1.0,0,1.030817,24.077345,0.030817,0
CUST_004383,32.74,31.47,741.12,11,-1.27,145,0.9,31.43,0.88,0,0.96121,23.550048,-0.03879,0
CUST_004760,36.45,33.59,532.0,5,-2.86,68,0.98,33.62,0.87,0,0.921536,15.838047,-0.078464,0
CUST_009787,21.43,51.89,1044.92,44,30.47,121,0.3,21.04,1.07,0,2.421372,20.137213,1.421839,1
CUST_001399,20.45,19.32,475.46,8,-1.14,181,0.62,20.39,1.02,1,0.944743,24.609731,-0.055746,0
CUST_001641,24.13,17.16,323.76,6,-6.97,75,0.97,26.42,0.82,0,0.711148,18.867133,-0.288852,0
CUST_008804,29.47,30.54,511.01,39,1.07,122,0.02,31.36,1.06,3,1.036308,16.732482,0.036308,1
CUST_008148,39.67,18.35,302.56,42,-21.32,1,0.05,34.35,1.16,2,0.462566,16.488283,-0.537434,1
CUST_001118,31.2,24.27,572.36,6,-6.93,179,0.66,30.71,0.84,0,0.777885,23.583024,-0.222115,0
CUST_000306,17.76,17.91,287.38,9,0.15,51,0.42,16.83,1.1,0,1.008446,16.045784,0.008446,0
CUST_002850,18.87,19.28,338.46,3,0.41,228,0.99,19.36,1.09,0,1.021728,17.554979,0.021728,0
CUST_001479,20.94,22.4,415.98,6,1.46,108,0.94,21.4,1.09,0,1.069723,18.570536,0.069723,0
CUST_006483,28.35,29.1,653.89,37,0.75,155,0.09,30.62,0.93,2,1.026455,22.470447,0.026455,1
CUST_005870,23.06,9.17,139.15,15,-13.89,141,0.12,18.3,0.99,1,0.397658,15.174482,-0.602342,1
CUST_002202,34.23,41.12,953.27,10,6.89,190,0.82,33.61,1.12,0,1.201285,23.182636,0.201285,0
CUST_002372,30.59,32.85,622.27,9,2.26,24,0.96,32.75,1.14,0,1.07388,18.94277,0.07388,0
CUST_000701,28.71,25.6,391.37,9,-3.12,124,0.98,27.98,0.83,0,0.891675,15.287891,-0.108673,0
CUST_002221,31.72,27.66,664.9,10,-4.05,109,0.62,32.47,0.97,0,0.872005,24.038322,-0.12768,0
CUST_003191,21.95,17.39,420.68,4,-4.56,97,0.84,20.16,0.83,0,0.792255,24.190914,-0.207745,0
CUST_002792,25.63,19.53,303.9,4,-6.1,203,0.96,23.64,0.82,0,0.761998,15.560676,-0.238002,0
CUST_008794,26.36,71.05,1000.77,43,44.69,221,0.57,26.56,1.08,0,2.695372,14.085433,1.695372,1
CUST_004071,18.98,20.96,427.34,3,1.98,137,0.49,17.63,1.14,0,1.10432,20.388359,0.10432,0
CUST_000371,23.56,27.42,547.78,6,3.87,50,0.99,23.76,1.13,0,1.163837,19.977389,0.164261,0
CUST_003143,18.3,22.32,372.57,5,4.02,171,0.78,17.14,1.16,0,1.219672,16.692204,0.219672,0
CUST_000713,17.44,18.43,326.41,7,0.99,154,0.86,18.91,1.11,0,1.056766,17.710798,0.056766,0
CUST_002818,17.17,14.85,287.19,6,-2.31,24,0.9,18.43,0.84,0,0.864881,19.339394,-0.134537,0
CUST_006430,31.08,11.98,193.25,28,-19.1,7,0.11,26.94,0.96,0,0.385457,16.131052,-0.614543,1
CUST_008812,20.1,15.57,382.3,44,-4.53,3,0.08,20.07,0.83,2,0.774627,24.553629,-0.225373,1
CUST_000816,32.72,30.98,566.94,11,-1.75,225,0.79,30.74,0.93,0,0.946822,18.300194,-0.053484,0
CUST_002955,16.2,13.43,206.43,5,-2.77,143,0.91,15.71,0.89,0,0.829012,15.370812,-0.170988,0
CUST_003599,20.06,19.93,409.77,5,-0.13,117,0.89,18.84,1.16,0,0.993519,20.560462,-0.006481,0
CUST_001962,14.14,12.49,248.56,6,-1.65,231,0.63,15.67,0.92,0,0.88331,19.900721,-0.11669,0
CUST_006571,21.53,9.81,153.41,26,-11.72,196,0.21,19.23,1.14,1,0.455643,15.638124,-0.544357,1
CUST_007872,36.49,51.65,1088.32,19,15.16,213,0.15,34.88,0.95,2,1.415456,21.071055,0.415456,1
CUST_003313,16.16,13.24,304.9,7,-2.92,29,0.99,17.21,0.81,0,0.819307,23.028701,-0.180693,0
CUST_001297,23.13,18.69,349.44,4,-4.44,144,0.62,23.44,0.94,0,0.808042,18.696629,-0.191958,0
CUST_006900,14.55,36.16,622.76,15,21.61,8,0.02,15.8,1.11,0,2.485223,17.222345,1.485223,1
CUST_003710,15.43,13.37,308.24,11,-2.05,17,0.96,16.94,0.89,0,0.866494,23.0546,-0.132858,0
CUST_002379,34.03,39.59,787.53,3,5.57,98,0.75,34.87,1.15,0,1.163385,19.892144,0.163679,0
CUST_009058,31.41,73.16,1377.4,39,41.76,10,0.02,31.65,0.93,1,2.329195,18.827228,1.329513,1
CUST_003444,24.74,32.73,626.14,6,7.99,81,0.69,22.69,1.18,0,1.322959,19.130461,0.322959,0
CUST_002053,22.33,20.56,426.87,10,-1.77,227,0.97,21.75,0.91,0,0.920734,20.76216,-0.079266,0
CUST_002298,19.44,17.2,270.06,4,-2.23,234,0.98,21.34,1.0,0,0.884774,15.701163,-0.114712,0
CUST_000241,36.15,27.31,573.4,4,-8.84,23,0.97,34.01,0.81,0,0.755463,20.995972,-0.244537,0
CUST_006322,24.7,50.27,856.5,28,25.57,192,0.27,28.71,0.81,1,2.035223,17.037995,1.035223,1
CUST_002005,27.81,22.72,481.22,8,-5.09,235,0.98,26.59,0.87,0,0.816972,21.180458,-0.183028,0
CUST_002987,23.6,26.12,433.23,5,2.52,143,0.84,24.72,1.13,0,1.10678,16.586141,0.10678,0
CUST_003494,18.63,15.84,333.69,9,-2.79,38,0.9,17.74,0.91,0,0.850242,21.066288,-0.149758,0
CUST_006619,34.54,38.22,643.34,39,3.68,199,0.13,31.68,1.15,0,1.106543,16.832548,0.106543,1
CUST_003587,19.54,22.14,529.93,13,2.6,142,0.89,20.98,1.11,0,1.13306,23.935411,0.13306,0
CUST_004583,32.76,27.2,469.65,10,-5.56,202,0.96,31.94,0.91,0,0.830281,17.266544,-0.169719,0
CUST_004743,25.07,19.88,368.01,7,-5.19,43,0.63,24.91,0.9,0,0.79298,18.511569,-0.20702,0
CUST_009703,36.21,12.34,131.17,37,-23.87,10,0.28,34.74,0.85,0,0.34079,10.62966,-0.65921,1
CUST_009805,21.27,7.7,133.24,23,-13.56,8,0.04,18.91,0.91,2,0.362012,17.303896,-0.637518,1
CUST_004688,31.95,41.9,797.24,8,9.95,160,0.88,32.24,1.19,0,1.311424,19.027208,0.311424,0
CUST_005977,39.2,15.94,191.98,29,-23.26,9,0.46,34.34,1.02,0,0.406633,12.043915,-0.593367,1
CUST_003081,28.07,25.8,586.88,5,-2.27,174,0.95,30.81,0.99,0,0.919131,22.747287,-0.080869,0
CUST_004065,20.0,19.92,374.68,6,-0.08,177,0.9,19.98,1.03,1,0.996,18.809237,-0.004,0
CUST_005415,24.41,10.21,120.69,33,-14.19,3,0.32,21.78,1.05,1,0.418271,11.820764,-0.581319,1
CUST_004615,27.97,21.85,420.0,6,-6.12,125,0.44,30.83,0.81,0,0.781194,19.221968,-0.218806,0
CUST_003765,33.28,34.07,651.64,8,0.79,238,0.94,30.8,1.02,1,1.023738,19.126504,0.023738,0
CUST_007146,23.88,51.87,1032.65,15,27.99,163,0.05,27.4,0.87,0,2.172111,19.908425,1.172111,1
CUST_001539,25.88,20.64,341.4,8,-5.24,39,0.86,26.6,0.93,1,0.797527,16.540698,-0.202473,0
CUST_002574,21.58,21.76,396.89,8,0.18,171,1.0,22.08,1.14,0,1.008341,18.23943,0.008341,0
CUST_002976,31.35,34.04,681.78,6,2.68,100,0.86,31.26,0.97,0,1.085805,20.02879,0.085486,0
CUST_002647,19.16,15.91,384.4,5,-3.26,71,0.79,18.13,0.91,0,0.830376,24.160905,-0.170146,0
CUST_000063,22.81,20.98,461.11,14,-1.82,187,0.72,24.92,0.83,0,0.919772,21.978551,-0.07979,0
CUST_005774,25.79,70.21,1425.48,25,44.42,2,0.23,27.94,1.09,3,2.722373,20.303091,1.722373,1
CUST_000125,24.09,24.95,470.28,7,0.87,98,0.85,23.61,0.93,0,1.035699,18.848898,0.036115,0
CUST_008198,30.38,82.97,1467.35,34,52.6,145,0.38,31.07,1.09,1,2.731073,17.685308,1.731402,1
CUST_004744,25.95,25.33,569.65,7,-0.62,42,0.91,27.15,1.09,0,0.976108,22.489143,-0.023892,0
CUST_001807,16.57,15.34,308.07,9,-1.23,136,0.92,16.59,0.9,0,0.925769,20.08279,-0.074231,0
CUST_006427,30.31,11.58,184.71,26,-18.74,169,0.13,27.03,0.95,0,0.382052,15.950777,-0.618278,1
CUST_009458,28.64,26.43,608.11,51,-2.21,10,0.04,28.58,0.94,2,0.922835,23.008324,-0.077165,1
CUST_009782,29.97,73.68,1470.82,43,43.71,1,0.28,32.8,0.98,3,2.458458,19.962269,1.458458,1
CUST_006086,31.48,87.8,1815.14,21,56.32,2,0.03,33.04,1.12,1,2.789072,20.673576,1.789072,1
CUST_003093,23.18,24.79,513.83,11,1.62,185,0.9,24.56,1.06,0,1.069456,20.727309,0.069888,0
CUST_000482,32.77,37.58,628.3,7,4.81,150,0.81,30.36,1.18,0,1.146781,16.718999,0.146781,0
CUST_002168,19.95,19.22,440.96,7,-0.73,186,0.75,20.15,0.88,0,0.963409,22.942768,-0.036591,0
CUST_003106,14.85,12.7,302.33,7,-2.15,54,0.95,16.27,0.94,0,0.855219,23.805512,-0.144781,0
CUST_007742,24.54,10.2,141.38,29,-14.34,8,0.05,23.18,1.04,1,0.415648,13.860784,-0.584352,1
CUST_002029,23.32,31.02,502.16,6,7.7,30,0.98,24.55,1.18,0,1.330189,16.188266,0.330189,0
CUST_006341,25.97,73.28,1199.28,21,47.31,168,0.31,28.43,1.13,0,2.821717,16.365721,1.821717,1
CUST_003301,24.49,31.82,727.65,6,7.34,158,0.99,23.93,1.19,0,1.299306,22.867693,0.299714,0
CUST_000801,24.92,23.55,380.8,5,-1.37,194,0.74,26.02,0.88,0,0.945024,16.169851,-0.054976,0
CUST_008541,33.55,12.21,152.29,38,-21.34,174,0.01,32.52,0.91,0,0.363934,12.472563,-0.636066,1
CUST_002109,28.98,33.78,519.58,6,4.8,160,0.79,29.15,1.15,0,1.165631,15.381291,0.165631,0
CUST_002603,21.76,19.89,456.17,7,-1.87,157,0.65,20.63,1.0,0,0.914062,22.934641,-0.085937,0
CUST_001005,15.05,14.71,285.85,9,-0.34,30,0.78,16.22,1.14,0,0.977409,19.432359,-0.022591,0
CUST_007205,30.45,14.52,245.08,27,-15.93,120,0.42,29.57,1.19,1,0.476847,16.878788,-0.523153,1
CUST_008323,32.92,31.55,512.9,51,-1.37,11,0.31,33.98,1.01,1,0.958384,16.256735,-0.041616,1
CUST_007986,15.52,24.8,492.37,28,9.28,173,0.1,15.54,1.16,1,1.597938,19.853629,0.597938,1
CUST_006213,26.04,69.14,1343.98,28,43.11,8,0.29,27.21,1.06,2,2.655146,19.438531,1.65553,1
CUST_001873,25.58,21.75,409.83,3,-3.83,68,0.94,25.56,0.91,0,0.850274,18.842759,-0.149726,0
CUST_002382,15.75,16.61,413.1,7,0.86,111,0.73,15.1,0.94,0,1.054603,24.87056,0.054603,0
CUST_009723,28.76,57.79,817.48,39,29.03,7,0.14,33.64,0.8,1,2.009388,14.1457,1.009388,1
CUST_001345,26.51,25.72,452.11,6,-0.79,135,0.87,26.2,1.04,0,0.9702,17.578149,-0.0298,0
CUST_006117,19.28,56.66,877.33,16,37.37,4,0.03,20.19,1.18,0,2.938797,15.484116,1.938278,1
CUST_001618,23.67,27.41,430.14,11,3.73,16,0.99,22.43,1.12,0,1.158006,15.692813,0.157583,0
CUST_002049,16.88,20.23,337.99,4,3.36,180,1.0,17.27,1.15,0,1.19846,16.707365,0.199052,0
CUST_005677,36.16,14.52,233.52,16,-21.64,10,0.0,30.71,1.0,1,0.401549,16.082645,-0.598451,1
CUST_003311,22.66,23.19,465.55,10,0.53,107,1.0,25.17,0.9,0,1.023389,20.075464,0.023389,0
CUST_000490,28.4,29.21,474.1,9,0.81,238,0.96,28.36,1.16,0,1.028521,16.230743,0.028521,0
CUST_009543,25.44,10.41,168.75,23,-15.03,3,0.08,25.11,1.02,2,0.409198,16.210375,-0.590802,1
CUST_002856,32.26,36.76,775.91,8,4.51,92,1.0,30.5,1.14,0,1.139492,21.107454,0.139802,0
CUST_001016,22.44,16.07,374.53,4,-6.37,104,0.98,22.17,0.81,0,0.716132,23.306161,-0.283868,0
CUST_000305,21.64,17.74,313.4,7,-3.9,149,0.85,20.79,0.9,0,0.819778,17.666291,-0.180222,0
CUST_002003,24.63,20.87,366.83,11,-3.76,191,0.82,22.57,0.89,0,0.847341,17.576905,-0.152659,0
CUST_002505,21.18,23.29,537.43,6,2.11,33,0.98,21.61,1.02,0,1.099622,23.075569,0.099622,0
CUST_006807,13.58,37.26,682.18,25,23.67,4,0.17,16.97,1.1,0,2.743741,18.308642,1.743004,1
CUST_000774,32.64,32.51,567.86,7,-0.12,158,0.97,32.12,0.89,0,0.996017,17.467241,-0.003676,0
CUST_000249,22.75,20.7,324.8,8,-2.05,96,0.93,23.68,0.85,0,0.90989,15.690821,-0.09011,0
CUST_001250,23.89,22.18,541.01,7,-1.71,176,0.58,26.07,0.83,0,0.928422,24.391794,-0.071578,0
CUST_001811,21.9,22.75,518.98,7,0.85,23,0.91,22.98,1.13,0,1.038813,22.812308,0.038813,0
CUST_005426,18.64,39.91,568.5,26,21.27,222,0.17,19.94,0.86,2,2.141094,14.24455,1.141094,1
CUST_000653,27.96,27.78,428.56,5,-0.18,30,0.82,29.17,1.05,0,0.993562,15.426926,-0.006438,0
CUST_002581,24.85,26.51,604.96,6,1.65,167,0.81,24.67,1.09,0,1.066801,22.820068,0.066398,0
CUST_006923,24.78,9.08,136.97,39,-15.7,205,0.06,21.32,0.92,0,0.366425,15.084802,-0.633575,1
CUST_009382,23.68,52.91,852.8,30,29.22,3,0.13,27.53,0.89,2,2.234375,16.117936,1.233953,1
CUST_008789,28.65,81.68,1120.34,20,53.03,233,0.08,31.22,1.14,0,2.85096,13.71621,1.85096,1
CUST_001024,20.0,22.3,445.77,3,2.3,101,0.97,19.38,1.09,0,1.115,19.989686,0.115,0
CUST_004894,35.86,36.52,832.54,6,0.65,142,0.78,34.74,1.14,0,1.018405,22.796824,0.018126,0
CUST_008196,25.42,11.28,196.21,40,-14.14,11,0.16,21.7,1.11,0,0.443745,17.394504,-0.556255,1
CUST_009614,19.81,45.33,868.69,26,25.51,220,0.07,20.31,0.97,3,2.288238,19.163689,1.287733,1
CUST_006965,20.21,6.67,100.0,29,-13.54,11,0.03,15.78,0.83,1,0.330035,14.992504,-0.669965,1
CUST_003786,19.72,19.29,299.42,2,-0.43,28,0.44,20.32,1.12,0,0.978195,15.522032,-0.021805,0
CUST_003759,34.14,32.64,593.38,5,-1.5,41,0.56,32.5,1.12,0,0.956063,18.179534,-0.043937,0
CUST_000980,19.46,24.36,605.68,8,4.9,24,1.0,20.01,1.14,0,1.251799,24.863711,0.251799,0
CUST_000449,25.61,21.43,473.01,8,-4.18,119,0.67,27.84,0.9,0,0.836783,22.072329,-0.163217,0
CUST_001491,36.1,30.32,610.97,8,-5.78,113,0.95,34.99,0.88,0,0.839889,20.150726,-0.160111,0
CUST_006094,24.24,70.17,1341.03,41,45.94,217,0.12,25.93,1.16,1,2.894802,19.111159,1.895215,1
CUST_001260,33.64,35.66,714.99,4,2.02,135,0.75,30.59,1.03,0,1.060048,20.050196,0.060048,0
CUST_004352,28.17,28.64,556.98,5,0.48,182,0.6,27.45,1.08,0,1.016684,19.447626,0.017039,0
CUST_000400,29.38,25.13,618.78,9,-4.24,112,0.84,29.74,0.83,0,0.855344,24.62316,-0.144316,0
CUST_004733,25.97,19.6,375.21,13,-6.37,192,0.91,25.3,0.87,0,0.754717,19.143367,-0.245283,0
CUST_001572,34.25,28.28,430.71,4,-5.97,98,0.69,31.15,0.85,0,0.825693,15.230198,-0.174307,0
CUST_007394,26.28,62.11,914.88,20,35.83,201,0.08,31.84,0.95,1,2.363394,14.729995,1.363394,1
CUST_005215,32.21,10.38,154.64,24,-21.83,2,0.33,29.23,0.81,1,0.32226,14.897881,-0.67774,1
CUST_009375,38.64,17.25,221.29,15,-21.39,4,0.3,33.48,1.12,0,0.446429,12.828406,-0.553571,1
CUST_005709,18.14,9.14,196.83,41,-9.0,197,0.22,19.17,1.16,0,0.503859,21.535011,-0.496141,1
CUST_006195,43.77,17.81,214.57,17,-25.96,3,0.41,34.91,1.02,1,0.4069,12.047726,-0.5931,1
CUST_005201,32.44,78.65,1941.26,17,46.21,3,0.02,34.44,0.96,0,2.424476,24.682263,1.424476,1
CUST_001179,23.06,22.6,451.48,5,-0.46,175,0.78,24.61,1.14,0,0.980052,19.976991,-0.019948,0
CUST_009798,22.47,53.39,1214.48,35,30.92,5,0.02,23.83,1.19,1,2.376057,22.747331,1.376057,1
CUST_003537,29.21,29.16,663.84,3,-0.05,62,0.86,28.12,1.12,0,0.998288,22.765432,-0.001712,0
CUST_002828,27.57,26.57,590.28,6,-1.01,214,0.88,26.71,1.12,0,0.963729,22.216033,-0.036634,0
CUST_008430,35.22,15.18,222.02,44,-20.04,143,0.38,27.75,1.08,1,0.431005,14.625823,-0.568995,1
CUST_006492,17.26,40.26,839.9,31,23.0,8,0.03,18.91,0.93,2,2.332561,20.861898,1.332561,1
CUST_003554,36.25,36.43,591.4,4,0.17,155,0.99,34.38,0.99,0,1.004966,16.233873,0.00469,0
CUST_004544,31.03,34.7,621.23,3,3.67,109,0.63,28.68,1.14,0,1.118273,17.902882,0.118273,0
CUST_003154,34.0,35.83,752.39,2,1.83,202,0.68,31.16,1.12,0,1.053824,20.998884,0.053824,0
CUST_004930,23.24,25.42,391.95,5,2.18,117,0.86,22.8,1.02,0,1.093804,15.418961,0.093804,0
CUST_003153,25.84,24.25,585.21,14,-1.58,158,0.89,24.06,0.95,0,0.938467,24.132371,-0.061146,0
CUST_003128,20.19,25.11,437.09,15,4.93,183,0.63,18.46,1.12,0,1.243685,17.407009,0.24418,0
CUST_006769,18.38,21.58,480.73,44,3.2,179,0.06,16.9,0.96,1,1.174102,22.276645,0.174102,1
CUST_004488,33.23,30.68,573.59,7,-2.54,102,0.96,34.74,0.88,0,0.923262,18.695893,-0.076437,0
CUST_009374,32.83,10.73,128.37,44,-22.1,7,0.01,29.97,0.82,2,0.326835,11.963653,-0.673165,1
CUST_001985,21.66,22.5,399.89,3,0.85,47,0.89,20.29,1.18,0,1.038781,17.772889,0.039243,0
CUST_000453,21.4,17.5,355.26,10,-3.9,87,0.82,22.78,0.82,0,0.817757,20.300571,-0.182243,0
CUST_004927,18.72,17.28,328.19,6,-1.44,22,0.89,20.58,1.0,0,0.923077,18.992477,-0.076923,0
CUST_001822,24.2,26.11,543.96,8,1.91,168,0.65,25.64,1.05,0,1.078926,20.833397,0.078926,0
CUST_007012,23.76,32.05,797.52,39,8.29,5,0.18,22.06,1.17,3,1.348906,24.883619,0.348906,1
CUST_003160,29.65,26.04,616.77,11,-3.6,124,0.59,31.62,0.93,0,0.878246,23.685484,-0.121417,0
CUST_009083,27.64,45.41,907.61,29,17.77,121,0.51,25.13,0.87,1,1.642909,19.987007,0.642909,1
CUST_002569,21.88,22.79,519.31,4,0.91,166,0.79,21.15,0.95,0,1.04159,22.786749,0.04159,0
CUST_004684,28.1,29.52,701.19,10,1.42,137,0.94,26.15,1.15,0,1.050534,23.753049,0.050534,0
CUST_008359,26.02,24.99,496.79,51,-1.03,11,0.07,24.91,0.93,2,0.960415,19.879552,-0.039585,1
CUST_009690,19.82,42.72,1064.6,40,22.9,120,0.06,19.24,1.11,3,2.155399,24.920412,1.155399,1
CUST_007573,25.73,23.38,571.11,28,-2.35,11,0.1,26.56,0.83,1,0.908667,24.427288,-0.091333,1
CUST_007587,23.05,56.54,1158.64,25,33.49,4,0.27,27.01,0.98,2,2.452928,20.492395,1.452928,1
CUST_009741,27.42,30.29,650.68,25,2.87,2,0.75,29.24,1.07,1,1.104668,21.481677,0.104668,1
CUST_001549,22.84,19.01,312.73,8,-3.83,78,0.81,22.07,0.88,0,0.832312,16.450815,-0.167688,0
CUST_005684,37.85,14.74,240.28,19,-23.11,4,0.03,34.39,0.97,1,0.389432,16.301221,-0.610568,1
CUST_008200,19.42,7.42,100.0,40,-12.0,183,0.24,15.65,0.96,3,0.38208,13.477089,-0.61792,1
CUST_005469,27.87,20.01,312.65,33,-7.86,179,0.1,29.01,1.04,2,0.717976,15.624688,-0.282024,1
CUST_004471,22.92,25.08,432.84,5,2.17,148,0.77,22.15,1.03,0,1.094241,17.258373,0.094677,0
CUST_000570,25.03,30.04,546.12,9,5.0,128,0.83,25.91,1.08,0,1.20016,18.17976,0.19976,0
CUST_008662,25.0,73.53,1469.38,17,48.53,8,0.24,26.94,1.18,1,2.9412,19.983408,1.9412,1
CUST_006666,16.33,6.96,112.19,25,-9.37,4,0.15,15.47,1.07,2,0.426209,16.119253,-0.573791,1
CUST_001343,29.27,24.65,523.7,7,-4.62,146,0.86,32.47,0.96,0,0.842159,21.245436,-0.157841,0
CUST_007330,14.49,12.67,290.49,41,-1.82,10,0.19,15.41,0.94,1,0.874396,22.927388,-0.125604,1
CUST_002536,28.01,37.07,796.56,7,9.06,119,0.81,26.79,1.18,0,1.323456,21.487996,0.323456,0
CUST_008379,20.85,50.23,1024.24,32,29.38,8,0.03,21.0,0.96,0,2.409113,20.391001,1.409113,1
CUST_004523,24.45,31.35,592.27,9,6.9,212,0.5,23.06,1.12,0,1.282209,18.892185,0.282209,0
CUST_004471,22.92,25.08,432.84,5,2.17,148,0.77,22.15,1.03,0,1.094241,17.258373,0.094677,0
CUST_003751,22.74,21.49,492.03,7,-1.24,17,0.92,22.32,0.92,0,0.945031,22.895765,-0.054529,0
CUST_009881,19.04,34.93,536.79,43,15.9,1,0.31,19.73,1.1,2,1.834559,15.367592,0.835084,1
CUST_009682,42.73,15.4,266.73,40,-27.34,128,0.3,34.71,0.9,2,0.360403,17.32013,-0.639832,1
CUST_000619,15.84,12.62,292.14,8,-3.23,217,0.72,16.44,0.82,0,0.796717,23.14897,-0.203914,0
CUST_003483,21.16,25.8,394.77,7,4.63,47,0.96,22.28,1.08,0,1.219282,15.301163,0.218809,0
CUST_004907,23.83,29.14,442.15,7,5.31,78,0.86,26.0,1.11,0,1.222828,15.173301,0.222828,0
CUST_004555,17.96,18.52,446.68,5,0.55,152,0.79,17.29,0.98,0,1.03118,24.11879,0.030624,0
CUST_003749,22.3,19.96,337.88,8,-2.34,218,0.85,23.08,0.99,0,0.895067,16.927856,-0.104933,0
CUST_002292,28.99,34.21,707.95,6,5.22,198,0.94,28.04,1.04,0,1.180062,20.694241,0.180062,0
CUST_009246,19.98,9.48,197.93,26,-10.5,201,0.4,19.83,0.93,3,0.474474,20.878692,-0.525526,1
CUST_002250,29.66,28.23,500.58,2,-1.43,164,0.64,29.59,1.08,0,0.951787,17.7322,-0.048213,0
CUST_004147,18.95,16.63,348.27,9,-2.32,125,0.86,18.01,0.97,0,0.877573,20.942273,-0.122427,0
CUST_001980,25.32,22.74,468.46,6,-2.58,178,0.66,24.55,0.96,0,0.898104,20.600704,-0.101896,0
CUST_004891,24.69,18.68,394.19,7,-6.01,111,0.93,26.87,0.86,0,0.756582,21.102248,-0.243418,0
CUST_002675,27.89,27.01,565.87,10,-0.88,81,0.98,26.16,0.95,0,0.968447,20.950389,-0.031553,0
CUST_001879,19.88,19.81,484.3,8,-0.07,126,0.85,18.84,1.08,0,0.996479,24.447249,-0.003521,0
CUST_009389,29.28,29.43,525.79,58,0.15,4,0.07,30.77,1.03,2,1.005123,17.865783,0.005123,1
CUST_001224,34.62,33.87,767.15,8,-0.75,33,0.8,33.49,0.95,0,0.978336,22.649838,-0.021664,0
CUST_005845,17.31,42.65,732.1,23,25.34,176,0.02,18.84,0.99,0,2.463894,17.165299,1.463894,1
CUST_009309,29.99,77.99,1575.89,23,48.01,220,0.19,34.77,1.04,1,2.600534,20.206309,1.600867,1
CUST_000805,37.21,42.45,998.55,6,5.24,112,0.96,34.71,1.13,1,1.140822,23.522968,0.140822,0
CUST_003568,24.31,28.0,665.01,4,3.69,50,0.87,26.37,1.08,0,1.151789,23.750357,0.151789,0
CUST_002961,33.34,32.67,745.77,12,-0.67,181,0.71,33.42,1.07,0,0.979904,22.827365,-0.020096,0
CUST_001875,18.23,15.74,331.2,7,-2.49,102,0.93,19.21,0.81,0,0.863412,21.041931,-0.136588,0
CUST_004872,28.63,21.92,380.32,9,-6.71,202,0.91,27.04,0.87,0,0.76563,17.350365,-0.23437,0
CUST_008244,25.45,41.79,702.5,37,16.34,10,0.09,23.3,1.2,0,1.642043,16.810242,0.642043,1
CUST_004110,18.16,18.47,316.87,9,0.31,214,0.72,18.2,0.95,0,1.01707,17.155929,0.01707,0
CUST_008522,24.21,66.99,963.89,38,42.78,7,0.32,28.14,1.11,3,2.767038,14.388565,1.767038,1
CUST_003728,26.46,25.59,482.75,8,-0.87,160,0.98,27.43,0.96,0,0.96712,18.864791,-0.03288,0
CUST_009330,18.71,41.58,756.68,41,22.87,193,0.09,23.23,0.89,1,2.222341,18.198172,1.222341,1
CUST_003358,37.08,45.8,1095.77,9,8.72,69,0.94,34.31,1.08,0,1.235167,23.925109,0.235167,0
CUST_003669,20.85,21.16,494.98,4,0.31,208,0.91,21.17,0.98,0,1.014868,23.39225,0.014868,0
CUST_006624,32.49,11.29,135.46,16,-21.21,167,0.08,28.33,0.87,0,0.347492,11.998229,-0.652816,1
CUST_002162,18.84,22.29,361.0,8,3.46,216,0.9,18.34,1.09,0,1.183121,16.195603,0.183652,0
CUST_002480,21.88,21.62,529.38,4,-0.26,192,0.91,21.94,1.02,0,0.988117,24.485661,-0.011883,0
CUST_004305,16.83,12.77,258.56,6,-4.06,53,0.89,17.87,0.87,0,0.758764,20.247455,-0.241236,0
CUST_001742,32.36,42.24,711.38,13,9.88,57,1.0,31.71,1.19,0,1.305315,16.841383,0.305315,0
CUST_002771,31.7,29.93,489.19,9,-1.76,96,0.93,29.23,0.94,0,0.944164,16.34447,-0.055521,0
CUST_009709,21.43,14.37,275.04,27,-7.06,9,0.27,19.69,0.84,3,0.670555,19.139875,-0.329445,1
CUST_008480,16.41,38.0,756.03,37,21.59,197,0.21,15.5,1.1,0,2.315661,19.895526,1.315661,1
CUST_002424,23.6,23.18,453.78,9,-0.42,170,0.98,22.52,1.13,0,0.982203,19.576359,-0.017797,0
CUST_002306,31.81,35.73,845.26,5,3.92,66,0.93,29.0,1.01,0,1.123232,23.656871,0.123232,0
CUST_002057,17.57,22.38,534.77,7,4.81,78,0.32,18.18,1.15,0,1.273762,23.894996,0.273762,0
CUST_002952,33.01,31.38,761.61,11,-1.63,150,0.9,34.06,0.92,0,0.950621,24.270554,-0.049379,0
CUST_000431,26.65,23.29,428.96,8,-3.36,38,0.95,28.91,0.86,0,0.873921,18.418205,-0.126079,0
CUST_003255,28.95,37.27,915.66,9,8.32,29,0.89,29.08,1.19,0,1.287392,24.568285,0.287392,0
CUST_008802,16.24,41.09,751.94,32,24.85,3,0.43,16.76,1.01,1,2.530172,18.29983,1.530172,1
CUST_009430,28.4,35.9,563.97,37,7.5,204,0.13,27.64,0.88,1,1.264085,15.709471,0.264085,1
CUST_005531,31.51,63.35,1101.1,41,31.84,129,0.06,32.7,0.8,2,2.010473,17.381215,1.010473,1
CUST_009905,18.12,49.67,836.91,29,31.55,201,0.17,21.0,1.1,0,2.74117,16.849406,1.74117,1
CUST_000281,30.5,30.67,702.9,5,0.17,160,0.84,31.73,1.08,0,1.005574,22.918161,0.005574,0
CUST_000574,28.19,37.26,764.83,6,9.06,72,0.59,29.48,1.16,0,1.321745,20.526838,0.321391,0
CUST_001972,26.17,31.32,550.38,9,5.15,179,0.98,28.16,1.05,0,1.19679,17.572797,0.19679,0
CUST_003283,23.91,22.86,393.41,7,-1.05,212,0.75,24.4,0.84,0,0.956085,17.209536,-0.043915,0
CUST_003049,20.51,26.04,604.8,2,5.53,197,0.9,20.18,1.16,0,1.269625,23.225806,0.269625,0
CUST_000422,25.16,26.49,474.89,6,1.33,62,0.91,26.45,1.0,0,1.052862,17.927142,0.052862,0
CUST_000093,22.89,18.84,403.25,8,-4.05,191,0.89,25.05,0.96,0,0.823067,21.403928,-0.176933,0
CUST_009417,25.91,64.23,1206.51,23,38.32,132,0.09,23.75,0.89,0,2.478966,18.784213,1.478966,1
CUST_005083,27.97,9.27,112.68,17,-18.7,9,0.03,26.93,0.83,0,0.331427,12.15534,-0.668573,1
CUST_009738,26.97,66.45,914.25,39,39.47,162,0.22,33.12,0.99,1,2.463849,13.758465,1.463478,1
CUST_002622,18.39,21.52,423.96,4,3.13,166,0.59,19.46,1.1,0,1.170201,19.700743,0.170201,0
CUST_000601,26.05,23.04,466.72,5,-3.01,161,0.77,25.18,0.97,0,0.884453,20.256944,-0.115547,0
CUST_003288,29.15,26.75,437.81,9,-2.39,184,0.99,28.73,1.01,0,0.917667,16.366729,-0.08199,0
CUST_009279,35.18,12.22,212.72,21,-22.96,9,0.14,30.07,0.87,2,0.347356,17.407529,-0.652644,1
CUST_004356,21.68,18.78,446.7,11,-2.9,58,0.83,21.3,0.82,0,0.866236,23.785942,-0.133764,0
CUST_001184,26.45,21.02,379.52,8,-5.43,131,0.86,28.57,0.9,0,0.794707,18.055186,-0.205293,0
CUST_003449,21.08,24.75,506.75,9,3.68,85,0.66,22.37,1.09,0,1.174099,20.474747,0.174573,0
CUST_007747,22.26,48.04,1061.9,17,25.78,2,0.14,26.98,0.86,0,2.158131,22.104496,1.158131,1
CUST_001477,18.77,17.17,365.76,9,-1.59,69,0.85,19.81,0.93,0,0.914758,21.302271,-0.08471,0
CUST_002757,23.64,21.45,405.24,9,-2.2,32,0.84,25.25,0.86,0,0.90736,18.892308,-0.093063,0
CUST_003509,14.61,12.74,212.69,6,-1.87,44,0.47,15.93,0.81,0,0.872005,16.694662,-0.127995,0
CUST_002793,17.28,17.48,385.08,8,0.2,175,0.77,17.23,0.98,0,1.011574,22.029748,0.011574,0
CUST_000366,27.35,22.95,403.56,10,-4.4,81,0.78,24.99,0.82,0,0.839122,17.584314,-0.160878,0
CUST_000337,32.57,29.68,471.74,10,-2.89,16,0.83,32.45,1.05,0,0.911268,15.894205,-0.088732,0
CUST_009070,29.67,28.84,477.35,45,-0.83,7,0.18,31.64,0.89,0,0.972026,16.551664,-0.027974,1
CUST_000964,21.58,22.29,471.18,4,0.72,49,0.92,20.65,1.03,0,1.032901,21.138627,0.033364,0
CUST_007808,31.42,20.74,454.21,44,-10.68,175,0.21,28.76,1.06,2,0.660089,21.900193,-0.339911,1
CUST_005867,13.46,39.39,701.24,26,25.92,168,0.02,16.26,1.17,1,2.926449,17.802488,1.925706,1
CUST_000562,23.19,27.48,484.52,6,4.3,191,0.45,22.66,1.04,0,1.184994,17.631732,0.185425,0
CUST_001036,22.34,24.47,478.45,7,2.14,59,0.95,24.33,1.2,0,1.095345,19.552513,0.095792,0
CUST_003783,22.62,26.28,418.26,5,3.66,206,0.95,21.83,1.11,0,1.161804,15.915525,0.161804,0
CUST_001429,21.53,19.14,343.96,7,-2.39,160,0.95,20.59,0.82,0,0.888992,17.970742,-0.111008,0
CUST_003800,22.3,19.11,456.01,3,-3.2,52,0.81,24.5,0.92,0,0.856951,23.862376,-0.143498,0
CUST_001767,27.43,35.14,562.85,3,7.71,137,0.73,25.72,1.19,0,1.281079,16.017359,0.281079,0
CUST_009532,19.27,7.79,100.0,33,-11.48,3,0.08,16.68,1.01,0,0.404255,12.83697,-0.595745,1
CUST_003782,15.65,14.56,324.09,8,-1.08,154,0.92,16.34,0.82,0,0.930351,22.258929,-0.06901,0
CUST_000604,14.61,14.78,334.54,8,0.17,191,0.98,15.77,0.96,0,1.011636,22.634641,0.011636,0
CUST_009630,32.44,29.98,591.48,41,-2.46,11,0.01,33.97,0.94,0,0.924168,19.729153,-0.075832,1
CUST_008701,27.07,12.81,166.31,35,-14.27,6,0.07,25.75,1.18,3,0.473218,12.982826,-0.527152,1
CUST_000514,16.44,14.77,335.71,11,-1.66,135,0.81,17.53,0.97,0,0.898418,22.729181,-0.100973,0
CUST_005915,25.36,54.16,1068.45,32,28.81,3,0.14,25.54,0.85,1,2.135647,19.727659,1.136041,1
CUST_006426,31.71,29.88,658.17,29,-1.83,205,0.15,29.07,0.86,2,0.942289,22.027108,-0.057711,1
CUST_007938,42.25,15.05,184.28,41,-27.19,8,0.34,34.93,0.89,1,0.356213,12.244518,-0.64355,1
CUST_009081,27.47,9.54,142.26,28,-17.93,1,0.17,23.17,0.87,1,0.347288,14.91195,-0.652712,1
CUST_008825,33.74,15.54,235.1,16,-18.2,6,0.13,26.51,1.15,3,0.460581,15.1287,-0.539419,1
CUST_001679,26.06,22.94,475.26,6,-3.12,41,0.96,27.65,0.81,0,0.880276,20.717524,-0.119724,0
CUST_006929,35.62,21.35,446.74,21,-14.26,135,0.12,33.54,1.09,1,0.599382,20.92459,-0.400337,1
CUST_005450,26.02,10.62,126.43,34,-15.4,213,0.28,21.22,1.02,1,0.408148,11.904896,-0.591852,1
CUST_003406,22.7,23.1,379.65,4,0.41,26,0.8,23.12,1.15,0,1.017621,16.435065,0.018062,0
CUST_007944,26.71,10.31,171.11,43,-16.4,1,0.26,26.52,1.06,0,0.385998,16.596508,-0.614002,1
CUST_004782,31.66,32.9,669.54,9,1.24,187,0.76,34.91,1.0,0,1.039166,20.35076,0.039166,0
CUST_009059,13.62,40.18,577.5,32,26.57,3,0.08,16.23,1.18,0,2.950073,14.372822,1.950808,1
CUST_001002,24.88,23.81,489.42,4,-1.06,158,0.88,22.88,1.04,0,0.956994,20.555229,-0.042605,0
CUST_005001,20.48,9.69,136.29,18,-10.79,6,0.16,16.91,1.18,2,0.473145,14.065015,-0.526855,1
CUST_004732,29.36,26.18,566.78,11,-3.19,160,0.45,29.99,1.03,0,0.891689,21.649351,-0.108651,0
CUST_000288,27.29,26.86,463.54,8,-0.43,162,0.75,26.63,1.11,0,0.984243,17.257632,-0.015757,0
CUST_006477,20.71,23.07,388.2,57,2.36,176,0.31,20.16,1.13,2,1.113955,16.827048,0.113955,1
CUST_007768,21.15,8.94,127.04,38,-12.2,1,0.02,18.3,1.06,3,0.422695,14.210291,-0.576832,1
CUST_008127,19.52,21.46,483.2,28,1.94,9,0.21,19.41,1.13,1,1.099385,22.516309,0.099385,1
CUST_009281,31.04,13.66,225.05,40,-17.38,7,0.04,26.36,1.1,1,0.440077,16.47511,-0.559923,1
CUST_002566,22.38,28.52,630.31,4,6.15,66,0.84,21.69,1.17,0,1.274352,22.100631,0.274799,0
CUST_002467,30.61,27.67,546.27,7,-2.94,94,0.87,32.06,0.87,0,0.903953,19.74232,-0.096047,0
CUST_002379,34.03,39.59,787.53,3,5.57,98,0.75,34.87,1.15,0,1.163385,19.892144,0.163679,0
CUST_004828,21.11,16.92,409.18,7,-4.19,24,0.92,21.85,0.93,0,0.801516,24.183215,-0.198484,0
CUST_001317,22.19,19.14,453.43,5,-3.05,58,0.8,21.75,1.01,0,0.862551,23.690178,-0.137449,0
CUST_002156,23.75,27.94,598.53,6,4.18,222,0.77,23.86,1.06,0,1.176421,21.421976,0.176,0
CUST_007524,29.68,13.17,215.62,35,-16.51,8,0.14,27.5,1.11,1,0.443733,16.372058,-0.556267,1
CUST_001307,17.36,17.86,342.19,12,0.5,229,0.95,18.35,0.98,0,1.028802,19.159574,0.028802,0
CUST_003726,21.25,19.43,293.09,6,-1.81,215,1.0,22.89,0.85,0,0.914353,15.084406,-0.085176,0
CUST_009437,21.22,7.82,117.37,22,-13.39,7,0.09,18.88,0.92,0,0.36852,15.008951,-0.631008,1
CUST_001087,22.7,21.31,491.09,5,-1.38,135,0.74,23.07,0.9,0,0.938767,23.045049,-0.060793,0
CUST_003596,31.48,32.67,762.92,4,1.19,174,0.76,30.46,1.06,0,1.037802,23.352311,0.037802,0
CUST_006739,19.58,52.72,742.45,33,33.14,10,0.06,19.8,1.08,3,2.692543,14.082891,1.692543,1
CUST_000719,23.31,20.9,424.36,6,-2.4,63,0.92,23.01,0.8,0,0.896611,20.304306,-0.10296,0
CUST_005990,13.63,32.81,495.55,36,19.18,9,0.14,15.0,0.96,1,2.40719,15.103627,1.40719,1
CUST_002505,21.18,23.29,537.43,6,2.11,33,0.98,21.61,1.02,0,1.099622,23.075569,0.099622,0
CUST_001198,18.92,13.4,298.26,8,-5.52,167,0.89,20.13,0.81,1,0.708245,22.258209,-0.291755,0
CUST_002576,19.96,25.68,626.78,7,5.72,153,0.68,20.65,1.16,0,1.286573,24.407321,0.286573,0
CUST_001678,15.93,20.75,441.22,14,4.82,150,0.57,15.46,1.15,0,1.302574,21.263614,0.302574,0
CUST_005609,27.97,29.23,530.74,43,1.26,6,0.35,26.45,1.06,1,1.045048,18.157373,0.045048,1
CUST_001594,18.45,16.82,314.1,8,-1.63,172,0.75,19.11,0.85,0,0.911653,18.674197,-0.088347,0
CUST_005317,25.96,30.57,463.1,27,4.61,11,0.32,26.86,1.1,2,1.177581,15.148839,0.177581,1
CUST_003521,18.38,15.0,245.94,5,-3.38,223,0.95,18.05,0.94,0,0.816104,16.396,-0.183896,0
CUST_003465,16.69,17.81,373.67,3,1.13,121,0.9,17.39,0.95,0,1.067106,20.98091,0.067705,0
CUST_009955,21.04,7.14,106.6,29,-13.89,8,0.04,20.45,0.85,3,0.339354,14.929972,-0.660171,1
CUST_002887,33.62,30.39,468.03,10,-3.23,196,0.85,31.63,1.05,0,0.903926,15.40079,-0.096074,0
CUST_001321,24.19,19.86,492.03,10,-4.33,36,0.87,25.56,0.96,1,0.821,24.774924,-0.179,0
CUST_003021,24.45,24.92,579.71,12,0.47,186,0.8,26.06,0.89,0,1.019223,23.262841,0.019223,0
CUST_006605,26.96,66.94,1131.55,28,39.98,7,0.12,31.79,0.99,3,2.482938,16.903944,1.482938,1
CUST_002320,30.03,29.94,474.27,5,-0.09,39,0.98,31.95,0.92,0,0.997003,15.840681,-0.002997,0
CUST_002132,22.48,20.37,448.77,5,-2.12,45,0.86,23.14,1.0,0,0.906139,22.030928,-0.094306,0
CUST_000223,23.25,23.52,432.21,8,0.27,206,0.94,24.69,1.08,0,1.011613,18.376276,0.011613,0
CUST_003493,27.76,34.99,579.57,4,7.24,154,0.78,27.61,1.2,0,1.260447,16.563875,0.260807,0
CUST_009785,27.52,69.28,1223.3,30,41.76,10,0.16,31.14,1.01,1,2.517442,17.657333,1.517442,1
CUST_002515,20.62,16.96,259.49,9,-3.65,112,0.81,19.41,0.83,0,0.822502,15.300118,-0.177013,0
CUST_008079,21.73,47.41,917.78,38,25.68,178,0.0,26.64,0.87,0,2.181776,19.358363,1.181776,1
CUST_000418,27.46,19.71,362.0,9,-7.75,63,0.93,28.35,0.81,0,0.717771,18.366312,-0.282229,0
CUST_001762,22.46,30.17,523.72,5,7.7,145,0.93,24.15,1.17,0,1.343277,17.358966,0.342832,0
CUST_009404,16.19,43.34,656.77,21,27.15,7,0.12,19.49,1.07,1,2.676961,15.153899,1.676961,1
CUST_007905,20.5,22.46,353.11,36,1.96,6,0.12,22.51,1.12,0,1.09561,15.721728,0.09561,1
CUST_002851,23.07,22.31,346.21,10,-0.76,117,0.95,21.66,0.92,0,0.967057,15.518153,-0.032943,0
CUST_006296,27.31,12.94,162.44,33,-14.37,10,0.17,24.27,1.18,2,0.473819,12.553323,-0.526181,1
CUST_000699,23.24,27.87,556.15,6,4.64,148,0.98,22.63,1.14,0,1.199225,19.955149,0.199656,0
CUST_003190,34.12,34.89,527.35,7,0.77,142,0.44,31.81,1.08,0,1.022567,15.114646,0.022567,0
CUST_003421,29.7,27.48,652.85,13,-2.22,228,0.81,29.89,0.91,0,0.925253,23.757278,-0.074747,0
CUST_002460,23.98,28.23,433.76,10,4.25,150,0.97,23.7,1.07,0,1.177231,15.365214,0.177231,0
CUST_006660,36.22,13.91,187.15,15,-22.31,1,0.2,31.13,0.96,2,0.384042,13.454349,-0.615958,1
CUST_001545,31.77,34.15,708.91,6,2.38,14,0.69,33.06,1.13,0,1.074913,20.758712,0.074913,0
CUST_009544,15.42,44.41,672.82,39,28.99,4,0.21,16.74,1.15,1,2.880026,15.150191,1.880026,1
CUST_000978,16.61,18.65,393.36,7,2.04,53,0.83,15.26,1.11,0,1.122818,21.091689,0.122818,0
CUST_000848,36.45,42.39,770.25,6,5.94,126,0.64,34.96,1.19,0,1.162963,18.170559,0.162963,0
CUST_003286,15.91,13.94,273.9,14,-1.97,35,0.97,17.35,0.84,0,0.876179,19.648494,-0.123821,0
CUST_000812,16.72,13.21,310.09,7,-3.51,161,0.97,17.87,0.87,0,0.790072,23.473883,-0.209928,0
CUST_002962,30.93,35.87,612.62,2,4.94,222,0.82,29.45,1.02,0,1.159715,17.078896,0.159715,0
CUST_008357,16.17,35.62,574.7,23,19.45,186,0.07,19.8,0.88,1,2.202845,16.134194,1.202845,1
CUST_002383,36.34,42.86,1009.48,7,6.51,99,0.45,33.24,1.07,0,1.179417,23.552963,0.179141,0
CUST_005632,28.56,68.45,996.3,24,39.89,5,0.15,28.63,0.96,2,2.396709,14.55515,1.396709,1
CUST_003259,36.51,37.51,797.99,7,1.0,166,0.99,33.43,1.12,0,1.02739,21.27406,0.02739,0
CUST_000747,19.22,19.14,381.12,7,-0.09,186,0.83,20.7,1.09,0,0.995838,19.912226,-0.004683,0
CUST_004558,29.01,20.14,433.92,7,-8.87,114,0.97,28.55,0.81,0,0.694243,21.545184,-0.305757,0
CUST_003091,26.4,30.46,651.11,7,4.07,132,0.57,26.35,1.16,0,1.153788,21.375903,0.154167,0
CUST_004638,32.43,43.36,1082.34,7,10.93,148,0.94,33.01,1.17,0,1.337034,24.961716,0.337034,0
CUST_007238,28.3,31.85,740.89,28,3.55,7,0.09,29.45,1.11,1,1.125442,23.261852,0.125442,1
CUST_000928,27.25,29.79,564.63,9,2.54,147,0.71,25.23,1.03,0,1.093211,18.953676,0.093211,0
CUST_000012,20.18,24.34,369.47,13,4.15,20,0.82,20.58,1.08,0,1.206145,15.17954,0.205649,0
CUST_004817,29.84,28.47,564.13,4,-1.37,77,0.92,27.45,0.87,0,0.954088,19.814893,-0.045912,0
CUST_009692,23.26,50.69,1255.63,25,27.44,3,0.14,24.21,0.97,0,2.179278,24.770763,1.179708,1
CUST_000496,16.85,20.6,479.76,10,3.74,172,0.82,16.5,1.18,0,1.222552,23.28932,0.221958,0
CUST_005811,38.27,33.47,737.71,49,-4.8,11,0.03,34.8,0.91,0,0.874575,22.040932,-0.125425,1
CUST_002366,17.99,15.18,317.37,4,-2.81,176,0.83,17.56,0.81,0,0.843802,20.907115,-0.156198,0
CUST_002030,18.49,22.62,422.74,9,4.13,104,0.65,19.16,1.17,0,1.223364,18.688771,0.223364,0
CUST_000207,19.67,16.72,381.97,6,-2.95,227,0.95,21.83,0.98,0,0.850025,22.845096,-0.149975,0
CUST_000765,28.2,28.08,560.09,5,-0.12,235,0.95,27.77,0.95,0,0.995745,19.946225,-0.004255,0
CUST_001817,35.0,30.5,647.99,10,-4.5,136,0.63,33.21,0.81,0,0.871429,21.245574,-0.128571,0
CUST_003330,19.83,22.13,437.81,11,2.3,40,0.95,20.84,1.05,0,1.115986,19.783552,0.115986,0
CUST_002572,24.63,24.89,530.23,6,0.26,223,0.52,25.5,1.07,0,1.010556,21.302933,0.010556,0
CUST_007773,29.0,56.13,1185.77,39,27.13,1,0.09,27.2,0.96,1,1.935517,21.125423,0.935517,1
CUST_002434,20.45,20.12,393.79,6,-0.32,192,0.39,18.85,1.16,0,0.983863,19.572068,-0.015648,0
CUST_006402,33.73,50.03,751.92,40,16.3,11,0.26,34.26,1.14,2,1.483249,15.029382,0.483249,1
CUST_008946,19.96,9.57,142.79,25,-10.39,6,0.15,15.79,1.2,0,0.479459,14.920585,-0.520541,1
CUST_002810,27.03,31.9,570.49,1,4.88,208,0.99,27.96,1.11,0,1.18017,17.883699,0.18054,0
CUST_008930,23.46,10.86,124.12,39,-12.6,7,0.06,21.26,1.16,1,0.462916,11.429098,-0.537084,1
CUST_002745,24.1,25.68,388.51,10,1.58,77,0.75,26.26,1.18,0,1.06556,15.128894,0.06556,0
CUST_002274,29.06,25.08,405.55,10,-3.98,89,0.8,31.6,0.9,0,0.863042,16.170255,-0.136958,0
CUST_001253,36.69,41.28,914.38,8,4.59,179,0.94,33.6,1.07,0,1.125102,22.150678,0.125102,0
CUST_001998,22.6,22.77,550.17,5,0.17,188,0.93,23.96,0.99,0,1.007522,24.162055,0.007522,0
CUST_002186,30.1,31.81,513.16,12,1.71,71,0.68,31.79,0.93,1,1.056811,16.132034,0.056811,0
CUST_003164,27.81,30.88,661.95,7,3.07,193,0.74,30.07,1.15,0,1.110392,21.436205,0.110392,0
CUST_000373,30.51,31.7,489.31,8,1.19,12,0.56,31.17,0.96,0,1.039004,15.435647,0.039004,0
CUST_000241,36.15,27.31,573.4,4,-8.84,23,0.97,34.01,0.81,0,0.755463,20.995972,-0.244537,0
CUST_004397,32.71,28.94,586.06,8,-3.76,214,0.71,34.75,1.01,0,0.884745,20.250864,-0.11495,0
CUST_004512,29.97,22.01,518.01,6,-7.96,164,0.85,32.89,0.83,0,0.734401,23.535211,-0.265599,0
CUST_004005,32.37,26.47,432.6,5,-5.89,195,0.7,33.49,0.88,0,0.817732,16.34303,-0.181959,0
CUST_006383,25.92,26.74,421.94,31,0.82,6,0.01,25.17,1.06,1,1.031636,15.779357,0.031636,1
CUST_002690,35.05,39.34,819.19,9,4.28,232,0.92,33.51,1.16,0,1.122397,20.823335,0.122111,0
CUST_006302,24.53,8.17,132.8,22,-16.36,133,0.22,21.16,0.83,0,0.333062,16.25459,-0.666938,1
CUST_002197,16.8,14.25,313.63,9,-2.55,154,0.58,18.24,0.99,0,0.848214,22.009123,-0.151786,0
CUST_000980,19.46,24.36,605.68,8,4.9,24,1.0,20.01,1.14,0,1.251799,24.863711,0.251799,0
CUST_000746,28.25,32.8,722.33,9,4.55,26,0.76,27.19,1.07,0,1.161062,22.022256,0.161062,0
CUST_008249,20.02,46.94,1040.8,17,26.92,6,0.41,20.41,0.94,2,2.344655,22.172987,1.344655,1
CUST_001792,24.84,18.47,331.03,4,-6.37,125,0.89,24.71,0.86,0,0.743559,17.922577,-0.256441,0
CUST_009293,26.06,8.69,100.0,21,-17.36,7,0.0,25.63,0.83,1,0.333461,11.50748,-0.666155,1
CUST_007847,20.97,18.22,359.03,33,-2.74,146,0.22,22.94,0.93,3,0.86886,19.705269,-0.130663,1
CUST_001595,27.87,23.34,488.98,10,-4.53,82,0.83,28.69,0.97,0,0.83746,20.9503,-0.16254,0
CUST_002659,32.83,30.94,757.53,2,-1.9,53,0.54,34.83,0.86,0,0.942431,24.48384,-0.057874,0
CUST_005447,25.29,49.41,770.73,38,24.11,9,0.14,27.56,0.81,1,1.953737,15.598664,0.953341,1
CUST_000226,24.05,23.74,520.4,12,-0.31,150,0.76,26.12,1.11,0,0.98711,21.920809,-0.01289,0
CUST_005476,23.89,8.43,121.4,20,-15.46,8,0.68,19.86,0.88,0,0.352867,14.400949,-0.647133,1
CUST_001172,17.51,18.25,330.14,9,0.74,139,0.86,18.93,0.92,0,1.042262,18.089863,0.042262,0
CUST_004342,36.8,40.64,980.07,11,3.84,137,0.93,33.94,1.04,0,1.104348,24.115896,0.104348,0
CUST_003521,18.38,15.0,245.94,5,-3.38,223,0.95,18.05,0.94,0,0.816104,16.396,-0.183896,0
CUST_001173,30.82,35.67,883.12,1,4.84,208,0.62,30.94,1.11,0,1.157365,24.75806,0.157041,0
CUST_001023,22.98,28.82,568.71,5,5.83,176,0.99,24.91,1.17,0,1.254134,19.733171,0.253699,0
CUST_005411,24.44,71.42,1393.26,27,46.98,1,0.01,28.49,1.17,1,2.922259,19.507981,1.922259,1
CUST_005844,19.46,27.51,461.0,34,8.05,185,0.12,18.56,0.92,2,1.413669,16.757543,0.413669,1
CUST_004296,21.78,23.97,524.15,6,2.19,182,0.93,20.36,1.17,0,1.100551,21.866917,0.100551,0
CUST_003038,23.01,18.98,460.19,7,-4.03,87,0.45,21.02,0.86,0,0.824859,24.246048,-0.175141,0
CUST_000470,26.29,20.21,461.95,7,-6.08,193,0.8,26.75,0.83,0,0.768733,22.857496,-0.231267,0
CUST_004241,29.72,34.08,816.84,10,4.36,108,0.83,29.4,1.16,0,1.146703,23.96831,0.146703,0
CUST_001682,16.56,16.06,336.54,9,-0.5,57,0.97,17.01,1.04,0,0.969807,20.955168,-0.030193,0
CUST_003720,15.95,16.7,412.0,12,0.75,94,0.98,17.52,1.11,0,1.047022,24.670659,0.047022,0
CUST_002809,24.4,30.62,468.97,6,6.22,175,0.88,25.67,1.13,0,1.254918,15.315807,0.254918,0
CUST_004239,19.15,18.69,322.32,7,-0.46,228,0.73,18.43,1.03,0,0.975979,17.245586,-0.024021,0
CUST_009492,34.35,12.5,210.14,24,-21.85,211,0.15,26.78,0.91,2,0.363901,16.8112,-0.636099,1
CUST_006844,32.09,12.07,194.17,33,-20.02,1,0.1,26.46,0.94,0,0.37613,16.086993,-0.62387,1
CUST_001496,22.16,19.41,407.34,9,-2.75,64,0.87,21.87,0.84,0,0.875903,20.98609,-0.124097,0
CUST_009136,15.86,10.38,240.2,25,-5.48,1,0.03,15.39,1.06,0,0.654477,23.140655,-0.345523,1
CUST_003699,27.92,26.52,637.97,8,-1.39,206,0.82,26.26,0.87,0,0.949857,24.056184,-0.049785,0
CUST_005435,26.38,10.07,109.37,25,-16.31,123,0.12,23.36,0.95,0,0.381729,10.860973,-0.618271,1
CUST_003779,29.18,22.66,397.61,7,-6.52,133,0.84,28.28,0.88,1,0.776559,17.546778,-0.223441,0
CUST_002503,17.24,19.54,391.74,6,2.3,126,0.88,16.81,1.04,0,1.133411,20.048106,0.133411,0
CUST_006050,34.84,12.53,169.33,40,-22.31,182,0.1,27.35,0.9,0,0.359644,13.513966,-0.640356,1
CUST_004725,30.82,35.44,689.93,6,4.62,104,0.79,30.13,1.0,0,1.149903,19.467551,0.149903,0
CUST_003700,19.43,18.52,432.35,8,-0.9,53,0.93,19.14,0.95,0,0.953165,23.345032,-0.04632,0
CUST_004378,23.4,21.91,397.64,6,-1.49,49,0.97,25.81,1.01,0,0.936325,18.148791,-0.063675,0
CUST_006204,35.23,23.33,383.03,26,-11.9,1,0.02,32.6,0.97,0,0.66222,16.417917,-0.33778,1
CUST_009934,27.85,60.43,1320.88,33,32.57,11,0.16,33.92,0.87,1,2.169838,21.858018,1.169479,1
CUST_002506,18.25,17.01,304.54,9,-1.24,36,0.79,19.89,0.84,0,0.932055,17.903586,-0.067945,0
CUST_001436,18.84,17.1,362.0,6,-1.74,187,0.97,17.78,0.91,0,0.907643,21.169591,-0.092357,0
CUST_007934,16.01,18.62,415.84,45,2.61,2,0.06,16.7,1.18,2,1.163023,22.332975,0.163023,1
CUST_004483,26.35,32.69,749.01,8,6.35,207,0.96,26.27,1.19,0,1.240607,22.912511,0.240987,0
CUST_007592,32.98,12.45,138.46,44,-20.53,6,0.55,28.34,0.94,0,0.377502,11.121285,-0.622498,1
CUST_009440,16.97,47.47,759.8,22,30.5,207,0.01,20.0,1.12,2,2.797289,16.005898,1.797289,1
CUST_005460,30.87,30.98,592.93,35,0.11,196,0.02,29.35,1.03,2,1.003563,19.139122,0.003563,1
CUST_002624,32.79,37.25,794.59,10,4.47,32,0.47,29.85,1.16,0,1.136017,21.331275,0.136322,0
CUST_003283,23.91,22.86,393.41,7,-1.05,212,0.75,24.4,0.84,0,0.956085,17.209536,-0.043915,0
CUST_001349,17.86,22.57,442.14,3,4.71,38,0.77,16.82,1.11,1,1.263718,19.589721,0.263718,0
CUST_005429,23.12,49.14,709.71,35,26.01,10,0.04,25.58,0.85,0,2.125433,14.442613,1.125,1
CUST_000576,23.04,21.58,493.37,8,-1.46,25,0.53,23.34,0.94,0,0.936632,22.862373,-0.063368,0
CUST_009390,26.85,60.93,1506.77,42,34.08,3,0.22,27.27,1.04,0,2.269274,24.729526,1.269274,1
CUST_004582,29.58,23.68,439.62,5,-5.9,169,0.72,30.84,0.83,1,0.800541,18.565034,-0.199459,0
CUST_007063,21.09,44.01,706.11,42,22.92,123,0.6,21.25,0.83,1,2.086771,16.044308,1.086771,1
CUST_003280,20.02,20.62,450.71,4,0.6,192,0.92,21.4,1.11,1,1.02997,21.857905,0.02997,0
CUST_002689,23.49,27.37,556.95,13,3.88,225,0.96,24.77,1.11,0,1.165177,20.348922,0.165177,0
CUST_000798,16.87,16.61,271.2,5,-0.26,85,0.81,16.6,0.86,0,0.984588,16.327514,-0.015412,0
CUST_007352,18.9,21.05,332.55,38,2.16,125,0.29,19.66,1.17,0,1.113757,15.7981,0.114286,1
CUST_007750,22.41,49.94,886.36,25,27.53,150,0.16,27.42,0.89,1,2.228469,17.748498,1.228469,1
CUST_004464,20.32,18.74,348.24,2,-1.57,232,0.82,20.87,0.97,0,0.922244,18.582711,-0.077264,0
CUST_000376,25.57,22.81,344.63,6,-2.76,18,0.65,24.37,1.04,0,0.892061,15.108724,-0.107939,0
CUST_003065,29.6,24.98,605.98,6,-4.62,197,0.78,27.77,0.95,0,0.843919,24.258607,-0.156081,0
CUST_001581,21.97,18.88,403.69,10,-3.1,226,0.81,22.02,0.84,0,0.859354,21.381886,-0.141102,0
CUST_001696,22.78,26.72,656.16,7,3.94,215,0.92,21.72,1.16,0,1.172959,24.556886,0.172959,0
CUST_007588,29.42,56.62,1065.06,37,27.2,7,0.36,26.75,1.03,3,1.924541,18.810668,0.924541,1
CUST_003612,28.62,30.0,454.24,10,1.38,214,0.72,27.8,0.92,0,1.048218,15.141333,0.048218,0
CUST_000193,30.91,36.89,638.47,7,5.98,129,0.48,28.71,1.16,0,1.193465,17.3074,0.193465,0
CUST_002065,24.8,27.79,505.7,3,2.98,31,0.93,25.74,1.16,0,1.120565,18.197193,0.120161,0
CUST_008290,32.52,36.65,890.27,55,4.12,7,0.16,30.87,1.19,3,1.126999,24.291132,0.126691,1
CUST_005135,19.29,45.61,1064.19,16,26.32,212,0.28,19.34,0.8,1,2.364438,23.332383,1.364438,1
CUST_001062,33.52,28.79,479.82,4,-4.73,233,0.69,33.87,0.99,0,0.85889,16.666204,-0.14111,0
CUST_000076,26.15,24.4,407.37,7,-1.75,136,0.94,23.91,1.01,0,0.933078,16.695492,-0.066922,0
CUST_009450,29.59,28.55,619.35,34,-1.04,7,0.23,29.25,0.89,1,0.964853,21.69352,-0.035147,1
CUST_007279,35.27,38.14,877.99,47,2.87,187,0.44,32.56,1.14,2,1.081372,23.020189,0.081372,1
CUST_001792,24.84,18.47,331.03,4,-6.37,125,0.89,24.71,0.86,0,0.743559,17.922577,-0.256441,0
CUST_005389,25.12,38.36,691.79,16,13.24,143,0.08,26.28,0.87,0,1.52707,18.03415,0.52707,1
CUST_007528,29.07,25.21,461.01,43,-3.86,159,0.04,26.68,0.81,0,0.867217,18.286791,-0.132783,1
CUST_002972,18.09,14.26,276.55,8,-3.83,217,0.88,19.29,0.88,0,0.788281,19.393408,-0.211719,0
CUST_001396,22.7,24.97,381.8,8,2.27,194,0.98,20.98,1.07,0,1.1,15.290348,0.1,0
CUST_000890,27.88,26.56,398.49,6,-1.32,72,0.91,25.51,0.93,0,0.952654,15.003389,-0.047346,0
CUST_003625,30.66,30.4,658.41,10,-0.25,92,1.0,28.05,1.01,0,0.99152,21.658224,-0.008154,0
CUST_002131,28.64,34.07,523.49,5,5.43,217,0.78,26.82,1.18,0,1.189595,15.365131,0.189595,0
CUST_009487,23.16,24.27,555.78,52,1.1,8,0.26,23.81,0.97,1,1.047927,22.899876,0.047496,1
CUST_007156,29.07,13.17,183.14,27,-15.9,1,0.1,25.1,1.13,0,0.453044,13.905847,-0.546956,1
CUST_008931,35.29,23.97,523.46,39,-11.33,11,0.2,34.45,0.81,2,0.679229,21.838131,-0.321054,1
CUST_005785,14.64,29.52,598.18,31,14.88,8,0.14,17.33,0.81,1,2.016393,20.26355,1.016393,1
CUST_007069,36.13,13.95,199.03,22,-22.18,9,0.06,33.71,0.96,0,0.386106,14.267384,-0.613894,1
CUST_008411,34.54,77.31,1180.66,30,42.78,4,0.1,33.41,0.91,2,2.238274,15.271763,1.238564,1
CUST_006804,28.23,68.68,1059.31,33,40.45,11,0.15,29.68,1.17,0,2.432873,15.42385,1.432873,1
CUST_004364,32.29,27.5,429.69,12,-4.78,15,0.87,34.25,0.94,0,0.851657,15.625091,-0.148033,0
CUST_003184,32.72,24.72,468.19,5,-7.99,20,0.82,33.89,0.87,0,0.755501,18.939725,-0.244193,0
CUST_006178,38.01,25.64,442.96,30,-12.38,2,0.28,34.57,0.87,0,0.674559,17.276131,-0.325704,1
CUST_000666,33.3,33.81,728.34,5,0.51,212,0.96,30.49,1.18,0,1.015315,21.542147,0.015315,0
CUST_005124,16.01,37.61,750.82,18,21.6,172,0.04,16.64,0.94,1,2.349157,19.963308,1.349157,1
CUST_003146,20.57,25.19,505.38,9,4.62,216,0.89,18.83,1.07,0,1.224599,20.062723,0.224599,0
CUST_002299,16.8,15.59,277.22,8,-1.22,210,0.97,15.53,0.89,0,0.927976,17.781911,-0.072619,0
CUST_002772,26.6,27.14,560.38,8,0.54,46,0.75,26.29,1.0,0,1.020301,20.647752,0.020301,0
CUST_002899,25.04,28.95,627.13,7,3.91,168,0.65,23.33,1.15,0,1.15615,21.662522,0.15615,0
CUST_000922,21.07,18.1,353.11,4,-2.97,16,0.99,21.49,1.01,0,0.859041,19.50884,-0.140959,0
CUST_008632,24.96,10.36,110.17,35,-14.6,120,0.08,22.76,1.04,0,0.415064,10.63417,-0.584936,1
CUST_007325,25.91,40.89,928.38,33,14.97,163,0.08,26.58,1.05,0,1.578155,22.704329,0.577769,1
CUST_005497,19.45,21.69,342.01,32,2.24,11,0.04,18.37,1.17,1,1.115167,15.768096,0.115167,1
CUST_004751,25.09,18.33,284.05,3,-6.76,151,0.76,25.31,0.85,0,0.73057,15.496454,-0.26943,0
CUST_005213,27.91,63.95,1259.5,33,36.04,3,0.33,28.43,0.92,3,2.291293,19.695074,1.291293,1
CUST_005419,20.63,17.92,442.71,58,-2.71,221,0.33,19.42,0.83,1,0.868638,24.704799,-0.131362,1
CUST_007263,34.75,31.58,775.03,46,-3.17,9,0.1,32.39,0.93,2,0.908777,24.541799,-0.091223,1
CUST_008308,16.41,33.7,750.95,43,17.29,122,0.68,17.77,0.82,1,2.053626,22.283383,1.053626,1
CUST_004155,18.71,20.41,423.26,15,1.7,15,1.0,20.79,1.02,0,1.090861,20.737874,0.090861,0
CUST_007444,30.71,82.03,1343.85,15,51.32,2,0.11,31.37,1.07,0,2.671117,16.382421,1.671117,1
CUST_004992,31.05,33.78,566.4,9,2.72,32,0.4,32.51,1.14,0,1.087923,16.767318,0.087601,0
CUST_009094,26.56,69.66,954.23,31,43.1,9,0.54,26.84,1.05,1,2.622741,13.698392,1.622741,1
CUST_000921,21.9,18.26,455.04,7,-3.64,180,0.87,21.33,0.86,0,0.83379,24.920044,-0.16621,0
CUST_003402,22.7,21.51,448.82,10,-1.19,163,0.75,23.6,0.83,0,0.947577,20.865644,-0.052423,0
CUST_009961,14.63,32.02,704.95,40,17.39,198,0.25,17.56,0.88,1,2.188653,22.015928,1.188653,1
CUST_000253,17.24,20.78,491.23,4,3.54,133,0.84,16.35,1.13,0,1.205336,23.639557,0.205336,0
CUST_009676,29.2,32.76,523.34,25,3.56,212,0.12,32.2,1.1,3,1.121918,15.974969,0.121918,1
CUST_009885,17.22,40.2,697.99,42,22.98,145,0.13,18.89,0.93,3,2.334495,17.362935,1.334495,1
CUST_007882,29.81,45.87,1039.68,23,16.06,6,0.05,32.5,0.93,0,1.538745,22.665795,0.538745,1
CUST_000998,18.79,19.14,416.41,3,0.35,124,0.92,20.27,0.93,0,1.018627,21.756008,0.018627,0
CUST_002930,32.4,40.61,895.82,8,8.21,107,0.98,31.92,1.14,0,1.253395,22.059099,0.253395,0
CUST_002682,15.42,12.9,290.53,10,-2.52,226,0.79,15.72,0.85,0,0.836576,22.521705,-0.163424,0
CUST_001265,29.32,26.23,581.0,10,-3.09,174,0.97,31.46,0.9,0,0.894611,22.15021,-0.105389,0
CUST_001479,20.94,22.4,415.98,6,1.46,108,0.94,21.4,1.09,0,1.069723,18.570536,0.069723,0
CUST_002293,30.7,25.19,506.62,6,-5.51,161,0.64,33.23,0.96,0,0.820521,20.111949,-0.179479,0
CUST_005675,16.58,42.71,706.64,30,26.13,233,0.36,20.45,1.03,1,2.575995,16.545071,1.575995,1
CUST_007058,20.19,21.27,396.77,58,1.08,3,0.02,18.7,1.0,2,1.053492,18.653973,0.053492,1
CUST_004950,19.69,23.19,532.35,7,3.5,120,0.87,18.18,1.05,0,1.177755,22.956016,0.177755,0
CUST_007776,23.88,56.83,1039.39,36,32.96,8,0.07,26.14,0.95,0,2.379816,18.28946,1.380235,1
CUST_003543,24.55,33.31,730.9,9,8.76,32,0.94,25.3,1.2,0,1.356823,21.94236,0.356823,0
CUST_003262,16.58,19.72,462.36,6,3.15,206,0.82,16.76,1.06,0,1.189385,23.446247,0.189988,0
CUST_008490,33.64,60.49,1460.55,44,26.85,7,0.07,33.26,0.91,1,1.798157,24.145313,0.798157,1
CUST_001483,31.8,32.39,661.3,11,0.59,238,0.99,29.17,1.02,0,1.018553,20.416795,0.018553,0
CUST_006914,16.54,15.55,312.71,40,-0.99,8,0.38,15.68,0.92,1,0.940145,20.109968,-0.059855,1
CUST_003286,15.91,13.94,273.9,14,-1.97,35,0.97,17.35,0.84,0,0.876179,19.648494,-0.123821,0
CUST_003527,25.48,27.92,554.8,11,2.44,211,0.67,25.63,1.13,0,1.095761,19.87106,0.095761,0
CUST_005048,27.46,26.44,517.63,37,-1.02,4,0.18,30.12,0.94,2,0.962855,19.577534,-0.037145,1
CUST_002658,27.76,24.66,419.81,6,-3.1,166,0.94,27.04,1.02,0,0.888329,17.023925,-0.111671,0
CUST_001794,17.72,14.58,359.48,5,-3.14,71,0.96,19.36,0.84,0,0.822799,24.655693,-0.177201,0
CUST_005165,26.22,8.73,136.9,19,-17.49,11,0.05,22.47,0.83,1,0.332952,15.681558,-0.667048,1
CUST_006611,13.95,39.84,844.41,38,25.89,10,0.05,17.0,1.14,0,2.855914,21.19503,1.855914,1
CUST_003817,14.07,16.77,339.2,10,2.7,140,0.97,15.07,1.05,0,1.191898,20.226595,0.191898,0
CUST_004760,36.45,33.59,532.0,5,-2.86,68,0.98,33.62,0.87,0,0.921536,15.838047,-0.078464,0
CUST_000917,34.12,34.17,800.74,3,0.06,150,0.71,32.5,1.03,0,1.001465,23.434006,0.001758,0
CUST_009421,24.18,69.93,1003.05,15,45.75,9,0.13,25.99,1.16,1,2.89206,14.343629,1.89206,1
CUST_008118,18.83,6.5,100.0,36,-12.33,8,0.22,15.12,0.86,1,0.345194,15.384615,-0.654806,1
CUST_002596,24.88,18.62,300.79,5,-6.26,51,0.92,25.24,0.85,0,0.748392,16.154135,-0.251608,0
CUST_001103,24.49,29.98,455.04,7,5.5,77,0.99,22.31,1.15,0,1.224173,15.178119,0.224581,0
CUST_002301,27.97,23.5,404.12,5,-4.46,64,0.47,28.69,0.84,0,0.840186,17.196596,-0.159457,0
CUST_005631,22.06,10.28,139.34,25,-11.78,171,0.35,20.63,1.17,2,0.466002,13.554475,-0.533998,1
CUST_004645,34.4,32.92,802.28,10,-1.47,186,0.77,33.39,0.83,0,0.956977,24.370595,-0.042733,0
CUST_002755,30.14,31.96,766.22,6,1.82,32,0.89,33.48,0.98,0,1.060385,23.974343,0.060385,0
CUST_005555,28.75,19.42,308.65,30,-9.33,3,0.06,31.63,1.11,0,0.675478,15.893409,-0.324522,1
CUST_000704,31.51,32.54,775.49,8,1.03,126,0.99,29.38,1.15,0,1.032688,23.831899,0.032688,0
CUST_006165,34.46,37.71,737.06,43,3.25,237,0.25,33.73,1.19,2,1.094312,19.545479,0.094312,1
CUST_003035,34.06,40.25,722.81,12,6.18,134,0.79,31.71,1.17,0,1.181738,17.958012,0.181445,0
CUST_001972,26.17,31.32,550.38,9,5.15,179,0.98,28.16,1.05,0,1.19679,17.572797,0.19679,0
CUST_003075,15.16,16.14,257.92,8,0.98,196,0.98,16.33,0.93,0,1.064644,15.980173,0.064644,0
CUST_005228,33.69,53.41,810.99,32,19.72,10,0.17,33.03,1.07,0,1.585337,15.184235,0.585337,1
CUST_004386,31.06,30.61,748.12,6,-0.45,99,0.99,30.54,0.93,0,0.985512,24.440379,-0.014488,0
CUST_003223,17.53,18.91,412.64,12,1.38,194,0.78,16.99,1.2,0,1.078722,21.821259,0.078722,0
CUST_001264,18.88,23.58,488.99,6,4.7,29,1.0,18.02,1.17,0,1.248941,20.737489,0.248941,0
CUST_002454,25.74,25.78,498.2,9,0.03,134,0.76,24.84,0.93,0,1.001554,19.325058,0.001166,0
CUST_004435,26.08,23.47,478.08,5,-2.61,107,0.98,27.42,0.83,0,0.899923,20.369834,-0.100077,0
CUST_003761,18.34,19.43,347.16,7,1.09,220,0.88,18.12,0.94,1,1.059433,17.867216,0.059433,0
CUST_005538,26.78,80.29,1104.02,19,53.51,3,0.16,26.9,1.2,3,2.998133,13.750405,1.998133,1
CUST_000662,21.07,25.68,636.69,11,4.61,136,0.92,23.35,1.08,0,1.218794,24.793224,0.218794,0
CUST_006678,30.24,29.43,613.19,43,-0.81,130,0.11,29.73,0.99,1,0.973214,20.835542,-0.026786,1
CUST_000621,20.97,20.46,466.88,3,-0.51,67,0.98,22.29,1.11,0,0.97568,22.819159,-0.02432,0
CUST_005923,26.85,24.36,369.83,25,-2.49,170,0.16,26.53,0.92,1,0.907263,15.181856,-0.092737,1
CUST_004652,22.58,21.75,478.43,3,-0.83,181,0.66,24.42,1.06,0,0.963242,21.996782,-0.036758,0
CUST_000228,32.69,35.44,660.15,4,2.75,237,0.9,31.84,0.99,0,1.084124,18.627257,0.084124,0
CUST_000739,26.41,26.17,536.39,7,-0.24,214,0.99,25.79,1.08,0,0.990913,20.49637,-0.009087,0
CUST_006643,21.38,18.02,296.13,29,-3.36,6,0.42,21.34,0.81,3,0.842844,16.433407,-0.157156,1
CUST_004715,23.4,17.72,372.83,7,-5.68,101,0.73,21.93,0.82,0,0.757265,21.040068,-0.242735,0
CUST_004235,15.85,18.29,431.63,7,2.44,180,0.64,17.07,1.11,0,1.153943,23.599235,0.153943,0
CUST_002616,35.32,33.85,630.34,10,-1.47,122,0.81,32.48,0.98,0,0.958381,18.621566,-0.041619,0
CUST_007053,32.08,23.87,365.34,35,-8.21,2,0.19,31.06,0.83,1,0.744077,15.305404,-0.255923,1
CUST_005917,16.8,19.61,323.19,41,2.81,6,0.38,18.38,1.19,1,1.167262,16.480877,0.167262,1
CUST_003968,24.07,20.1,397.68,10,-3.97,158,0.99,26.53,0.87,0,0.835064,19.785075,-0.164936,0
CUST_002663,20.35,20.47,373.46,7,0.12,133,0.85,19.7,0.91,0,1.005897,18.24426,0.005897,0
CUST_008215,28.52,65.36,1394.02,43,36.84,165,0.3,29.54,0.92,2,2.291725,21.328335,1.291725,1
CUST_002357,37.77,37.54,830.86,7,-0.24,60,0.83,34.5,0.88,0,0.993911,22.132658,-0.006354,0
CUST_007862,30.56,88.63,1800.68,31,58.07,175,0.46,32.71,1.16,0,2.900196,20.316823,1.900196,1
CUST_009828,18.34,46.37,897.68,33,28.03,10,0.31,19.01,1.01,0,2.528353,19.359068,1.528353,1
CUST_006754,25.7,59.23,1207.33,41,33.53,126,0.36,26.81,0.92,1,2.304669,20.383758,1.304669,1
CUST_006913,33.79,13.82,207.49,39,-19.97,10,0.03,29.23,1.02,2,0.408997,15.013748,-0.591003,1
CUST_008479,16.63,43.09,916.28,40,26.46,125,0.02,17.71,1.04,1,2.5911,21.26433,1.5911,1
CUST_004261,21.31,24.54,375.77,7,3.24,133,0.83,20.99,1.16,0,1.151572,15.312551,0.152041,0
CUST_003334,27.03,30.12,602.51,5,3.08,233,0.85,29.48,1.06,0,1.114317,20.003652,0.113947,0
CUST_003647,30.53,26.78,437.34,4,-3.75,68,0.74,33.62,0.82,0,0.87717,16.330844,-0.12283,0
CUST_006547,22.79,14.02,251.39,35,-8.77,212,0.01,24.16,1.04,2,0.615182,17.930813,-0.384818,1
CUST_006308,17.18,22.28,462.93,28,5.1,232,0.02,17.0,1.06,1,1.296857,20.777828,0.296857,1
CUST_008312,12.81,29.06,568.49,40,16.25,5,0.37,15.49,0.91,1,2.26854,19.562629,1.26854,1
CUST_006112,32.44,14.05,216.09,42,-18.39,11,0.03,27.55,1.08,1,0.433107,15.380071,-0.566893,1
CUST_007059,21.17,52.68,1104.06,39,31.51,178,0.11,20.24,0.84,2,2.488427,20.957859,1.488427,1
CUST_001876,38.09,36.59,643.17,5,-1.5,56,0.8,34.91,0.86,0,0.96062,17.577753,-0.03938,0
CUST_007822,26.32,64.02,1489.36,38,37.71,9,0.1,25.28,0.81,1,2.432371,23.26398,1.432751,1
CUST_004870,20.41,20.85,483.27,8,0.44,69,0.98,20.13,1.01,0,1.021558,23.178417,0.021558,0
CUST_000784,19.09,18.42,310.8,6,-0.67,192,0.96,18.6,0.94,0,0.964903,16.872964,-0.035097,0
CUST_002305,23.33,20.98,385.46,8,-2.35,207,0.98,22.12,0.97,1,0.899271,18.372736,-0.100729,0
CUST_000755,25.44,29.97,720.89,10,4.53,165,0.96,24.68,1.13,0,1.178066,24.05372,0.178066,0
CUST_003953,31.45,22.11,505.44,10,-9.34,189,0.73,33.13,0.82,0,0.703021,22.860244,-0.296979,0
CUST_003959,21.74,18.94,285.27,3,-2.8,142,0.96,21.94,0.96,0,0.871205,15.061774,-0.128795,0
CUST_005067,14.4,33.9,539.4,28,19.5,9,0.01,16.29,0.94,2,2.354167,15.911504,1.354167,1
CUST_000815,15.32,16.32,288.5,5,1.0,132,0.77,15.9,1.06,0,1.065274,17.677696,0.065274,0
CUST_002952,33.01,31.38,761.61,11,-1.63,150,0.9,34.06,0.92,0,0.950621,24.270554,-0.049379,0
CUST_000036,22.21,21.35,380.85,6,-0.86,50,0.78,21.44,0.88,0,0.961279,17.838407,-0.038721,0
CUST_003879,20.86,15.39,360.93,10,-5.48,140,1.0,19.71,0.85,1,0.737776,23.452242,-0.262704,0
CUST_004879,16.96,20.02,455.64,9,3.06,61,0.95,17.69,1.03,0,1.180425,22.759241,0.180425,0
CUST_000947,22.95,27.16,555.88,6,4.22,155,0.87,22.25,1.1,0,1.183442,20.466863,0.183878,0
CUST_008957,22.92,63.63,1064.13,36,40.71,10,0.02,24.18,1.11,3,2.776178,16.723715,1.776178,1
CUST_004204,22.92,22.59,485.45,6,-0.33,207,0.95,21.09,0.9,0,0.985602,21.489597,-0.014398,0
CUST_004380,32.06,31.74,481.47,12,-0.31,29,0.72,31.9,0.94,1,0.990019,15.169187,-0.009669,0
CUST_006133,18.56,6.2,100.0,35,-12.36,6,0.16,16.64,0.84,1,0.334052,16.129032,-0.665948,1
CUST_006940,17.86,21.41,412.88,48,3.56,11,0.01,16.72,1.17,3,1.198768,19.284447,0.199328,1
CUST_001462,20.3,17.92,331.63,8,-2.37,150,0.98,18.46,0.88,0,0.882759,18.506138,-0.116749,0
CUST_008493,15.57,39.33,717.83,43,23.76,176,0.07,17.69,1.01,0,2.526012,18.251462,1.526012,1
CUST_008342,12.98,28.9,611.38,15,15.92,190,0.17,16.22,0.89,1,2.226502,21.155017,1.226502,1
CUST_000169,29.86,27.68,683.8,6,-2.18,95,0.92,28.43,1.05,0,0.926993,24.703757,-0.073007,0
CUST_005231,34.35,15.06,172.9,15,-19.3,5,0.39,26.55,1.1,1,0.438428,11.480744,-0.561863,1
CUST_001767,27.43,35.14,562.85,3,7.71,137,0.73,25.72,1.19,0,1.281079,16.017359,0.281079,0
CUST_006715,21.69,7.46,100.0,33,-14.23,5,0.2,19.14,0.86,0,0.343937,13.404826,-0.656063,1
CUST_002701,17.03,16.23,257.7,4,-0.8,80,0.77,18.66,0.85,1,0.953024,15.878004,-0.046976,0
CUST_002388,17.54,15.88,250.76,7,-1.66,198,0.92,17.72,0.9,0,0.905359,15.790932,-0.094641,0
CUST_006541,18.17,49.75,795.42,29,31.58,202,0.03,21.88,1.1,0,2.73803,15.988342,1.73803,1
CUST_004515,23.09,26.31,522.26,7,3.22,206,0.69,21.98,1.07,0,1.139454,19.850247,0.139454,0
CUST_003690,24.23,25.02,477.14,6,0.79,57,0.47,24.14,0.92,0,1.032604,19.070344,0.032604,0
CUST_005843,34.86,13.8,190.54,38,-21.06,7,0.1,28.89,0.99,2,0.395869,13.807246,-0.604131,1
CUST_002121,31.44,24.56,580.71,2,-6.89,62,0.91,32.62,0.87,0,0.78117,23.644544,-0.219148,0
CUST_003532,30.63,30.13,744.91,6,-0.5,66,0.5,28.47,1.09,0,0.983676,24.723199,-0.016324,0
CUST_009057,19.97,18.46,433.92,27,-1.51,7,0.2,22.11,1.0,1,0.924387,23.505959,-0.075613,1
CUST_000029,36.99,35.9,543.34,2,-1.09,235,0.93,34.71,0.95,0,0.970533,15.134819,-0.029467,0
CUST_009872,18.92,21.71,329.5,36,2.79,5,0.03,18.81,1.08,1,1.147463,15.177338,0.147463,1
CUST_002387,26.26,28.19,574.4,6,1.93,213,0.93,25.96,0.94,0,1.073496,20.37602,0.073496,0
CUST_008109,25.12,30.13,565.03,26,5.01,229,0.12,23.11,1.18,3,1.199443,18.75307,0.199443,1
CUST_005798,24.34,72.61,1214.7,24,48.27,8,0.18,29.46,1.19,2,2.983155,16.729101,1.983155,1
CUST_000197,28.08,25.63,429.13,7,-2.45,234,0.92,30.54,0.83,0,0.912749,16.74327,-0.087251,0
CUST_005987,19.62,9.22,171.44,42,-10.39,3,0.08,21.26,0.82,0,0.469929,18.59436,-0.529562,1
CUST_001467,16.0,13.08,259.14,12,-2.91,36,0.79,16.35,0.85,0,0.8175,19.811927,-0.181875,0
CUST_005149,29.32,10.44,126.02,37,-18.88,4,0.12,27.61,0.89,2,0.356071,12.070881,-0.643929,1
CUST_002246,30.61,38.99,636.66,8,8.38,195,0.91,33.37,1.18,0,1.273767,16.328802,0.273767,0
CUST_000219,18.4,19.96,314.73,4,1.56,167,0.81,17.61,1.03,0,1.084783,15.768036,0.084783,0
CUST_009599,14.13,13.82,288.73,32,-0.31,177,0.1,15.27,0.92,1,0.978061,20.892185,-0.021939,1
CUST_008903,32.8,19.2,406.27,19,-13.61,5,0.2,34.05,1.0,0,0.585366,21.159896,-0.414939,1
CUST_002372,30.59,32.85,622.27,9,2.26,24,0.96,32.75,1.14,0,1.07388,18.94277,0.07388,0
CUST_006122,13.43,27.59,434.7,25,14.16,1,0.0,15.42,0.82,1,2.054356,15.755709,1.054356,1
CUST_009822,20.82,9.16,122.04,20,-11.66,192,0.06,17.69,1.1,1,0.439962,13.323144,-0.560038,1
CUST_001921,22.26,21.93,398.47,7,-0.33,41,0.9,20.77,0.93,0,0.985175,18.170087,-0.014825,0
CUST_002371,25.29,30.47,519.71,6,5.18,232,0.93,25.44,1.16,0,1.204824,17.056449,0.204824,0
CUST_000656,28.69,25.18,510.59,9,-3.5,199,0.85,28.19,0.89,0,0.877658,20.277601,-0.121994,0
CUST_003629,28.08,21.96,343.97,6,-6.12,17,0.87,29.29,0.92,0,0.782051,15.663479,-0.217949,0
CUST_002572,24.63,24.89,530.23,6,0.26,223,0.52,25.5,1.07,0,1.010556,21.302933,0.010556,0
CUST_008502,26.01,42.28,833.09,39,16.27,4,0.08,27.22,1.09,0,1.625529,19.704115,0.625529,1
CUST_004085,22.56,19.78,479.48,8,-2.78,100,0.77,21.37,0.95,0,0.876773,24.240647,-0.123227,0
CUST_001206,30.43,28.93,714.61,3,-1.5,139,0.97,31.9,1.09,0,0.950707,24.701348,-0.049293,0
CUST_003740,27.14,27.03,511.49,10,-0.11,214,0.74,28.16,0.89,0,0.995947,18.923048,-0.004053,0
CUST_001837,24.97,18.86,348.46,7,-6.11,130,0.99,23.81,0.86,0,0.755306,18.47614,-0.244694,0
CUST_006966,25.51,51.59,817.8,40,26.08,11,0.02,26.75,0.81,1,2.022344,15.851909,1.022344,1
CUST_005911,28.58,72.43,1185.4,43,43.85,10,0.05,32.51,1.01,0,2.53429,16.366147,1.53429,1
CUST_000742,30.84,37.02,760.78,8,6.18,90,0.96,28.59,1.06,0,1.200389,20.550513,0.200389,0
CUST_005512,15.61,31.97,447.01,34,16.36,11,0.42,15.99,0.82,1,2.048046,13.982171,1.048046,1
CUST_000019,15.26,12.82,240.24,5,-2.45,97,0.98,15.29,0.85,0,0.840105,18.73947,-0.16055,0
CUST_004566,31.56,29.48,577.13,12,-2.08,211,0.76,34.12,0.86,0,0.934094,19.577001,-0.065906,0
CUST_002887,33.62,30.39,468.03,10,-3.23,196,0.85,31.63,1.05,0,0.903926,15.40079,-0.096074,0
CUST_000874,35.99,31.24,541.23,6,-4.75,140,0.99,34.0,0.84,0,0.868019,17.324904,-0.131981,0
CUST_002470,19.2,17.0,414.32,10,-2.19,208,0.86,20.86,1.02,0,0.885417,24.371765,-0.114062,0
CUST_000790,27.43,31.7,753.01,3,4.27,170,0.78,28.46,1.13,0,1.155669,23.754259,0.155669,0
CUST_002126,25.71,28.63,664.39,7,2.91,13,0.94,24.19,1.05,0,1.113574,23.206078,0.113186,0
CUST_003806,17.43,14.9,343.84,6,-2.53,18,0.98,15.96,0.85,0,0.854848,23.07651,-0.145152,0
CUST_002532,34.19,33.25,790.56,6,-0.94,159,0.96,33.08,0.85,0,0.972507,23.776241,-0.027493,0
CUST_004992,31.05,33.78,566.4,9,2.72,32,0.4,32.51,1.14,0,1.087923,16.767318,0.087601,0
CUST_004257,30.12,34.9,608.33,5,4.78,162,0.7,31.46,1.01,0,1.158699,17.430659,0.158699,0
CUST_007570,23.78,53.89,949.75,37,30.11,11,0.04,25.21,0.91,0,2.26619,17.623863,1.26619,1
CUST_001562,18.29,19.86,303.44,3,1.57,167,0.87,19.16,1.11,0,1.085839,15.278953,0.085839,0
CUST_002970,32.69,40.32,749.05,8,7.63,20,0.72,33.75,1.08,0,1.233405,18.577629,0.233405,0
CUST_003393,19.01,18.87,364.7,7,-0.14,184,0.81,18.72,1.0,0,0.992635,19.326974,-0.007365,0
CUST_005942,24.7,59.28,1162.18,27,34.58,6,0.03,26.73,0.96,0,2.4,19.604926,1.4,1
CUST_009728,26.06,63.38,1173.99,15,37.32,219,0.03,23.9,0.97,1,2.43208,18.523036,1.43208,1
CUST_002578,28.94,29.91,728.56,10,0.97,34,0.76,32.13,1.2,0,1.033518,24.358409,0.033518,0
CUST_007267,19.35,36.86,782.3,34,17.51,194,0.13,19.84,1.01,2,1.90491,21.223549,0.90491,1
CUST_000131,29.68,22.47,466.79,3,-7.21,14,0.99,29.48,0.85,0,0.757075,20.773921,-0.242925,0
CUST_004047,28.19,24.16,407.32,9,-4.02,125,0.99,26.99,0.99,0,0.857042,16.859272,-0.142604,0
CUST_001476,26.67,31.86,730.66,3,5.19,56,0.64,29.45,1.04,0,1.194601,22.933459,0.194601,0
CUST_005113,23.85,63.5,1104.47,36,39.65,3,0.33,26.59,1.06,1,2.662474,17.393228,1.662474,1
CUST_002956,18.89,23.28,496.26,10,4.39,182,0.94,18.1,1.17,0,1.232398,21.31701,0.232398,0
CUST_006456,17.6,19.38,311.16,44,1.77,147,0.02,16.01,1.12,2,1.101136,16.055728,0.100568,1
CUST_006999,21.73,64.55,981.9,29,42.82,3,0.02,24.5,1.19,0,2.970548,15.211464,1.970548,1
CUST_006975,25.14,9.99,169.68,42,-15.15,11,0.14,20.9,0.99,0,0.397375,16.984985,-0.602625,1
CUST_001837,24.97,18.86,348.46,7,-6.11,130,0.99,23.81,0.86,0,0.755306,18.47614,-0.244694,0
CUST_000415,18.7,17.48,268.32,6,-1.22,192,0.81,17.97,1.02,0,0.934759,15.350114,-0.065241,0
CUST_004751,25.09,18.33,284.05,3,-6.76,151,0.76,25.31,0.85,0,0.73057,15.496454,-0.26943,0
CUST_000625,16.0,13.17,250.33,6,-2.83,104,0.78,15.5,0.95,0,0.823125,19.007593,-0.176875,0
CUST_009237,23.7,68.61,1424.78,29,44.9,7,0.12,25.45,1.16,1,2.894937,20.766361,1.894515,1
CUST_004967,19.85,21.89,439.59,4,2.03,99,0.92,21.93,1.19,0,1.102771,20.081772,0.102267,0
CUST_004828,21.11,16.92,409.18,7,-4.19,24,0.92,21.85,0.93,0,0.801516,24.183215,-0.198484,0
CUST_003297,37.18,30.99,705.28,4,-6.19,137,0.8,33.8,0.84,0,0.833513,22.758309,-0.166487,0
CUST_009811,23.12,8.58,119.37,18,-14.54,6,0.18,19.93,0.93,1,0.371107,13.912587,-0.628893,1
CUST_007396,20.35,7.42,104.42,18,-12.93,6,0.1,16.24,0.91,1,0.364619,14.072776,-0.635381,1
CUST_009339,21.66,59.84,1153.64,18,38.18,188,0.0,24.27,1.1,0,2.762696,19.278743,1.762696,1
CUST_002178,31.36,33.89,689.87,5,2.53,179,0.93,29.94,1.0,0,1.080676,20.356152,0.080676,0
CUST_002186,30.1,31.81,513.16,12,1.71,71,0.68,31.79,0.93,1,1.056811,16.132034,0.056811,0
CUST_006334,24.05,25.6,457.36,34,1.54,2,0.18,23.94,1.06,0,1.064449,17.865625,0.064033,1
CUST_005347,21.2,7.76,100.0,41,-13.44,4,0.1,19.01,0.92,1,0.366038,12.886598,-0.633962,1
CUST_002145,27.72,22.77,508.31,6,-4.96,130,0.8,29.76,0.91,0,0.821429,22.323671,-0.178932,0
CUST_001819,21.01,19.77,299.42,9,-1.24,219,0.94,20.94,0.86,0,0.94098,15.145169,-0.05902,0
CUST_000161,17.64,16.9,376.83,5,-0.73,106,0.84,17.56,1.11,1,0.95805,22.297633,-0.041383,0
CUST_001126,15.32,11.93,185.05,9,-3.39,40,0.99,15.91,0.86,0,0.778721,15.511316,-0.221279,0
CUST_009597,19.41,46.41,904.74,35,27.01,197,0.19,23.22,0.96,0,2.391036,19.494505,1.391551,1
CUST_002636,21.27,16.61,390.21,6,-4.66,43,0.96,22.66,0.88,0,0.780912,23.492474,-0.219088,0
CUST_001303,19.57,22.47,465.96,13,2.9,115,0.95,20.86,1.05,0,1.148186,20.736983,0.148186,0
CUST_001874,35.85,34.47,816.71,7,-1.38,93,0.72,34.88,0.94,0,0.961506,23.693357,-0.038494,0
CUST_003074,24.24,18.04,405.14,14,-6.2,117,0.67,25.24,0.85,1,0.744224,22.457871,-0.255776,0
CUST_004321,16.25,19.57,332.86,7,3.32,139,0.93,16.11,1.18,0,1.204308,17.008687,0.204308,0
CUST_007078,18.63,7.09,103.18,22,-11.54,1,0.13,17.02,0.95,1,0.380569,14.552891,-0.619431,1
CUST_004088,33.73,36.63,661.61,7,2.9,47,0.99,32.5,0.96,0,1.085977,18.061971,0.085977,0
CUST_009411,21.12,16.81,283.83,41,-4.31,133,0.13,22.71,0.87,0,0.795928,16.884593,-0.204072,1
CUST_003256,33.71,29.77,502.15,6,-3.94,110,0.92,32.88,0.98,0,0.883121,16.867652,-0.116879,0
CUST_004822,15.6,16.54,396.75,11,0.93,236,0.94,16.17,1.12,0,1.060256,23.987304,0.059615,0
CUST_002659,32.83,30.94,757.53,2,-1.9,53,0.54,34.83,0.86,0,0.942431,24.48384,-0.057874,0
CUST_006056,26.77,9.54,114.18,38,-17.23,195,0.05,26.41,0.89,1,0.356369,11.968553,-0.643631,1
CUST_006967,22.72,8.16,139.79,33,-14.56,123,0.22,20.32,0.9,1,0.359155,17.131127,-0.640845,1
CUST_007509,34.97,15.01,198.75,35,-19.96,11,0.16,33.14,1.07,2,0.429225,13.241173,-0.570775,1
CUST_003375,25.0,23.1,568.49,7,-1.89,130,0.83,25.94,0.88,0,0.924,24.609957,-0.0756,0
CUST_005854,14.62,30.52,502.58,22,15.9,228,0.03,15.76,1.12,0,2.087551,16.467235,1.087551,1
CUST_008639,24.18,53.47,781.47,37,29.29,2,0.39,24.82,0.88,1,2.211332,14.615111,1.211332,1
CUST_002848,15.42,14.7,299.6,8,-0.72,67,0.92,15.01,0.99,0,0.953307,20.380952,-0.046693,0
CUST_008806,25.53,27.38,417.66,51,1.85,238,0.07,23.3,1.11,2,1.072464,15.2542,0.072464,1
CUST_009652,29.11,58.72,1243.02,25,29.6,229,0.2,33.81,0.81,1,2.017176,21.168597,1.016833,1
CUST_007629,37.33,14.87,228.57,27,-22.47,5,0.02,34.19,1.0,1,0.398339,15.371217,-0.601929,1
CUST_002820,19.32,15.76,317.45,3,-3.57,47,0.8,18.38,0.86,0,0.815735,20.142766,-0.184783,0
CUST_006294,34.34,76.19,1694.57,24,41.85,171,0.0,34.46,0.87,2,2.218695,22.24137,1.218695,1
CUST_003941,29.9,31.15,585.94,5,1.25,35,0.87,29.68,1.16,0,1.041806,18.810273,0.041806,0
CUST_002224,25.65,25.7,424.92,6,0.05,157,0.67,24.65,1.13,0,1.001949,16.533852,0.001949,0
CUST_004897,33.76,29.75,627.15,9,-4.01,234,0.77,32.34,0.98,0,0.88122,21.080672,-0.11878,0
CUST_002993,28.32,30.1,456.2,6,1.78,208,0.88,27.09,1.03,0,1.062853,15.156146,0.062853,0
CUST_007831,23.35,25.11,483.52,27,1.75,9,0.08,22.62,0.84,2,1.075375,19.256073,0.074946,1
CUST_003465,16.69,17.81,373.67,3,1.13,121,0.9,17.39,0.95,0,1.067106,20.98091,0.067705,0
CUST_003665,16.91,17.77,399.8,7,0.86,130,0.73,18.19,1.0,0,1.050857,22.498593,0.050857,0
CUST_001138,14.98,12.25,227.99,8,-2.73,147,0.83,16.33,0.89,0,0.817757,18.611429,-0.182243,0
CUST_001269,31.95,42.67,644.81,8,10.72,202,0.82,30.42,1.17,0,1.335524,15.111554,0.335524,0
CUST_001095,26.95,30.97,641.93,7,4.03,146,0.82,27.72,1.2,0,1.149165,20.727478,0.149536,0
CUST_000252,33.84,39.21,805.84,5,5.37,188,0.9,32.23,1.03,0,1.158688,20.5519,0.158688,0
CUST_008823,26.2,70.86,1562.71,18,44.66,135,0.27,28.05,1.08,1,2.70458,22.053486,1.70458,1
CUST_000418,27.46,19.71,362.0,9,-7.75,63,0.93,28.35,0.81,0,0.717771,18.366312,-0.282229,0
CUST_004649,22.23,19.39,328.76,6,-2.84,32,0.95,21.87,0.88,0,0.872245,16.955132,-0.127755,0
CUST_009946,27.93,12.3,163.88,38,-15.63,145,0.32,26.69,1.1,0,0.440387,13.323577,-0.559613,1
CUST_006591,31.45,39.36,787.26,26,7.91,182,0.04,29.53,1.18,0,1.25151,20.001524,0.25151,1
CUST_000092,23.2,22.63,542.82,8,-0.57,227,0.91,25.65,1.09,0,0.975431,23.986743,-0.024569,0
CUST_002135,29.95,21.68,482.0,6,-8.27,90,0.91,27.3,0.84,0,0.723873,22.232472,-0.276127,0
CUST_008195,26.92,21.24,444.25,39,-5.68,177,0.14,29.55,0.81,0,0.789004,20.915725,-0.210996,1
CUST_004601,22.64,23.39,404.54,6,0.75,50,0.83,21.34,1.19,0,1.033127,17.295425,0.033127,0
CUST_005847,17.64,5.71,138.12,34,-11.93,9,0.04,17.25,0.99,2,0.323696,24.189142,-0.676304,1
CUST_000417,35.07,46.13,960.65,6,11.05,71,0.7,34.67,1.18,0,1.315369,20.824843,0.315084,0
CUST_006384,27.11,60.24,865.86,25,33.13,148,0.0,27.26,0.89,1,2.222058,14.373506,1.222058,1
CUST_000383,22.0,22.75,386.83,9,0.74,53,0.94,21.2,1.0,0,1.034091,17.003516,0.033636,0
CUST_000130,33.06,30.28,489.3,10,-2.77,186,0.99,32.43,0.9,0,0.91591,16.159181,-0.083787,0
CUST_002424,23.6,23.18,453.78,9,-0.42,170,0.98,22.52,1.13,0,0.982203,19.576359,-0.017797,0
CUST_008852,23.45,14.74,271.69,20,-8.71,3,0.12,25.32,0.91,0,0.628571,18.432157,-0.371429,1
CUST_006508,26.57,65.15,907.06,39,38.58,226,0.24,29.05,0.98,3,2.452014,13.92264,1.452014,1
CUST_000068,25.17,25.23,386.71,11,0.07,112,0.97,27.77,0.96,0,1.002384,15.327388,0.002781,0
CUST_000643,25.61,23.24,536.36,12,-2.37,127,0.86,23.48,1.0,0,0.907458,23.079174,-0.092542,0
CUST_002370,35.46,32.53,533.83,7,-2.93,129,0.83,32.65,1.08,0,0.917372,16.41039,-0.082628,0
CUST_005657,20.72,6.67,101.04,29,-14.05,10,0.15,19.78,0.8,0,0.321911,15.148426,-0.678089,1
CUST_009724,31.37,51.19,964.96,24,19.82,199,0.07,33.8,0.97,2,1.631814,18.850557,0.631814,1
CUST_006953,20.55,9.66,119.68,34,-10.89,8,0.19,17.03,1.18,2,0.470073,12.389234,-0.529927,1
CUST_007817,29.1,50.67,1040.12,21,21.56,9,0.07,28.0,1.02,0,1.741237,20.527334,0.740893,1
CUST_005577,26.98,79.64,1158.37,41,52.66,1,0.36,27.4,1.18,1,2.951816,14.545078,1.951816,1
CUST_009319,29.11,66.72,1069.52,27,37.61,177,0.15,28.56,1.17,1,2.291996,16.029976,1.291996,1
CUST_004052,18.53,20.4,336.89,8,1.87,41,0.89,18.68,0.98,0,1.100917,16.514216,0.100917,0
CUST_005600,24.15,31.69,623.47,59,7.55,229,0.06,22.95,1.2,1,1.312215,19.67403,0.312629,1
CUST_000996,15.95,14.28,262.32,12,-1.67,124,0.94,17.38,0.87,0,0.895298,18.369748,-0.104702,0
CUST_004941,24.99,21.4,395.12,8,-3.58,33,0.99,26.88,0.89,0,0.856343,18.463551,-0.143257,0
CUST_000084,31.91,36.05,735.1,5,4.14,57,0.99,29.36,1.18,0,1.12974,20.391123,0.12974,0
CUST_007922,16.82,7.99,123.22,41,-8.84,1,0.09,16.71,1.19,2,0.47503,15.421777,-0.525565,1
CUST_009189,27.49,23.34,414.88,31,-4.15,8,0.19,26.75,0.91,0,0.849036,17.775493,-0.150964,1
CUST_000607,20.95,19.45,292.86,10,-1.5,190,0.98,22.22,1.04,0,0.928401,15.057069,-0.071599,0
CUST_000532,29.64,34.27,644.29,5,4.63,117,0.93,28.94,1.03,0,1.156208,18.800409,0.156208,0
CUST_004273,15.37,20.89,463.39,2,5.51,189,0.57,15.42,1.19,0,1.359141,22.182384,0.358491,0
CUST_007468,30.22,11.29,169.11,16,-18.92,4,0.23,27.3,0.93,0,0.373594,14.978742,-0.626075,1
CUST_002269,22.46,25.96,443.78,5,3.51,239,0.58,23.56,1.02,0,1.155833,17.094761,0.156278,0
CUST_007176,20.25,46.35,820.45,37,26.1,181,0.11,24.94,0.92,0,2.288889,17.701187,1.288889,1
CUST_006707,35.39,32.42,763.23,27,-2.97,4,0.27,32.81,0.84,0,0.916078,23.541949,-0.083922,1
CUST_000280,24.14,26.37,451.43,6,2.23,128,0.98,22.87,0.99,0,1.092378,17.119075,0.092378,0
CUST_009179,32.78,38.03,871.47,28,5.25,11,0.35,34.83,1.15,3,1.160159,22.91533,0.160159,1
CUST_001472,21.92,16.55,308.42,7,-5.37,167,0.77,20.18,0.87,0,0.755018,18.63565,-0.244982,0
CUST_007945,19.28,48.27,655.46,26,28.99,195,0.43,22.71,1.0,1,2.503631,13.579035,1.503631,1
CUST_003951,33.83,30.49,750.74,9,-3.34,222,0.68,30.98,0.96,0,0.901271,24.622499,-0.098729,0
CUST_002811,22.94,30.45,584.99,3,7.51,108,0.66,22.93,1.15,0,1.327376,19.211494,0.327376,0
CUST_003803,25.67,26.5,535.32,6,0.83,44,0.71,27.95,1.01,0,1.032333,20.200755,0.032333,0
CUST_004375,24.42,28.37,521.89,10,3.95,112,0.87,25.98,1.04,0,1.161753,18.395841,0.161753,0
CUST_003672,20.72,20.55,412.24,4,-0.17,175,0.96,21.06,0.95,0,0.991795,20.060341,-0.008205,0
CUST_008156,23.73,53.65,851.17,19,29.92,156,0.32,28.25,0.9,1,2.260851,15.865238,1.260851,1
CUST_005703,24.94,10.43,115.83,22,-14.51,11,0.17,24.59,1.05,1,0.418204,11.105465,-0.581796,1
CUST_006091,16.79,10.21,193.54,33,-6.58,11,0.1,18.25,1.01,0,0.6081,18.955926,-0.3919,1
CUST_003453,19.18,22.09,462.89,4,2.91,59,0.79,18.27,1.09,1,1.151721,20.954731,0.151721,0
CUST_008267,21.11,8.34,109.99,29,-12.77,3,0.22,19.42,0.99,1,0.395073,13.188249,-0.604927,1
CUST_003182,20.21,15.4,355.63,7,-4.81,212,0.49,22.44,0.85,1,0.761999,23.092857,-0.238001,0
CUST_000806,20.57,21.24,335.68,8,0.67,27,0.75,21.81,0.92,0,1.032572,15.804143,0.032572,0
CUST_008045,23.03,7.64,100.0,22,-15.39,229,0.56,18.74,0.83,2,0.331741,13.089005,-0.668259,1
CUST_009914,35.31,37.45,686.49,45,2.14,183,0.0,34.24,1.09,1,1.060606,18.330841,0.060606,1
CUST_002828,27.57,26.57,590.28,6,-1.01,214,0.88,26.71,1.12,0,0.963729,22.216033,-0.036634,0
CUST_005331,19.14,54.97,1193.01,36,35.83,193,0.11,20.4,1.15,1,2.871996,21.702929,1.871996,1
CUST_009024,17.83,8.36,110.98,37,-9.48,1,0.53,17.72,1.17,1,0.468873,13.27512,-0.531688,1
CUST_003582,20.87,20.69,458.61,6,-0.18,157,0.8,19.39,0.88,0,0.991375,22.165781,-0.008625,0
CUST_001288,23.71,21.08,336.06,5,-2.63,85,0.77,22.07,0.85,0,0.889076,15.942125,-0.110924,0
CUST_001510,28.52,32.99,793.92,6,4.47,105,0.79,29.06,1.16,0,1.156732,24.065474,0.156732,0
CUST_003477,21.41,27.77,421.4,8,6.36,112,0.8,20.61,1.16,0,1.297057,15.174649,0.297057,0
CUST_005957,16.28,9.63,232.61,27,-6.65,7,0.39,16.81,0.97,1,0.591523,24.154725,-0.408477,1
CUST_002871,25.71,30.9,629.76,9,5.2,64,0.98,28.54,1.14,0,1.201867,20.380583,0.202256,0
CUST_000232,17.92,20.07,415.88,10,2.14,98,0.99,16.62,1.13,0,1.119978,20.721475,0.11942,0
CUST_004558,29.01,20.14,433.92,7,-8.87,114,0.97,28.55,0.81,0,0.694243,21.545184,-0.305757,0
CUST_001630,26.65,27.08,438.63,4,0.43,101,0.98,26.1,1.12,0,1.016135,16.197563,0.016135,0
CUST_004751,25.09,18.33,284.05,3,-6.76,151,0.76,25.31,0.85,0,0.73057,15.496454,-0.26943,0
CUST_001637,15.95,15.05,321.34,6,-0.9,81,1.0,15.59,1.06,0,0.943574,21.351495,-0.056426,0
CUST_003953,31.45,22.11,505.44,10,-9.34,189,0.73,33.13,0.82,0,0.703021,22.860244,-0.296979,0
CUST_002917,35.56,41.53,815.76,10,5.98,100,0.46,34.4,1.1,0,1.167885,19.642668,0.168166,0
CUST_008434,37.71,12.56,182.35,34,-25.15,193,0.09,34.74,0.83,3,0.333068,14.518312,-0.666932,1
CUST_009753,19.59,44.04,779.54,20,24.45,158,0.71,19.65,0.9,2,2.248086,17.700727,1.248086,1
CUST_004845,16.18,18.25,420.4,8,2.07,97,0.88,15.06,1.18,0,1.127936,23.035616,0.127936,0
CUST_000512,23.94,23.4,456.69,4,-0.54,123,0.93,25.24,0.96,0,0.977444,19.516667,-0.022556,0
CUST_009584,32.29,34.59,566.05,29,2.3,215,0.26,30.85,1.12,1,1.071229,16.364556,0.071229,1
CUST_003114,26.85,27.33,492.0,5,0.47,196,0.7,25.45,1.04,0,1.017877,18.002195,0.017505,0
CUST_005200,31.91,30.95,482.64,27,-0.95,11,0.13,29.29,0.96,2,0.969915,15.594184,-0.029771,1
CUST_004519,19.41,17.79,267.27,4,-1.62,221,0.96,17.69,1.06,0,0.916538,15.023609,-0.083462,0
CUST_003012,19.19,17.2,397.5,8,-1.99,55,0.83,19.53,0.81,0,0.8963,23.110465,-0.1037,0
CUST_001781,22.4,29.59,522.96,8,7.18,126,0.97,23.72,1.18,0,1.320982,17.673538,0.320536,0
CUST_005432,20.5,27.08,578.56,36,6.58,220,0.47,20.81,1.15,0,1.320976,21.364845,0.320976,1
CUST_007947,21.46,48.82,1174.93,28,27.36,10,0.15,22.68,0.94,1,2.27493,24.066571,1.27493,1
CUST_008877,17.11,39.65,631.21,41,22.55,2,0.19,21.27,0.93,1,2.317358,15.919546,1.317943,1
CUST_001695,26.25,28.79,436.65,8,2.54,44,0.92,25.44,1.01,0,1.096762,15.166725,0.096762,0
CUST_001933,32.97,33.5,649.22,9,0.53,116,0.75,34.06,1.15,0,1.016075,19.379701,0.016075,0
CUST_001011,16.54,14.5,229.4,13,-2.05,201,0.73,18.33,0.93,0,0.876663,15.82069,-0.123942,0
CUST_004661,23.0,23.33,573.51,5,0.33,44,0.97,23.11,1.01,0,1.014348,24.582512,0.014348,0
CUST_000195,23.16,26.87,520.9,5,3.71,130,0.94,22.92,1.07,0,1.16019,19.385932,0.16019,0
CUST_003277,32.21,29.16,545.83,8,-3.06,222,0.8,33.6,0.84,0,0.905309,18.71845,-0.095002,0
CUST_004617,19.26,15.22,377.09,9,-4.04,107,0.68,19.42,0.9,0,0.790239,24.775953,-0.209761,0
CUST_002046,34.14,27.48,614.8,9,-6.65,87,0.9,34.6,0.87,0,0.804921,22.372635,-0.194786,0
CUST_005868,15.92,45.96,795.73,17,30.04,5,0.39,17.92,1.15,3,2.886935,17.313534,1.886935,1
CUST_001908,18.03,15.68,343.97,5,-2.35,107,0.87,17.23,0.88,0,0.869662,21.936862,-0.130338,0
CUST_000203,24.72,22.33,346.06,3,-2.38,119,0.92,25.03,0.82,0,0.903317,15.497537,-0.096278,0
CUST_009610,36.73,13.97,180.29,31,-22.76,152,0.15,33.63,0.95,0,0.380343,12.905512,-0.619657,1
CUST_000794,37.2,34.17,795.96,7,-3.02,149,0.78,34.91,0.84,0,0.918548,23.294118,-0.081183,0
CUST_009699,23.21,34.92,625.52,25,11.7,168,0.1,24.79,0.87,0,1.504524,17.912944,0.504093,1
CUST_007932,18.07,33.37,799.79,18,15.3,11,0.09,17.44,1.12,3,1.846707,23.967336,0.846707,1
CUST_006379,20.54,19.58,401.33,30,-0.96,8,0.01,20.39,0.87,1,0.953262,20.496936,-0.046738,1
CUST_002938,21.6,19.96,471.17,12,-1.64,108,0.98,20.07,1.03,0,0.924074,23.605711,-0.075926,0
CUST_009412,24.02,29.26,599.88,36,5.24,237,0.04,22.73,1.15,0,1.218152,20.501709,0.218152,1
CUST_009898,15.38,43.0,933.8,31,27.62,1,0.04,17.29,1.12,2,2.795839,21.716279,1.795839,1
CUST_001171,20.64,23.98,542.86,6,3.34,156,0.7,21.91,1.04,0,1.161822,22.638032,0.161822,0
CUST_007651,16.84,14.35,269.98,41,-2.5,205,0.04,18.54,0.93,3,0.852138,18.813937,-0.148456,1
CUST_001910,22.33,18.34,342.08,5,-3.99,133,0.81,20.89,0.85,0,0.821317,18.652126,-0.178683,0
CUST_004345,29.94,37.27,865.81,10,7.33,175,0.97,32.23,1.13,0,1.244823,23.230749,0.244823,0
CUST_003597,35.35,38.5,920.72,3,3.15,140,0.97,33.98,0.97,0,1.089109,23.914805,0.089109,0
CUST_002851,23.07,22.31,346.21,10,-0.76,117,0.95,21.66,0.92,0,0.967057,15.518153,-0.032943,0
CUST_001259,21.63,21.3,417.36,7,-0.34,114,0.74,20.49,0.97,0,0.984743,19.594366,-0.015719,0
CUST_009776,28.58,30.09,498.75,26,1.51,2,0.32,28.07,1.09,2,1.052834,16.575274,0.052834,1
CUST_005833,31.2,11.42,150.77,19,-19.78,7,0.07,27.56,0.91,0,0.366026,13.202277,-0.633974,1
CUST_002288,24.61,22.77,455.12,13,-1.84,114,0.95,26.78,0.92,1,0.925234,19.987703,-0.074766,0
CUST_001634,34.08,31.29,470.56,9,-2.79,154,0.95,32.85,0.94,1,0.918134,15.038671,-0.081866,0
CUST_008557,25.46,24.16,479.31,28,-1.3,6,0.35,26.0,0.93,2,0.94894,19.83899,-0.05106,1
CUST_000141,31.56,36.2,571.18,10,4.64,174,0.9,34.96,1.07,0,1.147022,15.778453,0.147022,0
CUST_001361,18.3,15.83,315.96,5,-2.47,218,0.95,20.24,0.81,0,0.865027,19.95957,-0.134973,0
CUST_003089,24.48,21.32,368.36,6,-3.16,68,0.96,24.43,0.83,0,0.870915,17.277674,-0.129085,0
CUST_006114,24.67,55.88,869.36,44,31.22,2,0.04,28.12,0.91,3,2.265099,15.557623,1.265505,1
CUST_000204,30.34,27.11,483.36,10,-3.23,217,0.96,33.3,0.88,0,0.89354,17.829583,-0.10646,0
CUST_008201,13.48,31.17,448.42,44,17.69,167,0.17,16.82,0.92,2,2.312315,14.386269,1.312315,1
CUST_006214,28.22,31.22,616.32,33,2.99,139,0.17,26.72,1.07,1,1.106308,19.741192,0.105953,1
CUST_001155,16.99,13.74,206.35,8,-3.25,78,0.45,18.1,0.94,0,0.808711,15.018195,-0.191289,0
CUST_001881,34.66,38.45,822.25,9,3.78,32,0.66,33.01,1.01,0,1.109348,21.384915,0.109059,0
CUST_001851,13.95,17.07,296.35,4,3.12,157,0.92,15.46,1.13,0,1.223656,17.360867,0.223656,0
CUST_005473,17.63,46.22,735.85,43,28.59,4,0.08,20.88,1.05,0,2.621668,15.920597,1.621668,1
CUST_003908,20.43,20.66,358.41,5,0.23,175,0.95,20.15,0.96,0,1.011258,17.348015,0.011258,0
CUST_000799,35.38,36.06,829.85,12,0.69,132,0.86,32.77,1.12,0,1.01922,23.013034,0.019503,0
CUST_007774,26.5,9.96,116.17,26,-16.54,6,0.38,26.02,0.94,0,0.375849,11.663655,-0.624151,1
CUST_005372,29.72,14.17,194.65,44,-15.55,182,0.08,29.37,1.19,1,0.476783,13.736768,-0.523217,1
CUST_006097,33.16,66.66,1659.26,30,33.5,8,0.06,33.6,1.0,0,2.010253,24.891389,1.010253,1
CUST_000959,22.52,20.88,472.17,7,-1.64,206,0.67,22.09,0.81,0,0.927176,22.613506,-0.072824,0
CUST_010000,40.12,13.46,165.71,41,-26.66,162,0.03,33.46,0.84,3,0.335494,12.311293,-0.664506,1
CUST_006836,26.95,66.42,1409.06,26,39.47,1,0.39,33.07,0.99,2,2.464564,21.214393,1.464564,1
CUST_002240,25.12,22.63,558.96,7,-2.49,218,0.7,24.31,0.98,0,0.900876,24.699956,-0.099124,0
CUST_002745,24.1,25.68,388.51,10,1.58,77,0.75,26.26,1.18,0,1.06556,15.128894,0.06556,0
CUST_008842,33.64,13.32,215.84,19,-20.31,10,0.37,32.8,0.99,2,0.395957,16.204204,-0.603746,1
CUST_001042,30.87,22.88,515.06,9,-7.99,164,0.51,32.83,0.83,0,0.741173,22.511364,-0.258827,0
CUST_009519,29.39,87.75,1523.55,37,58.36,234,0.11,32.36,1.19,3,2.985709,17.362393,1.985709,1
CUST_000289,37.33,33.36,627.97,6,-3.97,176,0.88,34.91,0.98,0,0.893651,18.824041,-0.106349,0
CUST_001048,33.91,40.57,990.47,8,6.65,127,0.81,32.97,1.07,1,1.196402,24.413853,0.196107,0
CUST_001672,22.24,27.22,517.04,4,4.98,12,0.67,20.5,1.17,0,1.223921,18.994857,0.223921,0
CUST_001277,31.63,25.23,544.79,2,-6.4,64,0.9,30.51,0.85,0,0.79766,21.592945,-0.20234,0
CUST_000051,25.82,23.2,380.53,9,-2.62,158,0.78,26.66,0.97,0,0.898528,16.402155,-0.101472,0
CUST_009227,29.65,9.69,135.77,32,-19.96,9,0.28,24.8,0.82,0,0.326813,14.011352,-0.673187,1
CUST_000746,28.25,32.8,722.33,9,4.55,26,0.76,27.19,1.07,0,1.161062,22.022256,0.161062,0
CUST_003136,27.06,26.68,401.28,8,-0.38,180,0.95,26.9,1.1,0,0.985957,15.04048,-0.014043,0
CUST_004691,35.37,36.46,877.86,7,1.09,46,0.77,33.08,1.0,0,1.030817,24.077345,0.030817,0
CUST_008975,30.01,28.42,705.12,46,-1.58,8,0.09,27.28,0.86,1,0.947018,24.810697,-0.052649,1
CUST_004410,31.09,28.55,428.93,4,-2.54,206,0.99,32.81,0.81,0,0.918302,15.023818,-0.081698,0
CUST_003050,29.27,20.75,344.04,6,-8.53,174,0.84,27.04,0.82,0,0.708917,16.580241,-0.291425,0
CUST_001842,25.42,26.28,565.89,9,0.86,73,0.89,25.38,0.94,1,1.033832,21.533105,0.033832,0
CUST_009391,21.01,9.51,139.83,33,-11.5,173,0.06,19.96,1.13,0,0.452642,14.70347,-0.547358,1
CUST_003887,31.2,29.58,584.05,9,-1.63,67,0.77,34.47,0.87,0,0.948077,19.74476,-0.052244,0
CUST_000216,20.05,21.15,495.94,14,1.11,101,0.61,18.36,1.15,0,1.054863,23.4487,0.055362,0
CUST_000280,24.14,26.37,451.43,6,2.23,128,0.98,22.87,0.99,0,1.092378,17.119075,0.092378,0
CUST_001408,37.14,34.05,555.83,10,-3.09,49,0.83,33.91,0.92,0,0.916801,16.323935,-0.083199,0
CUST_000320,21.51,23.7,442.23,5,2.19,65,0.96,21.71,1.03,0,1.101813,18.659494,0.101813,0
CUST_008302,33.62,13.82,152.04,15,-19.8,4,0.25,31.1,1.03,2,0.411065,11.001447,-0.588935,1
CUST_001247,28.06,27.1,417.42,10,-0.95,197,0.9,30.29,0.84,0,0.965788,15.402952,-0.033856,0
CUST_003238,17.94,21.72,342.69,7,3.78,166,0.99,17.27,1.08,0,1.210702,15.777624,0.210702,0
CUST_002781,21.47,18.7,314.79,4,-2.78,39,0.73,20.03,0.94,0,0.870983,16.83369,-0.129483,0
CUST_004803,18.12,23.29,531.83,8,5.17,135,0.88,19.94,1.14,0,1.28532,22.835122,0.28532,0
CUST_000908,18.93,15.03,255.09,11,-3.91,162,0.51,20.87,0.86,0,0.793978,16.972056,-0.20655,0
CUST_003250,28.21,26.03,555.25,6,-2.18,123,0.59,28.16,1.01,0,0.922722,21.331156,-0.077278,0
CUST_008218,17.01,14.29,252.29,26,-2.72,3,0.04,16.94,1.17,3,0.840094,17.655003,-0.159906,1
CUST_002136,23.74,31.94,643.06,4,8.19,85,0.94,24.88,1.19,0,1.345409,20.133375,0.344987,0
CUST_007307,20.27,29.22,546.71,34,8.95,2,0.01,18.63,0.87,3,1.441539,18.71013,0.441539,1
CUST_003263,32.51,33.65,543.1,8,1.14,62,0.89,29.9,0.94,0,1.035066,16.139673,0.035066,0
CUST_008027,36.86,13.9,182.5,17,-22.97,124,0.19,29.34,0.94,1,0.377103,13.129496,-0.623169,1
CUST_001416,32.69,29.23,602.72,8,-3.46,71,0.9,32.11,1.03,0,0.894157,20.619911,-0.105843,0
CUST_003299,18.48,20.17,375.28,10,1.69,29,0.68,20.04,0.95,0,1.09145,18.60585,0.09145,0
CUST_001938,19.61,22.86,498.39,6,3.24,18,0.96,21.21,1.12,0,1.165732,21.801837,0.165222,0
CUST_009258,19.5,6.63,108.75,38,-12.87,121,0.05,16.28,0.85,1,0.34,16.402715,-0.66,1
CUST_007987,28.64,37.14,572.86,33,8.5,174,0.4,29.28,1.18,1,1.296788,15.42434,0.296788,1
CUST_008245,18.19,17.64,427.78,33,-0.56,7,0.07,20.09,0.93,0,0.969764,24.250567,-0.030786,1
CUST_004440,19.94,23.39,401.41,9,3.45,180,0.93,19.98,1.2,0,1.173019,17.161608,0.173019,0
CUST_004664,24.12,20.4,412.84,9,-3.72,60,0.74,23.66,0.94,0,0.845771,20.237255,-0.154229,0
CUST_008977,30.8,80.94,1155.42,44,50.13,155,0.06,34.13,1.05,0,2.627922,14.275019,1.627597,1
CUST_006280,31.52,85.63,1312.12,30,54.11,143,0.13,32.45,1.09,2,2.716688,15.323134,1.716688,1
CUST_007285,29.74,11.52,128.09,41,-18.22,7,0.18,26.72,0.97,2,0.387357,11.118924,-0.612643,1
CUST_003112,19.25,19.41,292.27,6,0.16,53,0.94,19.39,0.97,0,1.008312,15.057702,0.008312,0
CUST_004799,31.07,33.17,736.27,6,2.1,115,0.85,31.0,1.01,0,1.067589,22.196865,0.067589,0
CUST_000449,25.61,21.43,473.01,8,-4.18,119,0.67,27.84,0.9,0,0.836783,22.072329,-0.163217,0
CUST_006234,41.38,16.44,202.71,42,-24.94,11,0.07,31.88,0.99,1,0.397293,12.330292,-0.602707,1
CUST_004042,24.68,22.83,389.47,6,-1.85,207,0.94,24.05,0.82,0,0.925041,17.059571,-0.074959,0
CUST_002715,14.14,10.68,173.73,2,-3.46,176,0.97,15.32,0.81,0,0.755304,16.266854,-0.244696,0
CUST_007313,26.4,9.83,110.16,15,-16.57,2,0.22,21.33,0.93,1,0.372348,11.206511,-0.627652,1
CUST_003879,20.86,15.39,360.93,10,-5.48,140,1.0,19.71,0.85,1,0.737776,23.452242,-0.262704,0
CUST_000456,26.22,23.09,377.32,10,-3.13,182,0.45,28.56,1.03,0,0.880625,16.341273,-0.119375,0
CUST_004314,28.85,32.62,636.73,9,3.77,167,0.96,27.27,1.15,0,1.130676,19.51962,0.130676,0
CUST_000236,34.68,39.63,618.61,6,4.95,196,0.92,34.33,1.05,0,1.142734,15.609639,0.142734,0
CUST_005076,29.21,64.44,1244.15,34,35.24,7,0.0,31.27,0.88,1,2.206094,19.307107,1.206436,1
CUST_001053,29.18,28.09,507.86,5,-1.09,143,0.8,31.32,0.9,0,0.962646,18.079744,-0.037354,0
CUST_002716,24.38,19.71,324.36,11,-4.67,47,0.54,24.91,0.89,0,0.80845,16.456621,-0.19155,0
CUST_002762,23.85,18.78,420.83,7,-5.08,72,0.95,23.61,0.82,0,0.787421,22.408413,-0.212998,0
CUST_002846,33.42,30.65,575.49,6,-2.76,144,0.65,33.82,0.9,0,0.917115,18.776183,-0.082585,0
CUST_004069,25.45,23.93,554.59,8,-1.52,79,0.88,27.26,1.03,0,0.940275,23.175512,-0.059725,0
CUST_005962,31.67,26.17,438.4,30,-5.49,10,0.29,30.48,0.85,1,0.826334,16.752006,-0.17335,1
CUST_008630,30.77,23.14,392.93,30,-7.64,178,0.21,33.1,0.9,2,0.752031,16.980553,-0.248294,1
CUST_008751,16.5,19.93,427.08,44,3.43,5,0.03,16.23,1.14,1,1.207879,21.429002,0.207879,1
CUST_008069,38.1,14.32,215.56,19,-23.77,8,0.71,34.41,0.94,2,0.375853,15.053073,-0.623885,1
CUST_000925,15.88,11.88,220.14,8,-4.0,133,0.97,16.16,0.82,0,0.748111,18.530303,-0.251889,0
CUST_001870,17.46,18.04,437.85,7,0.58,92,0.85,16.56,1.08,0,1.033219,24.271064,0.033219,0
CUST_004149,26.13,30.35,613.36,10,4.22,88,0.67,27.59,1.15,0,1.1615,20.209555,0.1615,0
CUST_003153,25.84,24.25,585.21,14,-1.58,158,0.89,24.06,0.95,0,0.938467,24.132371,-0.061146,0
CUST_002801,20.72,21.22,428.98,5,0.49,199,0.81,20.76,1.01,0,1.024131,20.215834,0.023649,0
CUST_001245,31.38,30.78,562.88,7,-0.6,83,0.95,34.33,1.05,0,0.98088,18.287199,-0.01912,0
CUST_000108,32.3,36.87,561.96,7,4.57,58,0.64,34.97,1.17,0,1.141486,15.24166,0.141486,0
CUST_001084,19.09,15.96,254.02,2,-3.13,70,0.95,18.84,0.91,0,0.83604,15.91604,-0.16396,0
CUST_003816,29.45,27.6,521.53,8,-1.85,117,1.0,30.81,0.88,0,0.937182,18.896014,-0.062818,0
CUST_003783,22.62,26.28,418.26,5,3.66,206,0.95,21.83,1.11,0,1.161804,15.915525,0.161804,0
CUST_004292,20.45,18.2,388.22,9,-2.25,227,0.91,19.84,0.81,0,0.889976,21.330769,-0.110024,0
CUST_001322,18.7,19.94,401.08,8,1.24,136,0.81,18.68,1.1,0,1.06631,20.114343,0.06631,0
CUST_009292,25.14,26.21,451.91,29,1.08,3,0.02,22.97,1.14,0,1.042562,17.241892,0.042959,1
CUST_004972,18.93,19.83,320.36,4,0.9,237,0.6,18.63,0.93,0,1.047544,16.15532,0.047544,0
CUST_003484,20.4,22.08,440.76,8,1.69,205,0.79,19.42,1.07,0,1.082353,19.961957,0.082843,0
CUST_005325,29.22,60.3,1186.09,19,31.08,216,0.02,32.25,0.83,0,2.063655,19.669818,1.063655,1
CUST_008473,18.9,38.08,844.35,40,19.18,209,0.04,21.36,0.81,3,2.014815,22.173057,1.014815,1
CUST_007047,30.13,35.11,713.46,39,4.98,162,0.26,31.63,0.82,2,1.165284,20.320706,0.165284,1
CUST_007539,17.97,6.29,100.0,36,-11.68,11,0.11,15.59,0.88,3,0.350028,15.898251,-0.649972,1
CUST_008140,21.61,31.65,514.52,44,10.04,2,0.03,21.38,1.01,1,1.4646,16.256556,0.4646,1
CUST_005059,37.03,39.43,718.55,58,2.41,7,0.56,34.22,1.04,0,1.064812,18.223434,0.065082,1
CUST_005810,22.34,44.91,733.92,38,22.57,202,0.17,25.29,0.8,1,2.010295,16.342017,1.010295,1
CUST_001910,22.33,18.34,342.08,5,-3.99,133,0.81,20.89,0.85,0,0.821317,18.652126,-0.178683,0
CUST_003815,35.88,38.64,657.38,5,2.76,29,0.97,33.54,1.08,0,1.076923,17.01294,0.076923,0
CUST_006328,30.57,12.42,162.35,39,-18.15,9,0.1,23.94,1.02,1,0.406281,13.071659,-0.593719,1
CUST_004538,18.15,18.24,301.08,14,0.09,207,0.93,17.02,0.93,0,1.004959,16.506579,0.004959,0
CUST_000410,24.2,23.82,367.34,11,-0.38,238,0.99,25.37,0.94,0,0.984298,15.421495,-0.015702,0
CUST_007252,27.28,69.6,1420.11,35,42.32,162,0.18,32.79,1.02,0,2.55132,20.403879,1.55132,1
CUST_001097,26.33,23.55,577.82,6,-2.78,17,0.62,24.53,0.85,0,0.894417,24.535881,-0.105583,0
CUST_009424,13.06,35.74,483.93,34,22.68,199,0.06,15.95,1.09,2,2.7366,13.540291,1.7366,1
CUST_002151,29.78,28.92,599.04,11,-0.86,119,0.98,28.09,0.96,0,0.971122,20.713693,-0.028878,0
CUST_001724,18.8,21.21,338.45,10,2.42,55,0.76,19.41,1.07,0,1.128191,15.957096,0.128723,0
CUST_006236,18.25,34.22,658.64,20,15.97,184,0.0,16.91,1.18,1,1.875068,19.247224,0.875068,1
CUST_003805,19.93,25.8,507.93,5,5.87,83,0.94,18.81,1.13,0,1.294531,19.687209,0.294531,0
CUST_007426,40.5,16.42,247.33,32,-24.08,11,0.12,33.58,1.01,2,0.405432,15.062728,-0.594568,1
CUST_008811,14.26,12.2,194.71,32,-2.06,3,0.34,15.82,0.92,1,0.85554,15.959836,-0.14446,1
CUST_002067,23.23,24.81,588.0,11,1.58,204,0.86,23.17,1.01,0,1.068015,23.700121,0.068015,0
CUST_001289,15.12,14.11,276.57,5,-1.01,74,0.85,16.73,0.94,0,0.933201,19.600992,-0.066799,0
CUST_000530,30.99,22.46,470.2,7,-8.52,203,0.61,28.43,0.83,0,0.72475,20.934996,-0.274927,0
CUST_009535,21.13,8.91,118.52,34,-12.22,11,0.29,21.04,1.05,1,0.421675,13.301908,-0.578325,1
CUST_007953,30.3,61.93,1344.73,25,31.64,165,0.04,31.54,0.82,2,2.043894,21.713709,1.044224,1
CUST_009442,38.43,14.33,240.28,17,-24.1,134,0.05,34.76,0.93,1,0.372886,16.76762,-0.627114,1
CUST_006366,40.1,18.97,236.64,42,-21.14,217,0.13,34.98,1.18,1,0.473067,12.474433,-0.527182,1
CUST_004775,16.28,13.84,272.97,8,-2.44,152,0.84,16.77,0.83,1,0.850123,19.723266,-0.149877,0
CUST_002620,18.32,21.5,431.84,4,3.18,29,0.75,17.78,1.2,0,1.173581,20.085581,0.173581,0
CUST_008166,20.12,33.28,599.07,19,13.16,9,0.01,20.02,1.16,2,1.654076,18.000901,0.654076,1
CUST_002083,25.26,17.65,389.13,11,-7.61,189,0.85,26.15,0.82,0,0.698733,22.047025,-0.301267,0
CUST_006631,25.0,52.66,919.79,41,27.67,166,0.05,26.14,0.84,0,2.1064,17.466578,1.1068,1
CUST_004591,20.75,16.01,252.55,4,-4.74,213,0.97,21.06,0.87,0,0.771566,15.774516,-0.228434,0
CUST_000715,21.78,27.94,686.9,7,6.16,157,0.94,21.68,1.18,0,1.282828,24.584825,0.282828,0
CUST_004678,23.63,21.46,435.48,6,-2.16,229,1.0,25.41,0.86,0,0.908168,20.292637,-0.091409,0
CUST_001273,30.79,29.52,499.08,7,-1.27,85,0.78,28.8,1.04,0,0.958753,16.906504,-0.041247,0
CUST_005583,22.55,24.99,382.97,46,2.43,1,0.17,21.3,1.03,1,1.108204,15.32493,0.107761,1
CUST_002797,23.1,18.01,378.56,9,-5.09,41,0.74,24.11,0.84,0,0.779654,21.019434,-0.220346,0
CUST_001009,17.97,19.37,388.34,11,1.4,205,0.88,16.91,0.97,0,1.077908,20.048529,0.077908,0
CUST_009199,30.75,13.9,154.81,22,-16.85,6,0.13,27.55,1.13,3,0.452033,11.13741,-0.547967,1
CUST_008952,19.79,38.0,573.06,21,18.21,173,0.17,19.65,1.0,2,1.920162,15.080526,0.920162,1
CUST_002972,18.09,14.26,276.55,8,-3.83,217,0.88,19.29,0.88,0,0.788281,19.393408,-0.211719,0
CUST_008310,24.24,66.18,1219.63,41,41.94,4,0.09,29.09,1.09,1,2.730198,18.428982,1.730198,1
CUST_004539,20.81,17.14,422.73,11,-3.67,40,0.71,22.14,0.88,0,0.823642,24.663361,-0.176358,0
CUST_002311,25.68,28.2,640.51,10,2.52,124,0.55,24.89,1.14,0,1.098131,22.713121,0.098131,0
CUST_000453,21.4,17.5,355.26,10,-3.9,87,0.82,22.78,0.82,0,0.817757,20.300571,-0.182243,0
CUST_005037,28.45,47.94,866.7,35,19.5,206,0.04,28.74,1.17,0,1.685062,18.078849,0.685413,1
CUST_008448,20.87,55.27,1089.46,30,34.4,4,0.01,21.97,1.06,2,2.648299,19.711598,1.648299,1
CUST_009810,28.96,71.73,1660.92,25,42.77,6,0.32,27.98,1.01,3,2.476865,23.155165,1.476865,1
CUST_002258,31.66,25.23,545.46,8,-6.43,205,0.54,31.15,0.83,0,0.796905,21.619501,-0.203095,0
CUST_007966,29.6,12.54,162.19,40,-17.06,8,0.06,27.69,1.06,2,0.423649,12.933812,-0.576351,1
CUST_004412,30.59,26.39,464.97,7,-4.2,156,0.98,33.33,0.95,0,0.8627,17.619174,-0.1373,0
CUST_001056,27.19,24.62,595.54,4,-2.57,33,0.89,25.38,0.85,0,0.90548,24.189277,-0.09452,0
CUST_002535,25.72,30.43,528.46,10,4.71,167,0.97,25.73,1.05,0,1.183126,17.366415,0.183126,0
CUST_003654,22.83,24.26,585.01,7,1.43,39,0.93,21.33,0.97,0,1.062637,24.11418,0.062637,0
CUST_004141,25.95,23.58,578.87,3,-2.37,219,0.99,24.22,0.98,0,0.908671,24.549194,-0.091329,0
CUST_007689,37.2,15.82,204.86,41,-21.37,3,0.37,30.24,1.06,1,0.425269,12.949431,-0.574462,1
CUST_008983,28.8,12.34,151.85,36,-16.46,1,0.18,25.19,1.07,1,0.428472,12.305511,-0.571528,1
CUST_003972,16.57,12.49,217.15,3,-4.08,66,0.82,15.47,0.87,0,0.753772,17.385909,-0.246228,0
CUST_003933,25.26,20.05,323.16,11,-5.2,208,0.93,25.12,0.82,0,0.793745,16.117706,-0.205859,0
CUST_000211,31.16,35.45,616.82,6,4.29,204,0.96,28.99,1.05,0,1.137677,17.399718,0.137677,0
CUST_003435,26.91,20.6,323.15,3,-6.31,72,0.98,27.6,0.88,0,0.765515,15.686893,-0.234485,0
CUST_007725,24.11,8.28,139.31,32,-15.82,2,0.12,19.93,0.86,0,0.343426,16.824879,-0.656159,1
CUST_004657,31.99,39.47,849.36,5,7.48,15,0.9,30.92,1.08,0,1.233823,21.519128,0.233823,0
CUST_003933,25.26,20.05,323.16,11,-5.2,208,0.93,25.12,0.82,0,0.793745,16.117706,-0.205859,0
CUST_003388,20.42,21.05,385.52,7,0.63,188,0.95,19.04,1.1,0,1.030852,18.314489,0.030852,0
CUST_007540,31.65,69.85,1468.66,44,38.2,133,0.57,33.36,1.06,0,2.206951,21.025913,1.206951,1
CUST_000136,33.61,36.58,761.86,7,2.97,79,0.57,34.6,0.99,1,1.088367,20.827228,0.088367,0
CUST_003690,24.23,25.02,477.14,6,0.79,57,0.47,24.14,0.92,0,1.032604,19.070344,0.032604,0
CUST_007109,29.76,32.16,714.52,45,2.4,128,0.01,31.39,1.09,1,1.080645,22.217662,0.080645,1
CUST_003202,33.71,34.82,545.84,6,1.11,176,0.53,32.29,0.93,0,1.032928,15.676048,0.032928,0
CUST_009120,31.49,29.18,503.46,34,-2.31,4,0.07,31.88,0.87,1,0.926643,17.253598,-0.073357,1
CUST_008499,39.46,16.09,241.46,44,-23.37,185,0.01,30.61,1.02,2,0.407755,15.006837,-0.592245,1
CUST_000487,16.57,14.87,238.1,4,-1.7,54,0.93,16.8,1.04,0,0.897405,16.012105,-0.102595,0
CUST_002659,32.83,30.94,757.53,2,-1.9,53,0.54,34.83,0.86,0,0.942431,24.48384,-0.057874,0
CUST_004815,36.19,43.04,1010.27,4,6.85,114,0.79,33.47,1.13,0,1.189279,23.472816,0.189279,0
CUST_008315,28.68,33.32,595.06,36,4.64,10,0.21,26.41,1.19,1,1.161785,17.858944,0.161785,1
CUST_004824,26.93,34.92,855.99,5,7.99,49,0.94,26.56,1.17,0,1.296695,24.512887,0.296695,0
CUST_003735,24.83,29.12,589.41,4,4.29,36,0.66,24.27,1.04,0,1.172775,20.240728,0.172775,0
CUST_002293,30.7,25.19,506.62,6,-5.51,161,0.64,33.23,0.96,0,0.820521,20.111949,-0.179479,0
CUST_002549,26.65,31.91,752.14,5,5.26,70,0.98,26.11,1.19,0,1.197373,23.570668,0.197373,0
CUST_000046,26.97,25.67,393.79,5,-1.3,128,0.92,27.07,0.85,0,0.951798,15.340475,-0.048202,0
CUST_002934,28.51,26.46,512.66,5,-2.04,89,0.8,29.98,0.94,0,0.928095,19.374906,-0.071554,0
CUST_009954,34.77,70.99,1393.05,35,36.22,10,0.24,32.71,0.99,0,2.041703,19.623186,1.041703,1
CUST_008184,29.97,9.33,194.47,37,-20.65,211,0.32,27.62,0.81,3,0.311311,20.843516,-0.689022,1
CUST_000083,32.28,36.3,687.68,5,4.02,85,0.48,30.19,1.0,0,1.124535,18.944353,0.124535,0
CUST_003597,35.35,38.5,920.72,3,3.15,140,0.97,33.98,0.97,0,1.089109,23.914805,0.089109,0
CUST_002168,19.95,19.22,440.96,7,-0.73,186,0.75,20.15,0.88,0,0.963409,22.942768,-0.036591,0
CUST_009649,22.03,9.84,128.13,19,-12.19,137,0.19,17.37,1.12,1,0.446664,13.021341,-0.553336,1
CUST_003842,25.43,24.38,606.1,8,-1.05,157,0.94,24.79,1.05,0,0.95871,24.860541,-0.04129,0
CUST_009718,32.93,77.31,1718.26,40,44.38,5,0.42,33.52,0.94,1,2.347707,22.225585,1.347707,1
CUST_004371,36.36,33.75,511.48,6,-2.61,155,0.95,33.64,1.0,0,0.928218,15.154963,-0.071782,0
CUST_008681,18.74,43.85,711.12,29,25.11,6,0.31,19.81,0.98,1,2.339915,16.217104,1.339915,1
CUST_006977,18.31,6.66,100.0,21,-11.65,218,0.14,16.33,0.91,2,0.363736,15.015015,-0.636264,1
CUST_002385,20.23,22.24,540.62,8,2.0,89,0.71,21.48,1.07,0,1.099357,24.308453,0.098863,0
CUST_002276,30.67,36.13,759.18,4,5.46,206,0.94,33.44,1.03,1,1.178024,21.012455,0.178024,0
CUST_003579,16.43,20.23,359.33,5,3.8,80,0.61,16.57,1.07,0,1.231284,17.762234,0.231284,0
CUST_007531,22.7,57.36,980.82,22,34.66,154,0.03,23.14,1.01,2,2.526872,17.099372,1.526872,1
CUST_009102,30.56,53.68,1039.33,20,23.12,212,0.04,33.46,1.17,1,1.756545,19.361587,0.756545,1
CUST_003027,24.95,31.51,776.1,10,6.56,226,0.98,22.83,1.18,0,1.262926,24.630276,0.262926,0
CUST_000104,17.1,19.49,438.5,12,2.39,122,0.95,18.22,1.02,0,1.139766,22.498717,0.139766,0
CUST_006893,28.08,33.94,692.8,42,5.86,200,0.43,26.24,1.14,1,1.208689,20.412493,0.208689,1
CUST_000730,26.71,26.07,459.61,11,-0.65,35,0.67,24.59,1.09,0,0.976039,17.629843,-0.024335,0
CUST_008400,35.08,41.67,810.27,26,6.59,4,0.03,33.24,1.18,1,1.187856,19.444924,0.187856,1
CUST_004592,21.78,19.25,297.08,5,-2.53,221,0.79,23.99,0.84,0,0.883838,15.432727,-0.116162,0
CUST_002712,33.91,37.49,883.94,7,3.58,138,0.67,32.54,1.15,0,1.105574,23.578021,0.105574,0
CUST_009503,21.01,9.6,162.65,15,-11.41,9,0.05,18.1,1.14,3,0.456925,16.942708,-0.543075,1
CUST_009217,21.03,41.52,768.11,36,20.49,221,0.03,20.32,1.1,3,1.974322,18.499759,0.974322,1
CUST_009416,23.32,20.78,417.9,42,-2.54,6,0.12,23.61,0.82,0,0.891081,20.110683,-0.108919,1
CUST_007143,27.65,78.82,1095.18,16,51.17,146,0.01,32.47,1.14,0,2.850633,13.894697,1.850633,1
CUST_005300,17.21,33.74,833.76,42,16.53,5,0.04,16.48,0.92,0,1.960488,24.711322,0.960488,1
CUST_005394,25.91,65.94,1068.71,40,40.03,227,0.06,31.93,1.02,1,2.544963,16.20731,1.544963,1
CUST_002621,34.35,33.85,683.27,5,-0.5,95,0.99,32.86,0.89,0,0.985444,20.185229,-0.014556,0
CUST_006729,26.92,79.07,1542.27,22,52.15,9,0.21,27.34,1.17,1,2.937221,19.505122,1.937221,1
CUST_007195,21.76,24.23,390.44,32,2.46,170,0.02,20.97,1.08,1,1.113511,16.113908,0.113051,1
CUST_003909,32.43,30.4,709.38,9,-2.03,172,0.9,33.86,0.93,0,0.937404,23.334868,-0.062596,0
CUST_000989,27.69,27.65,500.83,6,-0.04,16,0.96,26.49,0.97,0,0.998555,18.113201,-0.001445,0
CUST_004814,16.7,16.18,267.07,9,-0.52,231,0.86,16.31,1.02,0,0.968862,16.50618,-0.031138,0
CUST_002040,26.46,28.07,536.84,7,1.61,127,0.98,25.81,0.98,0,1.060847,19.125045,0.060847,0
CUST_008466,32.92,10.93,182.67,35,-21.98,167,0.2,28.16,0.83,0,0.332017,16.712717,-0.667679,1
CUST_003962,14.11,11.2,200.09,3,-2.91,152,0.95,15.34,0.8,0,0.793763,17.865179,-0.206237,0
CUST_006243,28.67,10.85,128.86,29,-17.83,2,0.2,26.45,0.95,2,0.378444,11.876498,-0.621904,1
CUST_001352,36.05,39.88,677.89,4,3.83,61,0.94,33.62,1.11,0,1.106241,16.998245,0.106241,0
CUST_009010,18.61,29.02,472.52,21,10.41,178,0.25,20.09,1.03,2,1.559377,16.282564,0.559377,1
CUST_009328,16.01,34.85,848.84,30,18.84,4,0.56,16.83,0.91,2,2.176765,24.356958,1.176765,1
CUST_008325,21.02,8.83,149.11,29,-12.19,4,0.08,17.75,1.05,0,0.420076,16.88675,-0.579924,1
CUST_001242,15.98,15.09,376.85,12,-0.89,226,0.91,17.14,1.11,0,0.944305,24.973492,-0.055695,0
CUST_008298,23.73,25.41,562.61,47,1.68,11,0.12,23.8,1.06,3,1.070796,22.141283,0.070796,1
CUST_004097,30.92,40.02,726.17,4,9.1,93,0.92,33.46,1.14,0,1.294308,18.145177,0.294308,0
CUST_002956,18.89,23.28,496.26,10,4.39,182,0.94,18.1,1.17,0,1.232398,21.31701,0.232398,0
CUST_002223,31.24,27.22,510.28,8,-4.02,228,0.78,32.05,0.88,0,0.871319,18.74651,-0.128681,0
CUST_005548,32.4,79.94,1683.55,25,47.54,7,0.04,33.05,1.0,2,2.467284,21.06017,1.467284,1
CUST_003121,28.93,29.44,477.37,7,0.51,94,0.93,29.69,0.99,0,1.017629,16.215014,0.017629,0
CUST_002708,24.26,25.4,385.43,3,1.14,221,0.59,24.76,0.96,0,1.046991,15.174409,0.046991,0
CUST_003404,29.55,34.37,626.24,6,4.82,73,0.97,27.11,1.17,0,1.163113,18.220541,0.163113,0
CUST_000701,28.71,25.6,391.37,9,-3.12,124,0.98,27.98,0.83,0,0.891675,15.287891,-0.108673,0
CUST_002806,22.74,24.32,413.04,5,1.58,78,0.95,21.29,0.94,0,1.069481,16.983553,0.069481,0
CUST_001798,15.31,14.1,224.23,9,-1.21,75,0.54,16.89,0.98,0,0.920967,15.902837,-0.079033,0
CUST_009046,27.06,63.44,1165.11,29,36.39,1,0.33,28.12,0.94,2,2.34442,18.365542,1.344789,1
CUST_001564,22.74,21.43,481.37,3,-1.31,63,0.97,21.23,1.03,0,0.942392,22.462436,-0.057608,0
CUST_008074,29.81,23.81,458.2,29,-6.01,153,0.06,32.85,0.86,0,0.798725,19.244015,-0.20161,1
CUST_002239,24.04,29.27,556.01,7,5.24,95,0.98,23.35,1.07,0,1.217554,18.9959,0.21797,0
CUST_004335,34.07,31.39,677.8,9,-2.68,80,0.95,34.05,0.83,0,0.921338,21.592864,-0.078662,0
CUST_001789,18.22,19.57,440.3,6,1.36,212,0.73,17.02,1.19,0,1.074094,22.498723,0.074643,0
CUST_003685,16.87,18.6,446.77,6,1.73,74,0.97,17.37,1.15,1,1.102549,24.019892,0.102549,0
CUST_003520,13.77,10.49,230.42,5,-3.28,138,0.86,15.18,0.84,0,0.761801,21.965682,-0.238199,0
CUST_007851,17.81,7.13,100.0,23,-10.68,8,0.28,15.48,1.0,0,0.400337,14.025245,-0.599663,1
CUST_006522,24.58,21.8,351.89,42,-2.78,8,0.14,24.25,0.89,1,0.8869,16.141743,-0.1131,1
CUST_009265,23.29,10.18,144.13,29,-13.12,141,0.05,23.06,1.09,1,0.437097,14.158153,-0.563332,1
CUST_006297,23.73,23.23,449.29,37,-0.49,4,0.03,22.78,1.09,1,0.97893,19.340938,-0.020649,1
CUST_005659,24.38,10.75,168.22,37,-13.64,228,0.04,22.78,1.1,2,0.440935,15.648372,-0.559475,1
CUST_002188,16.82,16.99,303.56,5,0.17,70,0.64,15.66,0.89,0,1.010107,17.866981,0.010107,0
CUST_005424,14.15,33.18,523.26,30,19.03,191,0.34,15.7,1.05,2,2.344876,15.770344,1.344876,1
CUST_004859,24.18,17.48,373.24,8,-6.7,16,0.78,25.73,0.81,0,0.722911,21.352403,-0.277089,0
CUST_003659,30.68,28.67,672.57,7,-2.02,95,0.81,30.53,1.01,0,0.934485,23.459016,-0.065841,0
CUST_004700,29.41,34.29,657.23,5,4.88,78,0.94,27.23,1.07,0,1.16593,19.166812,0.16593,0
CUST_004831,23.44,25.59,612.01,11,2.15,148,0.83,25.53,0.95,1,1.091724,23.915983,0.091724,0
CUST_007929,21.44,54.02,960.15,15,32.58,11,0.19,24.55,1.01,1,2.51959,17.773973,1.51959,1
CUST_001576,34.07,30.28,487.16,3,-3.79,55,0.93,32.04,0.96,0,0.888758,16.088507,-0.111242,0
CUST_001966,36.12,39.5,958.01,7,3.38,232,0.85,34.24,1.16,0,1.093577,24.253418,0.093577,0
CUST_004187,27.41,26.08,442.06,6,-1.33,31,0.92,27.63,0.97,0,0.951478,16.950153,-0.048522,0
CUST_006145,32.0,65.06,919.39,27,33.06,238,0.34,34.39,0.81,1,2.033125,14.131417,1.033125,1
CUST_006113,24.74,21.23,376.23,41,-3.51,128,0.12,23.59,0.87,0,0.858124,17.72162,-0.141876,1
CUST_006202,34.11,31.71,690.06,22,-2.4,3,0.2,33.85,0.99,1,0.929639,21.761589,-0.070361,1
CUST_008028,23.01,48.51,977.16,25,25.5,3,0.12,22.42,0.91,0,2.108214,20.143476,1.108214,1
CUST_000205,14.87,18.2,403.42,9,3.33,99,0.68,15.6,1.18,0,1.223941,22.165934,0.223941,0
CUST_001181,21.26,16.33,393.11,11,-4.93,162,0.5,22.67,0.86,0,0.768109,24.072872,-0.231891,0
CUST_006010,23.53,47.91,987.84,16,24.39,5,0.03,22.86,1.06,1,2.036124,20.61866,1.036549,1
CUST_006373,22.13,65.4,1205.05,20,43.27,10,0.07,25.72,1.18,0,2.955264,18.425841,1.955264,1
CUST_005486,19.42,15.29,369.73,31,-4.13,129,0.15,19.76,0.82,3,0.787333,24.181164,-0.212667,1
CUST_004779,23.69,20.95,388.4,3,-2.74,189,0.41,22.26,0.9,0,0.884339,18.539379,-0.115661,0
CUST_005253,29.96,10.83,151.88,40,-19.13,148,0.07,25.6,0.9,0,0.361482,14.024007,-0.638518,1
CUST_005695,30.97,84.03,1248.03,21,53.06,168,0.09,33.62,1.09,3,2.713271,14.852196,1.713271,1
CUST_002297,30.48,35.7,858.15,7,5.22,230,0.76,30.82,1.03,0,1.17126,24.037815,0.17126,0
CUST_003287,21.5,20.43,439.96,7,-1.07,33,0.9,22.92,1.07,0,0.950233,21.534998,-0.049767,0
CUST_003115,22.01,26.0,407.31,5,3.99,56,0.87,21.46,1.19,0,1.181281,15.665769,0.181281,0
CUST_001486,31.9,25.83,444.39,8,-6.07,45,0.99,29.73,0.86,0,0.809718,17.204413,-0.190282,0
CUST_004230,15.6,17.22,336.17,4,1.62,88,0.95,16.2,1.05,0,1.103846,19.522067,0.103846,0
CUST_007781,22.99,9.45,123.75,42,-13.54,135,0.17,19.91,1.03,1,0.411048,13.095238,-0.588952,1
CUST_006253,26.14,64.6,1289.63,30,38.46,11,0.18,32.11,0.99,1,2.471308,19.963313,1.471308,1
CUST_001131,26.47,19.88,378.57,7,-6.59,132,0.84,25.65,0.83,0,0.751039,19.042757,-0.248961,0
CUST_005782,30.78,78.72,1641.24,31,47.94,173,0.39,32.22,1.02,0,2.557505,20.849085,1.557505,1
CUST_005946,26.38,24.74,556.82,42,-1.64,233,0.22,29.11,0.99,3,0.937832,22.506871,-0.062168,1
CUST_004525,24.86,28.7,492.14,8,3.84,148,0.99,23.26,1.2,0,1.154465,17.147735,0.154465,0
CUST_004579,31.65,34.59,853.57,5,2.94,218,0.76,28.81,1.07,0,1.092891,24.676785,0.092891,0
CUST_002599,30.44,30.74,696.72,4,0.29,239,0.84,28.42,1.11,0,1.009855,22.664932,0.009527,0
CUST_002800,31.33,30.24,463.82,8,-1.09,23,0.98,29.63,1.02,0,0.965209,15.337963,-0.034791,0
CUST_003835,17.67,15.67,256.34,12,-2.01,159,0.58,17.52,0.94,0,0.886814,16.358647,-0.113752,0
CUST_008438,21.99,61.45,1340.51,32,39.46,134,0.1,23.68,1.12,2,2.794452,21.814646,1.794452,1
CUST_002106,17.43,13.59,268.87,9,-3.84,232,0.84,16.66,0.9,0,0.77969,19.7844,-0.22031,0
CUST_009674,19.75,56.07,884.89,22,36.31,7,0.07,21.61,1.14,1,2.838987,15.78188,1.838481,1
CUST_006634,15.72,15.25,328.81,59,-0.47,129,0.2,15.68,1.03,0,0.970102,21.561311,-0.029898,1
CUST_006014,20.11,7.53,100.0,23,-12.58,5,0.11,17.6,0.94,1,0.374441,13.280212,-0.625559,1
CUST_001253,36.69,41.28,914.38,8,4.59,179,0.94,33.6,1.07,0,1.125102,22.150678,0.125102,0
CUST_003158,21.28,25.22,399.83,5,3.93,176,0.98,21.58,1.1,0,1.18515,15.853688,0.18468,0
CUST_002767,28.2,26.54,646.56,7,-1.66,231,0.95,26.78,0.88,0,0.941135,24.361718,-0.058865,0
CUST_001344,16.26,11.66,283.1,9,-4.61,52,0.32,17.64,0.81,0,0.717097,24.279588,-0.283518,0
CUST_003640,28.35,27.38,675.01,5,-0.97,99,0.98,29.65,1.07,0,0.965785,24.653397,-0.034215,0
CUST_008960,35.28,24.79,607.05,18,-10.49,122,0.25,34.74,0.93,1,0.702664,24.487697,-0.297336,1
CUST_004343,20.89,15.12,333.72,4,-5.77,39,0.98,20.76,0.82,0,0.723791,22.071429,-0.276209,0
CUST_000302,31.98,27.16,512.31,5,-4.82,148,0.49,32.34,0.9,0,0.849281,18.862666,-0.150719,0
CUST_005439,14.6,14.93,266.9,32,0.34,175,0.24,15.24,1.02,1,1.022603,17.876758,0.023288,1
CUST_002602,17.39,19.92,479.59,4,2.53,151,0.88,18.58,1.09,0,1.145486,24.075803,0.145486,0
CUST_007705,18.71,28.0,675.85,25,9.28,7,0.15,17.9,0.86,2,1.496526,24.1375,0.495991,1
CUST_009037,31.57,45.37,1115.6,20,13.81,179,0.09,31.0,0.97,2,1.437124,24.588935,0.437441,1
CUST_008868,22.36,19.53,480.57,35,-2.83,2,0.18,22.59,0.9,3,0.873435,24.606759,-0.126565,1
CUST_004486,23.95,24.86,526.8,6,0.91,213,0.92,26.31,1.01,0,1.037996,21.190668,0.037996,0
CUST_004995,28.2,35.37,615.69,10,7.16,183,0.78,27.62,1.1,0,1.254255,17.407125,0.253901,0
CUST_004178,22.7,27.92,426.46,11,5.23,147,0.95,23.2,1.13,0,1.229956,15.274355,0.230396,0
CUST_000976,20.15,22.3,493.24,8,2.15,16,0.94,20.59,1.04,0,1.1067,22.118386,0.1067,0
CUST_007581,33.25,12.06,158.79,19,-21.19,6,0.54,27.83,0.91,3,0.362707,13.166667,-0.637293,1
CUST_009634,33.59,38.72,935.01,58,5.12,184,0.06,31.01,1.1,0,1.152724,24.147986,0.152426,1
CUST_007044,20.13,8.72,118.05,20,-11.42,210,0.22,16.85,1.08,3,0.433184,13.537844,-0.567312,1
CUST_004030,34.42,38.84,630.32,8,4.42,235,0.67,33.08,1.17,0,1.128414,16.22863,0.128414,0
CUST_002847,37.09,34.73,724.06,8,-2.36,138,0.95,34.32,0.89,0,0.936371,20.848258,-0.063629,0
CUST_009915,22.74,17.44,368.19,34,-5.3,6,0.72,24.4,0.85,0,0.766931,21.111812,-0.233069,1
CUST_004670,22.0,19.37,381.55,5,-2.63,225,0.8,24.29,0.99,0,0.880455,19.697987,-0.119545,0
CUST_009927,15.03,12.88,258.18,57,-2.16,2,0.42,15.29,0.95,2,0.856953,20.045031,-0.143713,1
CUST_006677,31.09,30.97,554.98,46,-0.11,2,0.23,31.34,1.01,2,0.99614,17.919923,-0.003538,1
CUST_001290,32.01,29.98,610.64,7,-2.03,60,0.79,30.04,0.86,0,0.936582,20.368245,-0.063418,0
CUST_008937,21.1,45.57,920.7,29,24.47,211,0.08,22.35,0.93,2,2.159716,20.204082,1.159716,1
CUST_002798,32.1,29.65,700.22,9,-2.45,200,0.85,32.3,1.03,0,0.923676,23.616189,-0.076324,0
CUST_007571,27.72,57.62,1108.48,26,29.89,7,0.17,25.6,1.15,0,2.078644,19.237765,1.078283,1
CUST_007354,18.69,7.29,100.0,31,-11.4,168,0.01,15.93,0.98,0,0.390048,13.717421,-0.609952,1
CUST_005152,38.08,16.65,191.89,29,-21.42,172,0.67,30.7,1.09,3,0.437237,11.524925,-0.5625,1
CUST_002485,27.99,26.51,613.6,15,-1.47,16,0.83,28.2,1.0,0,0.947124,23.145983,-0.052519,0
CUST_002773,35.19,26.38,458.8,5,-8.81,149,0.96,33.42,0.8,0,0.749645,17.391964,-0.250355,0
CUST_008546,22.97,65.84,1181.52,38,42.87,6,0.35,28.56,1.15,3,2.866347,17.945322,1.866347,1
CUST_004863,19.8,19.36,467.73,6,-0.44,164,0.86,20.0,1.08,0,0.977778,24.159607,-0.022222,0
CUST_004663,29.28,21.77,518.37,9,-7.51,101,0.74,28.88,0.82,0,0.743511,23.811208,-0.256489,0
CUST_006371,20.44,54.59,962.2,17,34.16,156,0.46,22.81,1.07,2,2.670744,17.625939,1.671233,1
CUST_007584,22.11,44.82,684.22,25,22.71,4,0.02,22.19,0.81,2,2.027137,15.265953,1.027137,1
CUST_002476,29.92,21.18,369.54,3,-8.74,135,0.76,27.33,0.82,0,0.707888,17.447592,-0.292112,0
CUST_000279,23.22,25.1,587.78,9,1.88,90,0.82,21.67,0.96,0,1.080965,23.41753,0.080965,0
CUST_006053,24.61,17.04,319.07,37,-7.56,4,0.18,23.35,1.04,1,0.692401,18.724765,-0.307192,1
CUST_003885,27.38,25.43,434.89,4,-1.95,66,0.97,26.35,1.06,0,0.92878,17.101455,-0.07122,0
CUST_006533,25.04,58.7,1271.79,18,33.65,11,0.02,28.23,0.94,2,2.344249,21.665928,1.34385,1
CUST_004003,20.26,20.77,414.57,4,0.5,116,0.97,21.56,1.09,0,1.025173,19.960039,0.024679,0
CUST_000408,16.82,16.39,404.27,7,-0.43,142,0.91,18.17,0.99,0,0.974435,24.66565,-0.025565,0
CUST_004454,20.4,20.56,454.48,2,0.16,137,0.92,20.41,0.97,0,1.007843,22.105058,0.007843,0
CUST_001457,25.85,29.71,710.61,1,3.85,76,0.88,23.79,1.19,0,1.149323,23.918209,0.148936,0
CUST_006429,25.61,12.05,137.33,44,-13.56,6,0.16,21.87,1.18,2,0.470519,11.39668,-0.529481,1
CUST_008358,34.27,59.01,1057.45,21,24.74,8,0.05,34.15,1.1,0,1.721914,17.919844,0.721914,1
CUST_001544,30.92,25.98,503.97,6,-4.94,130,0.79,32.24,0.95,0,0.840233,19.398383,-0.159767,0
CUST_007962,31.29,62.61,863.89,31,31.31,4,0.21,34.33,0.8,0,2.000959,13.797956,1.000639,1
CUST_005729,23.68,56.26,1087.67,43,32.58,126,0.49,27.34,0.95,3,2.375845,19.332919,1.375845,1
CUST_007251,19.11,6.51,104.45,20,-12.61,5,0.23,18.17,0.85,3,0.340659,16.044547,-0.659864,1
CUST_002057,17.57,22.38,534.77,7,4.81,78,0.32,18.18,1.15,0,1.273762,23.894996,0.273762,0
CUST_005489,36.39,15.42,265.29,30,-20.97,8,0.23,29.22,1.06,0,0.423743,17.20428,-0.576257,1
CUST_003951,33.83,30.49,750.74,9,-3.34,222,0.68,30.98,0.96,0,0.901271,24.622499,-0.098729,0
CUST_006346,19.22,47.95,917.19,38,28.73,11,0.19,21.79,1.0,1,2.494797,19.12805,1.494797,1
CUST_002808,17.47,18.95,323.75,10,1.48,114,1.0,16.93,1.18,0,1.084717,17.084433,0.084717,0
CUST_000200,31.43,37.04,748.33,7,5.62,237,0.85,33.06,1.04,0,1.178492,20.203294,0.17881,0
CUST_000846,29.81,22.5,403.38,7,-7.31,47,0.7,27.12,0.84,0,0.75478,17.928,-0.24522,0
CUST_000115,34.17,26.26,566.44,5,-7.91,127,0.51,32.41,0.9,0,0.76851,21.570449,-0.23149,0
CUST_005360,16.91,45.76,1022.6,37,28.85,167,0.75,18.89,1.08,1,2.706091,22.347028,1.706091,1
CUST_003888,30.61,34.19,650.81,4,3.59,105,0.92,30.64,1.18,0,1.116955,19.035098,0.117282,0
CUST_008276,16.18,15.45,328.59,36,-0.73,134,0.17,15.64,1.03,1,0.954883,21.267961,-0.045117,1
CUST_002229,26.07,25.59,582.12,6,-0.48,75,0.83,27.23,1.06,0,0.981588,22.747948,-0.018412,0
CUST_004536,28.82,31.48,693.5,8,2.67,31,0.81,27.88,1.11,0,1.092297,22.02986,0.092644,0
CUST_002500,17.13,17.04,360.36,9,-0.1,228,0.5,16.49,1.12,0,0.994746,21.147887,-0.005838,0
CUST_004813,29.5,35.21,877.6,8,5.71,35,0.89,30.52,1.04,0,1.193559,24.924737,0.193559,0
CUST_005723,19.85,52.44,847.73,32,32.59,7,0.13,22.14,1.06,1,2.641814,16.165713,1.641814,1
CUST_001565,28.2,27.8,484.73,13,-0.4,61,0.94,28.98,0.94,0,0.985816,17.436331,-0.014184,0
CUST_006718,40.56,16.89,183.79,44,-23.66,161,0.28,34.13,1.04,1,0.41642,10.881587,-0.583333,1
CUST_007563,29.96,31.47,547.23,51,1.51,4,0.22,28.1,1.09,1,1.050401,17.388942,0.050401,1
CUST_005483,24.53,16.92,297.02,29,-7.61,10,0.04,23.13,0.86,1,0.689768,17.554374,-0.310232,1
CUST_007389,27.77,59.6,1253.95,28,31.83,206,0.01,31.41,0.86,1,2.146201,21.03943,1.146201,1
CUST_004556,21.66,20.63,504.92,5,-1.03,72,0.99,23.01,0.87,0,0.952447,24.475036,-0.047553,0
CUST_006647,15.58,16.99,409.33,56,1.41,192,0.0,16.97,1.11,0,1.090501,24.092407,0.090501,1
CUST_002798,32.1,29.65,700.22,9,-2.45,200,0.85,32.3,1.03,0,0.923676,23.616189,-0.076324,0
CUST_006155,15.76,43.65,828.24,16,27.9,218,0.15,16.72,1.11,1,2.76967,18.97457,1.770305,1
CUST_006609,33.38,69.8,1042.77,36,36.42,2,0.09,34.3,0.84,1,2.091072,14.939398,1.091072,1
CUST_003992,17.1,17.82,397.94,9,0.72,40,0.69,16.68,1.1,0,1.042105,22.331089,0.042105,0
CUST_007291,37.82,17.45,288.65,32,-20.37,232,0.42,32.1,1.15,1,0.461396,16.541547,-0.538604,1
CUST_008783,30.58,29.69,700.82,27,-0.89,1,0.24,32.06,1.0,0,0.970896,23.604581,-0.029104,1
CUST_009280,32.29,14.68,222.24,15,-17.61,11,0.2,27.52,1.14,2,0.45463,15.138965,-0.54537,1
CUST_002271,28.1,34.3,659.86,6,6.2,233,0.86,30.92,1.07,0,1.220641,19.237901,0.220641,0
CUST_001322,18.7,19.94,401.08,8,1.24,136,0.81,18.68,1.1,0,1.06631,20.114343,0.06631,0
CUST_009268,36.01,12.64,169.55,24,-23.37,9,0.56,28.86,0.88,0,0.351014,13.413766,-0.648986,1
CUST_001579,31.91,30.45,597.42,7,-1.46,88,0.86,33.54,0.84,0,0.954246,19.619704,-0.045754,0
CUST_007604,23.23,62.66,1115.01,19,39.42,10,0.36,26.0,1.08,2,2.697374,17.794606,1.696944,1
CUST_005920,32.68,11.9,149.11,38,-20.77,1,0.04,27.06,0.91,1,0.364137,12.530252,-0.635557,1
CUST_002644,30.74,36.46,704.05,7,5.72,57,0.59,30.56,1.1,0,1.186077,19.310203,0.186077,0
CUST_008175,14.53,13.96,329.54,38,-0.57,3,0.26,15.27,1.03,0,0.960771,23.606017,-0.039229,1
CUST_006085,21.68,38.46,767.04,41,16.78,8,0.01,20.92,1.03,1,1.773985,19.943838,0.773985,1
CUST_005118,16.84,36.63,746.42,35,19.79,132,0.0,20.05,0.87,0,2.175178,20.377286,1.175178,1
CUST_006891,28.07,12.99,167.23,33,-15.09,5,0.05,23.38,1.16,3,0.462772,12.873749,-0.537585,1
CUST_005018,21.28,52.38,1293.56,31,31.1,4,0.06,23.47,0.99,0,2.461466,24.695685,1.461466,1
CUST_004777,30.64,35.41,698.47,6,4.77,17,0.77,28.84,1.09,0,1.155679,19.725219,0.155679,0
CUST_004740,22.98,23.37,542.73,6,0.39,114,0.78,23.73,0.92,0,1.016971,23.223363,0.016971,0
CUST_008020,16.42,42.28,634.38,32,25.86,186,0.38,19.03,1.03,0,2.574909,15.004257,1.574909,1
CUST_003480,34.19,39.18,773.85,6,4.99,161,0.81,31.3,1.1,0,1.145949,19.751149,0.145949,0
CUST_004549,22.26,17.57,289.21,4,-4.7,131,0.94,24.38,0.85,0,0.789308,16.460444,-0.211141,0
CUST_003115,22.01,26.0,407.31,5,3.99,56,0.87,21.46,1.19,0,1.181281,15.665769,0.181281,0
CUST_003313,16.16,13.24,304.9,7,-2.92,29,0.99,17.21,0.81,0,0.819307,23.028701,-0.180693,0
CUST_006517,15.71,37.9,704.46,25,22.19,4,0.32,16.11,0.96,1,2.412476,18.587335,1.412476,1
CUST_001369,28.34,27.36,529.65,11,-0.98,89,0.96,28.49,0.9,0,0.96542,19.358553,-0.03458,0
CUST_006608,25.83,10.66,120.97,17,-15.16,128,0.08,22.77,1.03,1,0.412698,11.34803,-0.586914,1
CUST_003525,33.9,36.59,839.45,9,2.69,152,0.8,30.99,1.11,0,1.079351,22.942061,0.079351,0
CUST_006509,25.76,9.66,112.46,16,-16.11,198,0.15,21.21,0.94,1,0.375,11.641822,-0.625388,1
CUST_005145,32.12,11.76,195.21,40,-20.36,6,0.17,29.2,0.92,2,0.366127,16.59949,-0.633873,1
CUST_005813,35.08,41.42,1033.59,42,6.34,161,0.22,32.13,1.14,1,1.18073,24.953887,0.18073,1
CUST_009602,27.97,10.76,131.86,21,-17.21,9,0.23,26.46,0.96,2,0.384698,12.254647,-0.615302,1
CUST_001195,30.37,22.02,389.17,9,-8.35,121,0.93,29.73,0.81,0,0.725058,17.673479,-0.274942,0
CUST_008585,31.24,13.49,145.07,18,-17.76,145,0.11,26.97,1.08,0,0.431818,10.753892,-0.568502,1
CUST_005876,29.66,9.92,127.85,40,-19.74,122,0.05,23.83,0.84,2,0.334457,12.888105,-0.665543,1
CUST_009214,27.78,30.15,537.58,37,2.37,7,0.11,30.68,1.05,0,1.085313,17.830182,0.085313,1
CUST_001645,32.01,23.7,566.86,2,-8.32,216,0.77,31.24,0.8,0,0.740394,23.918143,-0.259919,0
CUST_001079,29.38,27.06,544.2,5,-2.32,128,0.88,32.54,0.85,0,0.921035,20.110865,-0.078965,0
CUST_007769,29.82,13.08,209.96,44,-16.74,3,0.24,24.38,1.1,2,0.438632,16.051988,-0.561368,1
CUST_001030,32.68,35.31,574.33,8,2.62,93,0.69,33.59,1.04,0,1.080477,16.265364,0.080171,0
CUST_007936,23.07,53.71,1117.39,42,30.64,145,0.09,25.12,0.93,1,2.328132,20.804133,1.328132,1
CUST_003459,30.64,35.2,624.48,5,4.56,188,1.0,29.06,1.02,0,1.148825,17.740909,0.148825,0
CUST_007560,21.11,8.41,138.39,18,-12.7,193,0.24,17.1,1.0,1,0.398389,16.45541,-0.601611,1
CUST_000026,24.83,19.59,326.35,5,-5.24,202,0.21,24.55,0.83,0,0.788965,16.65901,-0.211035,0
CUST_009629,14.18,31.24,487.25,18,17.06,4,0.05,15.26,0.88,1,2.203103,15.596991,1.203103,1
CUST_001874,35.85,34.47,816.71,7,-1.38,93,0.72,34.88,0.94,0,0.961506,23.693357,-0.038494,0
CUST_000759,27.66,22.15,402.85,10,-5.51,144,0.95,28.48,0.84,0,0.800795,18.187359,-0.199205,0
CUST_001235,16.74,16.44,293.64,6,-0.3,29,0.92,17.53,0.95,0,0.982079,17.861314,-0.017921,0
CUST_000615,22.73,17.5,427.33,7,-5.24,158,0.9,24.79,0.88,0,0.769908,24.418857,-0.230532,0
CUST_000779,14.83,15.59,382.16,2,0.76,203,0.83,15.54,1.02,0,1.051247,24.513149,0.051247,0
CUST_003700,19.43,18.52,432.35,8,-0.9,53,0.93,19.14,0.95,0,0.953165,23.345032,-0.04632,0
CUST_000672,19.42,22.63,446.54,6,3.21,29,0.71,20.24,1.19,0,1.165294,19.732214,0.165294,0
CUST_007669,24.6,7.93,101.63,17,-16.67,9,0.04,19.09,0.81,1,0.322358,12.815889,-0.677642,1
CUST_008456,32.48,61.1,1368.79,17,28.62,213,0.37,34.67,1.08,0,1.881158,22.402455,0.881158,1
CUST_004831,23.44,25.59,612.01,11,2.15,148,0.83,25.53,0.95,1,1.091724,23.915983,0.091724,0
CUST_002593,29.22,31.9,623.32,8,2.68,128,0.81,31.98,1.09,0,1.091718,19.539812,0.091718,0
CUST_001190,29.33,37.56,769.46,4,8.23,223,0.99,28.16,1.13,0,1.2806,20.486155,0.2806,0
CUST_004308,21.83,23.87,554.86,5,2.04,24,0.87,23.65,1.14,0,1.093449,23.245078,0.093449,0
CUST_009118,30.62,37.18,658.48,54,6.56,146,0.3,32.82,1.15,0,1.214239,17.710597,0.214239,1
CUST_005039,18.74,6.27,100.0,20,-12.47,223,0.14,16.15,0.84,0,0.334578,15.948963,-0.665422,1
CUST_004543,16.8,18.87,322.89,2,2.07,232,0.92,16.19,1.17,0,1.123214,17.111288,0.123214,0
CUST_004262,31.26,29.57,629.31,8,-1.69,217,0.89,33.05,0.89,0,0.945937,21.282043,-0.054063,0
CUST_004834,18.19,15.08,371.05,6,-3.11,40,0.97,17.73,0.88,0,0.829027,24.605438,-0.170973,0
CUST_007049,17.09,48.8,978.67,33,31.71,8,0.12,21.08,1.14,0,2.855471,20.054713,1.855471,1
CUST_000013,29.14,28.71,511.2,10,-0.43,59,0.98,29.93,1.06,0,0.985244,17.805643,-0.014756,0
CUST_001843,22.62,25.72,486.35,10,3.1,71,0.97,21.97,1.05,0,1.137047,18.909409,0.137047,0
CUST_008854,30.82,72.17,1319.93,40,41.35,174,0.01,33.07,0.94,0,2.341661,18.289178,1.341661,1
CUST_005574,26.66,68.67,1387.51,19,42.01,7,0.25,28.24,1.03,1,2.575769,20.205475,1.575769,1
CUST_004815,36.19,43.04,1010.27,4,6.85,114,0.79,33.47,1.13,0,1.189279,23.472816,0.189279,0
CUST_009926,29.01,27.83,624.05,37,-1.18,124,0.09,26.44,1.03,2,0.959324,22.423644,-0.040676,1
CUST_006753,18.28,50.34,1002.16,20,32.06,8,0.02,21.16,1.1,3,2.753829,19.907827,1.753829,1
CUST_002635,25.25,26.85,428.7,12,1.6,72,0.92,27.99,1.01,0,1.063366,15.96648,0.063366,0
CUST_002016,32.81,36.27,762.02,11,3.46,157,0.9,32.83,1.03,0,1.105456,21.00965,0.105456,0
CUST_003235,35.22,34.76,714.49,7,-0.46,223,0.91,33.1,1.06,0,0.986939,20.554948,-0.013061,0
CUST_004888,24.69,22.42,445.75,8,-2.27,108,1.0,25.45,0.92,0,0.90806,19.881802,-0.09194,0
CUST_008617,19.86,56.06,1132.22,21,36.2,7,0.09,20.33,1.13,2,2.822759,20.196575,1.822759,1
CUST_001000,20.2,20.43,368.85,5,0.24,124,0.93,21.41,1.17,0,1.011386,18.054332,0.011881,0
CUST_002904,25.46,26.96,617.89,6,1.5,58,0.53,27.56,0.94,1,1.058916,22.918769,0.058916,0
CUST_009316,21.29,7.36,100.0,43,-13.94,5,0.21,16.7,0.86,0,0.345702,13.586957,-0.654767,1
CUST_006705,30.39,71.71,1170.67,44,41.32,5,0.07,28.98,0.92,2,2.359658,16.325059,1.359658,1
CUST_003456,34.01,46.29,770.87,7,12.28,22,0.96,33.55,1.19,0,1.36107,16.653057,0.36107,0
CUST_000931,24.85,23.73,485.43,8,-1.12,162,0.61,27.41,1.11,0,0.95493,20.456384,-0.04507,0
CUST_004704,33.58,29.79,537.33,6,-3.79,22,0.86,34.09,0.82,0,0.887135,18.037261,-0.112865,0
CUST_003587,19.54,22.14,529.93,13,2.6,142,0.89,20.98,1.11,0,1.13306,23.935411,0.13306,0
CUST_002381,24.78,21.98,484.26,10,-2.8,144,0.85,25.53,0.84,1,0.887006,22.031847,-0.112994,0
CUST_007072,33.82,33.4,728.14,36,-0.42,6,0.47,32.92,0.94,1,0.987581,21.800599,-0.012419,1
CUST_002974,25.18,20.75,511.4,9,-4.43,157,0.64,25.66,0.9,0,0.824067,24.645783,-0.175933,0
CUST_001027,28.01,23.94,542.43,3,-4.07,235,0.85,28.73,0.89,0,0.854695,22.657895,-0.145305,0
CUST_003370,21.59,19.21,444.76,11,-2.38,81,0.97,23.66,1.03,0,0.889764,23.152525,-0.110236,0
CUST_000282,27.49,32.22,742.63,10,4.73,12,0.52,26.29,1.04,0,1.172063,23.048727,0.172063,0
CUST_004834,18.19,15.08,371.05,6,-3.11,40,0.97,17.73,0.88,0,0.829027,24.605438,-0.170973,0
CUST_007429,20.22,9.06,121.63,25,-11.16,122,0.08,19.25,1.12,0,0.448071,13.424945,-0.551929,1
CUST_002072,17.09,19.52,295.99,11,2.43,160,0.58,16.05,1.11,0,1.142188,15.163422,0.142188,0
CUST_009457,27.29,25.04,565.97,35,-2.25,126,0.29,29.08,1.04,0,0.917552,22.602636,-0.082448,1
CUST_009355,25.65,8.97,108.51,31,-16.68,213,0.14,22.35,0.87,1,0.349708,12.09699,-0.650292,1
CUST_008223,19.17,18.14,425.52,32,-1.04,5,0.03,19.52,0.87,1,0.94627,23.457552,-0.054251,1
CUST_000267,16.5,17.88,399.95,6,1.38,227,0.97,16.37,1.2,0,1.083636,22.368568,0.083636,0
CUST_008692,22.56,52.55,898.42,37,29.98,10,0.38,27.15,0.93,0,2.329344,17.09648,1.328901,1
CUST_004901,20.09,20.82,417.6,5,0.72,69,0.94,21.65,1.13,0,1.036336,20.057637,0.035839,0
CUST_007861,29.35,32.85,761.67,26,3.5,223,0.01,28.73,1.15,2,1.11925,23.186301,0.11925,1
CUST_000901,31.91,37.71,621.67,7,5.8,81,0.98,32.68,1.07,0,1.181761,16.485548,0.181761,0
CUST_001662,25.65,23.46,524.1,10,-2.2,212,0.89,28.29,1.06,0,0.91462,22.340153,-0.08577,0
CUST_004317,25.02,19.73,400.2,7,-5.28,204,0.79,26.3,0.88,0,0.788569,20.283832,-0.211031,0
CUST_000888,32.33,41.1,765.03,7,8.77,216,0.96,30.44,1.18,0,1.271265,18.613869,0.271265,0
CUST_002616,35.32,33.85,630.34,10,-1.47,122,0.81,32.48,0.98,0,0.958381,18.621566,-0.041619,0
CUST_002220,30.22,34.82,540.34,7,4.6,13,0.92,28.43,1.1,0,1.152217,15.518093,0.152217,0
CUST_004188,31.26,23.48,550.98,7,-7.78,183,0.97,33.95,0.85,0,0.75112,23.465928,-0.24888,0
CUST_009282,30.22,67.49,1056.49,26,37.27,1,0.23,32.87,0.89,0,2.233289,15.654023,1.233289,1
CUST_008441,24.58,41.88,846.54,18,17.3,185,0.18,24.83,1.05,0,1.703824,20.213467,0.703824,1
CUST_002100,33.66,41.65,973.84,9,7.99,98,0.85,32.38,1.12,0,1.237374,23.381513,0.237374,0
CUST_001255,18.85,22.99,360.59,8,4.14,75,0.9,20.08,1.18,0,1.219629,15.684645,0.219629,0
CUST_007467,36.29,12.98,146.14,36,-23.31,130,0.28,34.28,0.89,0,0.357674,11.25886,-0.642326,1
CUST_002676,33.0,42.9,647.37,8,9.9,191,0.84,32.25,1.15,0,1.3,15.09021,0.3,0
CUST_000486,34.05,29.15,577.42,8,-4.9,117,0.73,31.93,0.83,0,0.856094,19.808576,-0.143906,0
CUST_001298,31.2,40.6,688.76,4,9.4,216,0.89,34.23,1.15,1,1.301282,16.964532,0.301282,0
CUST_009147,16.22,6.96,148.54,43,-9.26,11,0.15,17.98,0.8,1,0.4291,21.341954,-0.5709,1
CUST_002972,18.09,14.26,276.55,8,-3.83,217,0.88,19.29,0.88,0,0.788281,19.393408,-0.211719,0
CUST_002527,29.65,33.46,663.02,6,3.81,213,0.66,32.01,1.05,0,1.128499,19.815302,0.128499,0
CUST_002289,28.46,24.17,397.32,8,-4.29,163,0.91,26.69,0.81,0,0.849262,16.43856,-0.150738,0
CUST_002013,22.22,25.08,522.81,8,2.86,54,0.73,21.54,1.11,0,1.128713,20.845694,0.128713,0
CUST_004272,28.93,35.37,677.91,6,6.44,124,0.99,28.64,1.14,0,1.222606,19.166243,0.222606,0
CUST_005268,22.25,25.96,461.32,56,3.71,5,0.41,22.81,1.12,0,1.166742,17.770416,0.166742,1
CUST_001682,16.56,16.06,336.54,9,-0.5,57,0.97,17.01,1.04,0,0.969807,20.955168,-0.030193,0
CUST_002932,30.98,30.24,506.45,13,-0.74,226,0.93,30.52,0.92,0,0.976114,16.747685,-0.023886,0
CUST_009990,37.96,91.9,2101.37,39,53.94,4,0.12,34.93,1.02,2,2.420969,22.865832,1.420969,1
CUST_001666,30.69,25.9,440.34,6,-4.8,117,0.75,28.27,0.97,0,0.843923,17.001544,-0.156403,0
CUST_005789,29.85,12.27,141.96,35,-17.58,209,0.14,25.0,1.03,2,0.411055,11.569682,-0.588945,1
CUST_002246,30.61,38.99,636.66,8,8.38,195,0.91,33.37,1.18,0,1.273767,16.328802,0.273767,0
CUST_000379,15.6,13.46,294.49,8,-2.15,181,0.77,15.3,0.93,0,0.862821,21.8789,-0.137821,0
CUST_000130,33.06,30.28,489.3,10,-2.77,186,0.99,32.43,0.9,0,0.91591,16.159181,-0.083787,0
CUST_000826,22.07,23.33,459.28,11,1.27,169,0.94,23.35,1.1,0,1.057091,19.686241,0.057544,0
CUST_003194,26.01,27.48,639.98,7,1.47,196,0.98,24.29,0.94,0,1.056517,23.288937,0.056517,0
CUST_009537,29.86,25.48,470.69,36,-4.38,150,0.01,30.33,0.85,3,0.853315,18.47292,-0.146685,1
CUST_002818,17.17,14.85,287.19,6,-2.31,24,0.9,18.43,0.84,0,0.864881,19.339394,-0.134537,0
CUST_008089,36.04,11.69,161.57,26,-24.35,128,0.08,33.24,0.81,2,0.324362,13.821215,-0.675638,1
CUST_001462,20.3,17.92,331.63,8,-2.37,150,0.98,18.46,0.88,0,0.882759,18.506138,-0.116749,0
CUST_003053,21.5,23.65,383.89,3,2.15,16,0.92,22.78,1.12,0,1.1,16.232135,0.1,0
CUST_007397,30.38,75.1,1151.54,30,44.71,9,0.23,30.65,0.99,3,2.472021,15.333422,1.471692,1
CUST_004048,29.33,20.83,347.59,3,-8.5,66,0.97,30.36,0.8,0,0.710194,16.68699,-0.289806,0
CUST_000119,19.97,16.01,260.36,10,-3.96,87,0.65,21.7,0.87,0,0.801703,16.262336,-0.198297,0
CUST_003250,28.21,26.03,555.25,6,-2.18,123,0.59,28.16,1.01,0,0.922722,21.331156,-0.077278,0
CUST_007574,34.4,12.1,158.38,35,-22.3,213,0.11,34.22,0.88,2,0.351744,13.089256,-0.648256,1
CUST_005988,22.98,17.04,335.24,44,-5.94,6,0.05,21.44,1.17,0,0.741514,19.673709,-0.258486,1
CUST_009857,20.21,44.56,827.07,22,24.36,160,0.24,22.55,0.88,0,2.204849,18.560817,1.205344,1
CUST_000802,27.81,24.8,524.01,2,-3.0,63,0.77,30.47,0.82,0,0.891766,21.129435,-0.107875,0
CUST_006877,29.28,72.86,1214.38,37,43.59,145,0.29,27.0,0.98,3,2.488388,16.667307,1.48873,1
CUST_008787,13.68,28.45,539.63,17,14.77,8,0.0,16.96,0.83,0,2.079678,18.967663,1.079678,1
CUST_002830,32.6,32.83,626.78,8,0.23,182,0.84,31.91,0.98,0,1.007055,19.091684,0.007055,0
CUST_004900,25.02,26.04,610.17,4,1.02,108,1.0,26.48,1.04,0,1.040767,23.432028,0.040767,0
CUST_002331,29.53,36.01,739.22,5,6.49,204,0.86,31.19,1.09,0,1.219438,20.528187,0.219776,0
CUST_007576,24.28,27.77,647.83,40,3.49,223,0.14,25.15,1.08,1,1.14374,23.328412,0.14374,1
CUST_003086,24.2,20.0,431.31,6,-4.2,85,0.59,22.74,0.89,0,0.826446,21.5655,-0.173554,0
CUST_003462,15.39,15.12,363.93,5,-0.27,77,0.9,15.03,0.87,0,0.982456,24.069444,-0.017544,0
CUST_004188,31.26,23.48,550.98,7,-7.78,183,0.97,33.95,0.85,0,0.75112,23.465928,-0.24888,0
CUST_002350,15.93,15.48,361.56,2,-0.45,114,0.95,17.07,1.05,0,0.971751,23.356589,-0.028249,0
CUST_002196,23.39,20.31,476.75,6,-3.08,140,0.94,21.45,0.83,0,0.86832,23.473658,-0.13168,0
CUST_001188,20.63,21.24,341.03,3,0.61,217,0.9,21.39,1.1,0,1.029569,16.056026,0.029569,0
CUST_008111,31.85,59.36,976.63,26,27.51,149,0.57,32.01,0.9,1,1.863736,16.452662,0.863736,1
CUST_004019,16.68,16.47,267.52,5,-0.21,178,0.79,16.81,0.94,0,0.98741,16.242866,-0.01259,0
CUST_006949,37.59,52.14,1018.67,25,14.55,239,0.12,34.77,1.03,3,1.387071,19.537208,0.387071,1
CUST_006219,27.75,76.13,1503.25,32,48.39,4,0.27,31.84,1.1,0,2.743423,19.74583,1.743784,1
CUST_003287,21.5,20.43,439.96,7,-1.07,33,0.9,22.92,1.07,0,0.950233,21.534998,-0.049767,0
CUST_008425,20.39,9.95,246.52,18,-10.44,9,0.24,22.34,1.0,1,0.487984,24.775879,-0.512016,1
CUST_007887,19.77,41.44,882.44,27,21.67,4,0.31,21.46,0.84,2,2.096105,21.294402,1.096105,1
CUST_001667,20.6,19.74,360.47,4,-0.86,103,0.96,21.62,1.0,0,0.958252,18.260892,-0.041748,0
CUST_003380,32.85,38.39,851.86,5,5.55,48,0.57,29.93,1.1,0,1.168645,22.189633,0.16895,0
CUST_002702,27.31,29.11,588.86,13,1.8,65,0.8,28.37,1.14,0,1.06591,20.228787,0.06591,0
CUST_003414,37.18,45.51,1092.18,13,8.33,168,0.81,34.95,1.15,0,1.224045,23.998682,0.224045,0
CUST_002340,34.11,40.83,662.59,13,6.72,112,0.83,31.85,1.2,0,1.19701,16.228019,0.19701,0
CUST_006758,32.13,14.39,221.32,30,-17.74,9,0.13,31.59,1.12,3,0.447868,15.380125,-0.552132,1
CUST_005522,16.46,25.2,520.51,20,8.73,6,0.02,17.2,0.81,1,1.530984,20.655159,0.530377,1
CUST_006496,28.2,35.59,619.59,47,7.39,124,0.21,29.14,1.16,0,1.262057,17.409104,0.262057,1
CUST_003344,22.41,18.85,438.31,5,-3.56,172,0.99,23.08,0.88,0,0.841142,23.25252,-0.158858,0
CUST_005880,29.79,11.17,135.44,19,-18.62,2,0.02,29.45,0.94,1,0.374958,12.125336,-0.625042,1
CUST_001190,29.33,37.56,769.46,4,8.23,223,0.99,28.16,1.13,0,1.2806,20.486155,0.2806,0
CUST_004938,22.54,23.28,393.66,4,0.74,84,0.87,23.06,1.07,0,1.032831,16.909794,0.032831,0
CUST_001067,25.91,28.82,626.77,7,2.91,172,0.83,24.86,1.18,0,1.112312,21.747745,0.112312,0
CUST_009266,19.14,20.43,491.69,35,1.3,2,0.4,19.55,1.06,0,1.067398,24.067058,0.067921,1
CUST_001436,18.84,17.1,362.0,6,-1.74,187,0.97,17.78,0.91,0,0.907643,21.169591,-0.092357,0
CUST_004569,16.15,18.89,357.39,8,2.73,79,0.46,15.5,1.07,0,1.169659,18.919534,0.16904,0
CUST_004811,34.29,36.37,871.57,5,2.08,72,0.97,32.7,1.05,0,1.060659,23.963981,0.060659,0
CUST_006058,31.63,15.01,171.23,26,-16.62,8,0.11,25.37,1.19,1,0.474549,11.407728,-0.525451,1
CUST_006119,29.56,13.5,142.03,33,-16.06,5,0.03,25.4,1.14,0,0.456698,10.520741,-0.543302,1
CUST_003491,18.25,17.05,293.58,15,-1.2,188,0.93,17.22,0.87,1,0.934247,17.218768,-0.065753,0
CUST_002761,30.92,28.46,447.73,7,-2.46,144,0.97,31.18,0.96,0,0.92044,15.731904,-0.07956,0
CUST_001579,31.91,30.45,597.42,7,-1.46,88,0.86,33.54,0.84,0,0.954246,19.619704,-0.045754,0
CUST_009191,31.83,38.27,904.48,50,6.44,11,0.62,31.86,1.15,1,1.202325,23.634178,0.202325,1
CUST_004585,32.24,29.4,632.12,7,-2.84,30,0.71,32.62,0.98,0,0.911911,21.50068,-0.088089,0
CUST_001306,15.86,17.43,354.79,12,1.57,102,0.95,15.41,0.96,0,1.098991,20.355135,0.098991,0
CUST_005968,22.08,36.76,628.36,31,14.68,136,0.18,23.54,1.02,2,1.664855,17.09358,0.664855,1
CUST_006460,23.5,69.6,1381.45,32,46.09,137,0.05,25.86,1.18,2,2.961702,19.84842,1.961277,1
CUST_008265,20.97,10.0,166.46,35,-10.97,4,0.26,20.48,1.19,2,0.476872,16.646,-0.523128,1
CUST_003503,32.37,41.81,944.58,3,9.45,146,0.93,31.28,1.18,0,1.291628,22.592203,0.291937,0
CUST_009545,41.24,17.52,208.83,30,-23.72,188,0.01,33.9,1.06,2,0.42483,11.919521,-0.57517,1
CUST_002142,35.63,37.32,584.39,11,1.69,62,0.85,33.01,0.94,1,1.047432,15.658896,0.047432,0
CUST_001947,15.87,18.5,434.33,2,2.63,207,0.66,15.06,1.04,0,1.165721,23.477297,0.165721,0
CUST_004663,29.28,21.77,518.37,9,-7.51,101,0.74,28.88,0.82,0,0.743511,23.811208,-0.256489,0
CUST_006905,21.02,27.82,515.99,32,6.8,4,0.03,19.32,1.14,0,1.323501,18.547448,0.323501,1
CUST_000527,17.93,15.07,339.47,5,-2.86,83,0.82,17.42,0.87,0,0.840491,22.526211,-0.159509,0
CUST_008292,30.19,85.57,1187.24,32,55.38,131,0.11,31.3,1.13,0,2.834382,13.874489,1.834382,1
CUST_008521,15.63,14.09,218.67,30,-1.54,4,0.05,17.08,0.82,1,0.901472,15.519517,-0.098528,1
CUST_002285,15.61,16.96,393.2,8,1.35,169,0.87,16.26,0.95,0,1.086483,23.183962,0.086483,0
CUST_007450,23.63,52.72,966.7,29,29.09,9,0.18,26.52,0.89,0,2.231062,18.336495,1.231062,1
CUST_001216,22.65,23.93,517.22,4,1.28,58,0.91,22.01,1.09,0,1.056512,21.613874,0.056512,0
CUST_009859,23.67,10.07,108.8,15,-13.59,152,0.02,21.53,1.06,1,0.425433,10.804369,-0.574144,1
CUST_003010,35.18,29.11,642.82,8,-6.08,173,0.73,33.27,0.84,1,0.827459,22.082446,-0.172825,0
CUST_003823,31.7,33.65,663.26,12,1.94,136,0.59,31.12,1.16,0,1.061514,19.71055,0.061199,0
CUST_008406,17.02,15.39,350.17,28,-1.63,4,0.47,15.8,0.85,0,0.90423,22.753086,-0.09577,1
CUST_009197,29.68,12.62,211.41,29,-17.06,1,0.12,28.38,1.06,1,0.425202,16.751981,-0.574798,1
CUST_007434,34.27,12.14,154.0,27,-22.13,176,0.23,31.26,0.89,1,0.354246,12.685338,-0.645754,1
CUST_007062,30.81,77.01,1430.01,22,46.2,229,0.31,31.87,1.0,1,2.499513,18.569147,1.499513,1
CUST_004822,15.6,16.54,396.75,11,0.93,236,0.94,16.17,1.12,0,1.060256,23.987304,0.059615,0
CUST_002532,34.19,33.25,790.56,6,-0.94,159,0.96,33.08,0.85,0,0.972507,23.776241,-0.027493,0
CUST_005544,21.34,8.02,116.33,20,-13.32,6,0.28,17.7,0.94,2,0.37582,14.504988,-0.62418,1
CUST_000492,24.85,19.4,433.06,8,-5.46,72,0.8,22.83,0.9,0,0.780684,22.32268,-0.219718,0
CUST_000099,15.94,12.05,260.28,5,-3.89,190,0.77,16.43,0.8,0,0.75596,21.6,-0.24404,0
CUST_006658,26.32,62.3,1071.11,20,35.98,3,0.1,30.91,0.95,0,2.367021,17.192777,1.367021,1
CUST_005131,27.23,79.5,1291.8,41,52.27,2,0.41,27.43,1.17,0,2.919574,16.249057,1.919574,1
CUST_005864,18.09,34.21,628.46,28,16.12,10,0.01,19.55,0.95,1,1.8911,18.370652,0.8911,1
CUST_002508,33.96,39.74,881.41,12,5.78,174,0.59,31.64,1.07,0,1.1702,22.179416,0.1702,0
CUST_006424,24.2,9.4,109.43,43,-14.8,217,0.18,19.59,0.97,0,0.38843,11.641489,-0.61157,1
CUST_002482,19.24,18.34,325.25,4,-0.91,154,0.98,17.99,0.91,0,0.953222,17.73446,-0.047297,0
CUST_005114,22.2,9.43,131.99,22,-12.77,222,0.17,17.75,1.06,0,0.424775,13.996819,-0.575225,1
CUST_001284,30.23,31.41,533.83,5,1.17,141,0.9,29.89,1.01,0,1.039034,16.995543,0.038703,0
CUST_004895,19.87,23.36,567.14,4,3.49,134,0.99,20.76,1.08,0,1.175642,24.278253,0.175642,0
CUST_001606,16.75,16.1,334.85,6,-0.65,22,0.82,16.61,1.04,0,0.961194,20.798137,-0.038806,0
CUST_006586,37.3,12.64,179.25,32,-24.66,227,0.11,29.86,0.85,1,0.338874,14.181171,-0.661126,1
CUST_001361,18.3,15.83,315.96,5,-2.47,218,0.95,20.24,0.81,0,0.865027,19.95957,-0.134973,0
CUST_000636,24.7,22.31,485.01,10,-2.38,84,0.98,25.12,0.96,0,0.903239,21.739579,-0.096356,0
CUST_000095,25.86,24.13,594.56,9,-1.73,15,0.95,27.66,0.89,0,0.933101,24.639867,-0.066899,0
CUST_001867,34.1,33.02,531.66,10,-1.08,223,0.99,32.2,0.95,0,0.968328,16.101151,-0.031672,0
CUST_003157,25.37,19.2,328.9,7,-6.17,139,0.79,25.21,0.88,0,0.756799,17.130208,-0.243201,0
CUST_002657,23.08,16.14,306.62,3,-6.94,15,1.0,22.29,0.82,0,0.699307,18.997522,-0.300693,0
CUST_002931,34.95,32.89,741.22,4,-2.05,201,0.92,32.69,1.03,0,0.941059,22.536333,-0.058655,0
CUST_002315,26.91,25.1,550.69,6,-1.8,64,0.5,29.21,1.04,0,0.932739,21.939841,-0.06689,0
CUST_002690,35.05,39.34,819.19,9,4.28,232,0.92,33.51,1.16,0,1.122397,20.823335,0.122111,0
CUST_003239,15.87,18.62,420.76,6,2.75,13,0.68,16.78,1.18,0,1.173283,22.597207,0.173283,0
CUST_002378,30.04,29.01,584.93,2,-1.04,157,0.68,32.59,0.89,0,0.965712,20.163047,-0.034621,0
CUST_007618,32.36,34.36,631.0,39,2.0,10,0.17,31.11,0.96,0,1.061805,18.364377,0.061805,1
CUST_001496,22.16,19.41,407.34,9,-2.75,64,0.87,21.87,0.84,0,0.875903,20.98609,-0.124097,0
CUST_005264,29.45,16.23,357.67,20,-13.23,8,0.15,29.92,0.82,1,0.551104,22.037585,-0.449236,1
CUST_008753,24.91,26.39,595.81,57,1.49,234,0.01,22.77,1.14,1,1.059414,22.577113,0.059815,1
CUST_008250,29.97,51.48,1056.01,36,21.51,11,0.48,27.9,1.18,0,1.717718,20.513015,0.717718,1
CUST_003762,28.33,26.29,480.41,4,-2.03,209,0.57,30.43,0.86,0,0.927992,18.273488,-0.071655,0
CUST_007650,22.68,38.12,732.56,28,15.43,4,0.02,23.99,0.92,0,1.680776,19.217209,0.680335,1
CUST_004104,26.4,24.47,436.85,10,-1.93,193,0.83,24.57,0.86,0,0.926894,17.852472,-0.073106,0
CUST_001239,24.76,22.99,402.63,6,-1.77,137,0.93,23.45,0.98,0,0.928514,17.513267,-0.071486,0
CUST_001657,19.71,21.54,349.74,8,1.84,33,0.53,20.27,1.01,0,1.092846,16.236769,0.093354,0
CUST_000070,22.33,23.09,475.6,6,0.76,93,0.83,24.6,1.04,0,1.034035,20.597661,0.034035,0
CUST_002713,32.48,28.95,500.43,5,-3.53,118,0.84,30.32,0.85,0,0.891318,17.28601,-0.108682,0
CUST_002659,32.83,30.94,757.53,2,-1.9,53,0.54,34.83,0.86,0,0.942431,24.48384,-0.057874,0
CUST_004929,34.16,34.65,771.1,7,0.49,131,0.68,32.82,0.9,0,1.014344,22.253968,0.014344,0
CUST_009868,19.14,23.6,362.22,41,4.46,172,0.07,21.26,1.16,1,1.23302,15.348305,0.23302,1
CUST_007954,22.16,61.99,921.52,36,39.83,229,0.05,23.13,1.12,0,2.797383,14.865623,1.797383,1
CUST_008711,31.6,29.53,502.83,38,-2.06,128,0.03,32.74,1.01,1,0.934494,17.027768,-0.06519,1
CUST_001834,31.12,28.9,555.05,11,-2.22,136,1.0,32.9,1.01,0,0.928663,19.205882,-0.071337,0
CUST_007883,34.17,15.64,225.75,28,-18.53,174,0.12,29.03,1.14,0,0.457711,14.434143,-0.542289,1
CUST_004179,30.7,34.52,833.67,6,3.82,14,0.96,29.8,1.13,0,1.12443,24.150348,0.12443,0
CUST_002769,23.37,18.74,338.52,4,-4.63,128,0.7,21.36,0.84,0,0.801883,18.064034,-0.198117,0
CUST_004748,24.68,23.64,407.15,7,-1.03,15,0.66,22.87,0.84,0,0.957861,17.222927,-0.041734,0
CUST_002352,15.42,17.08,358.56,9,1.66,214,0.86,16.78,1.11,0,1.107652,20.992974,0.107652,0
CUST_003577,22.43,22.68,471.01,10,0.25,159,0.89,23.06,0.95,1,1.011146,20.767637,0.011146,0
CUST_007098,33.6,15.97,186.68,36,-17.63,9,0.0,29.82,1.19,1,0.475298,11.689418,-0.524702,1
CUST_009446,26.72,27.25,474.24,53,0.52,10,0.32,24.46,1.03,1,1.019835,17.403303,0.019461,1
CUST_005056,32.02,12.4,183.72,24,-19.61,4,0.26,27.21,0.97,2,0.387258,14.816129,-0.61243,1
CUST_005120,35.73,74.31,1758.07,43,38.58,10,0.2,34.82,1.19,0,2.079765,23.658592,1.079765,1
CUST_003232,25.65,22.39,459.62,7,-3.26,14,0.71,24.44,0.91,0,0.872904,20.527914,-0.127096,0
CUST_006738,14.45,13.55,267.75,30,-0.91,4,0.19,15.55,1.0,3,0.937716,19.760148,-0.062976,1
CUST_008568,15.19,31.73,541.82,18,16.54,11,0.14,16.41,0.84,1,2.088874,17.075953,1.088874,1
CUST_002224,25.65,25.7,424.92,6,0.05,157,0.67,24.65,1.13,0,1.001949,16.533852,0.001949,0
CUST_007347,22.39,7.51,100.0,28,-14.88,8,0.04,22.34,0.84,0,0.335418,13.315579,-0.664582,1
CUST_006266,17.81,52.36,1074.91,19,34.55,7,0.16,21.28,1.18,0,2.939921,20.529221,1.939921,1
CUST_001876,38.09,36.59,643.17,5,-1.5,56,0.8,34.91,0.86,0,0.96062,17.577753,-0.03938,0
CUST_009895,29.21,32.85,808.72,22,3.64,6,0.14,30.77,0.88,2,1.124615,24.618569,0.124615,1
CUST_003220,26.77,27.23,636.06,10,0.46,212,0.41,27.8,0.93,0,1.017183,23.358795,0.017183,0
CUST_000970,26.48,23.99,395.21,8,-2.5,87,0.97,24.43,0.9,0,0.905967,16.473947,-0.094411,0
CUST_002244,21.1,25.67,491.67,3,4.57,13,0.72,19.45,1.07,0,1.216588,19.153487,0.216588,0
CUST_000956,32.31,31.11,527.8,2,-1.21,88,0.93,31.19,1.05,0,0.96286,16.965606,-0.03745,0
CUST_002960,22.57,19.26,338.49,3,-3.31,161,0.96,22.94,0.88,0,0.853345,17.574766,-0.146655,0
CUST_001935,24.21,23.34,535.26,9,-0.87,120,0.65,23.35,0.87,0,0.964064,22.933162,-0.035936,0
CUST_009021,13.22,27.89,566.53,32,14.67,4,0.48,16.22,0.84,1,2.109682,20.313015,1.109682,1
CUST_004497,27.02,28.08,541.63,8,1.06,222,0.89,27.4,1.11,1,1.03923,19.288818,0.03923,0
CUST_000158,18.47,14.51,356.29,9,-3.97,223,0.82,16.81,0.81,0,0.785598,24.55479,-0.214943,0
CUST_001428,26.41,21.31,325.62,5,-5.11,45,0.89,26.16,0.89,0,0.806891,15.28015,-0.193487,0
CUST_003830,17.83,16.7,370.19,5,-1.12,158,0.75,17.37,0.99,0,0.936624,22.167066,-0.062815,0
CUST_003130,29.66,35.7,801.59,8,6.04,203,0.72,31.81,1.18,0,1.203641,22.453501,0.203641,0
CUST_006849,20.51,17.88,297.77,58,-2.62,135,0.21,21.25,0.82,1,0.87177,16.653803,-0.127743,1
CUST_007480,15.95,35.91,509.1,17,19.96,221,0.05,17.85,0.9,3,2.251411,14.177109,1.251411,1
CUST_001368,33.91,33.69,793.51,4,-0.21,39,0.75,31.13,0.94,0,0.993512,23.55328,-0.006193,0
CUST_000065,19.74,21.5,523.97,9,1.75,205,0.82,20.74,1.05,0,1.089159,24.370698,0.088652,0
CUST_003828,28.8,29.84,611.43,11,1.04,217,0.83,31.77,1.14,0,1.036111,20.490282,0.036111,0
CUST_009732,19.77,22.11,531.24,48,2.34,144,0.48,20.43,1.1,1,1.118361,24.027137,0.118361,1
CUST_000131,29.68,22.47,466.79,3,-7.21,14,0.99,29.48,0.85,0,0.757075,20.773921,-0.242925,0
CUST_008495,36.61,16.26,188.19,42,-20.34,174,0.06,31.42,1.11,0,0.444141,11.573801,-0.555586,1
CUST_002732,25.63,23.75,581.47,5,-1.87,202,0.84,26.71,0.96,0,0.926648,24.482947,-0.072961,0
CUST_005905,37.23,16.93,262.28,43,-20.31,7,0.07,30.01,1.14,1,0.454741,15.492026,-0.545528,1
CUST_000752,23.91,25.84,624.2,7,1.94,166,0.95,24.34,1.17,0,1.080719,24.156347,0.081138,0
CUST_001098,33.76,37.63,613.2,9,3.87,236,0.94,31.71,1.07,0,1.114633,16.295509,0.114633,0
CUST_006391,29.28,78.17,1139.59,33,48.88,1,0.06,31.21,1.07,2,2.66974,14.578355,1.669399,1
CUST_008251,21.4,15.78,266.74,38,-5.61,144,0.05,23.05,1.02,0,0.737383,16.903676,-0.26215,1
CUST_000244,14.94,13.53,330.87,4,-1.41,206,0.69,16.42,1.03,0,0.905622,24.454545,-0.094378,0
CUST_006015,32.73,17.38,421.27,40,-15.35,9,0.05,32.77,0.84,0,0.531011,24.23878,-0.468989,1
CUST_007548,18.36,48.84,972.44,41,30.48,11,0.16,21.59,1.06,2,2.660131,19.910729,1.660131,1
CUST_003037,17.18,15.46,293.29,4,-1.72,64,0.68,18.99,0.98,0,0.899884,18.970893,-0.100116,0
CUST_004544,31.03,34.7,621.23,3,3.67,109,0.63,28.68,1.14,0,1.118273,17.902882,0.118273,0
CUST_005105,19.48,39.53,738.06,19,20.05,233,0.08,19.47,0.83,1,2.029261,18.670883,1.029261,1
CUST_002381,24.78,21.98,484.26,10,-2.8,144,0.85,25.53,0.84,1,0.887006,22.031847,-0.112994,0
CUST_009076,30.04,82.47,1304.1,34,52.43,179,0.36,34.03,1.1,1,2.74534,15.813023,1.74534,1
CUST_003100,21.68,18.55,341.07,2,-3.13,19,0.63,20.62,0.99,0,0.855627,18.386523,-0.144373,0
CUST_004189,18.87,21.33,413.25,7,2.46,129,0.89,18.84,1.11,0,1.130366,19.374121,0.130366,0
CUST_000379,15.6,13.46,294.49,8,-2.15,181,0.77,15.3,0.93,0,0.862821,21.8789,-0.137821,0
CUST_003670,25.5,24.94,492.35,9,-0.55,37,0.67,24.26,0.91,0,0.978039,19.741379,-0.021569,0
CUST_005828,31.15,26.36,502.92,48,-4.78,227,0.28,30.42,0.8,1,0.846228,19.078907,-0.153451,1
CUST_007552,30.43,11.36,170.0,20,-19.07,175,0.31,29.22,0.93,2,0.373316,14.964789,-0.626684,1
CUST_009158,30.53,27.38,681.13,59,-3.15,203,0.01,29.63,0.94,1,0.896823,24.876917,-0.103177,1
CUST_008139,31.0,74.35,1851.37,41,43.36,132,0.2,28.26,1.14,1,2.398387,24.90074,1.39871,1
CUST_001565,28.2,27.8,484.73,13,-0.4,61,0.94,28.98,0.94,0,0.985816,17.436331,-0.014184,0
CUST_005410,22.52,48.59,983.18,16,26.08,186,0.52,27.2,0.86,0,2.157638,20.234205,1.158082,1
CUST_009415,25.12,59.63,945.75,22,34.52,2,0.23,25.96,0.95,2,2.373806,15.860305,1.374204,1
CUST_004580,33.75,41.54,835.67,8,7.79,119,0.75,34.93,1.17,0,1.230815,20.117236,0.230815,0
CUST_005527,20.43,55.76,1016.42,21,35.33,172,0.07,23.33,1.09,1,2.72932,18.228479,1.72932,1
CUST_000495,30.36,30.26,606.14,6,-0.1,44,1.0,33.28,1.02,0,0.996706,20.031064,-0.003294,0
CUST_000713,17.44,18.43,326.41,7,0.99,154,0.86,18.91,1.11,0,1.056766,17.710798,0.056766,0
CUST_004682,34.55,31.69,775.8,5,-2.85,190,0.97,34.04,0.99,0,0.917221,24.480909,-0.082489,0
CUST_003747,23.3,23.64,476.95,12,0.33,73,0.85,23.78,1.02,0,1.014592,20.17555,0.014163,0
CUST_004470,29.45,26.64,414.32,9,-2.8,225,0.88,26.81,0.85,0,0.904584,15.552553,-0.095076,0
CUST_000745,20.45,19.61,295.6,5,-0.84,28,0.99,21.17,1.04,1,0.958924,15.073942,-0.041076,0
CUST_008269,24.03,20.07,334.34,29,-3.96,125,0.28,22.61,0.82,0,0.835206,16.658695,-0.164794,1
CUST_005974,17.43,15.92,388.6,56,-1.51,3,0.14,17.89,0.96,1,0.913368,24.409548,-0.086632,1
CUST_008562,16.55,5.9,102.57,26,-10.64,156,0.01,15.79,0.89,1,0.356495,17.384746,-0.6429,1
CUST_006078,17.11,37.94,724.73,43,20.82,224,0.06,17.24,0.89,1,2.217417,19.102003,1.216832,1
CUST_000262,29.82,31.35,705.93,9,1.53,210,0.9,32.6,1.0,0,1.051308,22.517703,0.051308,0
CUST_007486,28.61,12.41,208.34,42,-16.2,177,0.4,25.84,1.08,1,0.433764,16.788074,-0.566236,1
CUST_002293,30.7,25.19,506.62,6,-5.51,161,0.64,33.23,0.96,0,0.820521,20.111949,-0.179479,0
CUST_003996,25.22,33.13,708.93,14,7.91,150,0.97,27.27,1.16,0,1.31364,21.39843,0.31364,0
CUST_005873,22.8,22.59,363.57,27,-0.21,10,0.04,25.07,1.0,2,0.990789,16.09429,-0.009211,1
CUST_000145,17.02,13.19,308.97,5,-3.83,104,0.99,15.94,0.91,0,0.774971,23.424564,-0.225029,0
CUST_000588,31.78,25.84,445.67,8,-5.94,38,0.89,29.2,0.81,0,0.81309,17.247291,-0.18691,0
CUST_004858,25.11,26.82,492.69,3,1.71,228,0.98,24.87,1.05,0,1.0681,18.370246,0.0681,0
CUST_005614,19.05,7.06,118.46,43,-12.0,232,0.13,16.43,0.93,3,0.370604,16.779037,-0.629921,1
CUST_000359,15.59,16.5,403.78,7,0.91,111,0.88,15.96,0.94,0,1.058371,24.471515,0.058371,0
CUST_001125,15.96,21.38,450.54,8,5.41,200,0.83,15.31,1.19,0,1.339599,21.072965,0.338972,0
CUST_003819,24.54,20.97,394.86,5,-3.56,93,0.94,25.99,0.86,0,0.854523,18.829757,-0.145069,0
CUST_005566,36.08,37.32,649.94,27,1.24,4,0.07,33.74,1.13,2,1.034368,17.415327,0.034368,1
CUST_009856,33.44,13.31,161.05,29,-20.13,11,0.07,28.53,1.0,1,0.398026,12.099925,-0.601974,1
CUST_002117,24.15,23.93,515.79,9,-0.22,35,0.93,24.82,1.13,0,0.99089,21.554116,-0.00911,0
CUST_002672,26.13,24.65,548.72,5,-1.48,68,0.97,24.41,1.05,0,0.94336,22.260446,-0.05664,0
CUST_004637,32.53,25.55,562.68,11,-6.98,105,0.89,33.54,0.84,1,0.785429,22.022701,-0.214571,0
CUST_006524,19.75,7.21,100.0,36,-12.54,6,0.34,19.38,0.91,1,0.365063,13.869626,-0.634937,1
CUST_003732,29.15,29.02,464.71,5,-0.13,29,0.9,28.21,1.11,0,0.99554,16.013439,-0.00446,0
CUST_001995,19.86,18.53,358.28,7,-1.33,86,0.93,18.71,0.92,0,0.933031,19.335132,-0.066969,0
CUST_003573,25.07,26.12,405.74,7,1.05,223,0.99,26.54,1.04,0,1.041883,15.533691,0.041883,0
CUST_003529,14.08,17.58,339.51,3,3.51,146,0.96,15.29,1.1,0,1.24858,19.312287,0.24929,0
CUST_001738,26.89,27.33,658.49,8,0.44,81,0.75,26.84,1.09,0,1.016363,24.094036,0.016363,0
CUST_008887,30.04,21.62,471.25,36,-8.43,4,0.23,28.96,0.94,3,0.719707,21.796947,-0.280626,1
CUST_003780,20.06,19.81,312.52,11,-0.25,12,0.82,21.53,0.95,0,0.987537,15.775871,-0.012463,0
CUST_000317,28.35,25.74,428.97,7,-2.61,17,0.83,26.58,1.05,0,0.907937,16.665501,-0.092063,0
CUST_002498,27.26,19.92,420.7,5,-7.33,118,0.8,25.24,0.84,1,0.730741,21.119478,-0.268892,0
CUST_009887,18.79,20.56,432.09,34,1.77,233,0.1,17.44,1.09,1,1.094199,21.016051,0.094199,1
CUST_008648,21.94,46.04,968.24,41,24.1,198,0.36,23.83,1.12,2,2.09845,21.030408,1.09845,1
CUST_004994,18.87,19.89,440.59,5,1.02,87,0.93,17.53,1.11,0,1.054054,22.151332,0.054054,0
CUST_003221,37.51,41.52,742.39,9,4.01,106,0.82,34.46,1.07,0,1.106905,17.880299,0.106905,0
CUST_000968,20.85,17.89,403.17,9,-2.96,204,0.91,19.08,0.93,0,0.858034,22.536054,-0.141966,0
CUST_000883,22.12,23.59,402.16,4,1.47,65,0.99,24.19,1.16,0,1.066456,17.047902,0.066456,0
CUST_000297,21.86,28.3,457.15,5,6.44,29,0.89,21.49,1.18,0,1.294602,16.15371,0.294602,0
CUST_002520,31.51,34.81,691.96,8,3.3,167,0.92,34.96,1.07,0,1.104729,19.878196,0.104729,0
CUST_002158,17.41,20.74,315.9,8,3.33,94,0.9,15.96,1.19,0,1.191269,15.231437,0.191269,0
CUST_001716,26.98,23.73,592.98,10,-3.25,119,0.92,28.4,0.87,0,0.87954,24.988622,-0.12046,0
CUST_005193,16.96,47.93,1043.92,21,30.97,230,0.16,17.65,1.13,0,2.826061,21.780096,1.826061,1
CUST_003515,22.35,27.42,655.24,3,5.07,64,0.94,22.79,1.18,0,1.226846,23.896426,0.226846,0
CUST_003549,30.61,28.7,653.26,10,-1.91,233,0.83,28.45,0.85,0,0.937602,22.761672,-0.062398,0
CUST_001646,31.45,30.2,465.44,7,-1.25,83,0.97,30.37,0.93,0,0.960254,15.411921,-0.039746,0
CUST_004675,24.2,31.75,697.28,7,7.55,215,0.98,22.53,1.18,0,1.311983,21.961575,0.311983,0
CUST_004158,18.17,18.84,317.12,9,0.66,17,0.78,17.43,1.03,0,1.036874,16.832272,0.036324,0
CUST_003118,34.91,41.89,974.83,3,6.98,54,0.56,33.29,1.06,0,1.199943,23.271186,0.199943,0
CUST_000755,25.44,29.97,720.89,10,4.53,165,0.96,24.68,1.13,0,1.178066,24.05372,0.178066,0
CUST_000289,37.33,33.36,627.97,6,-3.97,176,0.88,34.91,0.98,0,0.893651,18.824041,-0.106349,0
CUST_002958,19.33,22.85,554.28,5,3.52,80,0.82,19.13,1.2,0,1.1821,24.25733,0.1821,0
CUST_000020,27.24,31.36,537.68,12,4.12,197,0.87,25.02,1.02,0,1.151248,17.145408,0.151248,0
CUST_007495,17.88,14.18,275.62,35,-3.71,225,0.05,19.14,0.87,2,0.793065,19.437236,-0.207494,1
CUST_001256,26.38,29.4,696.91,7,3.03,235,0.86,28.19,1.09,0,1.114481,23.704422,0.11486,0
CUST_006548,14.51,42.29,688.01,25,27.78,132,0.23,17.21,1.17,1,2.914542,16.268858,1.914542,1
CUST_004243,20.35,20.31,385.69,9,-0.04,187,0.7,22.24,0.98,0,0.998034,18.990153,-0.001966,0
CUST_003953,31.45,22.11,505.44,10,-9.34,189,0.73,33.13,0.82,0,0.703021,22.860244,-0.296979,0
CUST_008551,22.33,47.31,1061.88,35,24.98,6,0.03,24.71,0.85,1,2.118674,22.445149,1.118674,1
CUST_003203,31.77,27.52,505.15,6,-4.24,217,0.74,31.74,0.86,0,0.866226,18.355741,-0.133459,0
CUST_002667,20.79,21.57,488.12,8,0.79,109,1.0,20.32,0.9,0,1.037518,22.629578,0.037999,0
CUST_005601,22.35,9.37,145.6,30,-12.98,6,0.13,20.58,1.05,0,0.419239,15.538954,-0.580761,1
CUST_000725,16.56,16.81,405.38,9,0.25,173,0.79,17.25,1.07,0,1.015097,24.115407,0.015097,0
CUST_000011,27.02,20.77,497.97,8,-6.24,159,0.95,27.9,0.87,0,0.76869,23.975445,-0.23094,0
CUST_003692,28.88,22.46,425.56,9,-6.42,118,0.67,31.08,0.85,0,0.777701,18.947462,-0.222299,0
CUST_000404,19.53,22.82,451.95,4,3.3,71,0.7,17.86,1.08,0,1.168459,19.804996,0.168971,0
CUST_006228,33.58,34.96,823.33,30,1.37,206,0.13,33.34,1.08,3,1.041096,23.550629,0.040798,1
CUST_004626,19.57,16.72,371.05,8,-2.85,179,0.65,21.18,0.9,0,0.854369,22.191986,-0.145631,0
CUST_006161,35.86,16.8,181.79,16,-19.06,2,0.06,34.64,1.17,1,0.468489,10.820833,-0.531511,1
CUST_001027,28.01,23.94,542.43,3,-4.07,235,0.85,28.73,0.89,0,0.854695,22.657895,-0.145305,0
CUST_002105,36.35,32.81,527.81,7,-3.54,105,0.49,34.28,0.87,0,0.902613,16.086864,-0.097387,0
CUST_005591,15.91,18.38,319.2,59,2.47,213,0.04,17.25,1.1,2,1.155248,17.366703,0.155248,1
CUST_005505,22.75,21.07,463.84,59,-1.68,5,0.24,22.26,0.97,0,0.926154,22.014238,-0.073846,1
CUST_002471,27.94,25.13,463.97,5,-2.81,142,0.96,27.41,0.93,0,0.899427,18.462793,-0.100573,0
CUST_005212,32.1,44.12,974.2,44,12.02,8,0.1,32.88,0.85,0,1.374455,22.080689,0.374455,1
CUST_008926,28.4,30.13,560.21,36,1.73,5,0.16,29.7,1.17,3,1.060915,18.593097,0.060915,1
CUST_003173,29.28,35.41,533.55,8,6.14,149,0.93,26.65,1.12,0,1.209358,15.067777,0.209699,0
CUST_000787,25.42,20.29,335.4,5,-5.12,48,0.6,25.31,0.85,0,0.79819,16.53031,-0.201416,0
CUST_005094,33.11,66.67,977.77,22,33.57,9,0.1,34.98,0.81,0,2.013591,14.665817,1.013893,1
CUST_008996,17.45,33.41,657.37,21,15.96,6,0.1,18.64,1.02,2,1.914613,19.675846,0.914613,1
CUST_004840,23.73,23.86,515.45,9,0.14,21,0.91,24.2,0.91,0,1.005478,21.603101,0.0059,0
CUST_006392,36.05,16.83,182.69,34,-19.22,239,0.38,31.48,1.17,2,0.466852,10.855021,-0.533148,1
CUST_005596,20.84,37.45,681.19,30,16.61,3,0.05,19.85,1.18,1,1.797025,18.189319,0.797025,1
CUST_008230,17.3,7.67,100.0,28,-9.63,235,0.02,15.09,1.11,1,0.443353,13.03781,-0.556647,1
CUST_004231,28.35,33.37,578.21,5,5.01,235,0.97,28.96,1.13,0,1.177072,17.32724,0.17672,0
CUST_007483,40.57,15.36,229.48,34,-25.21,202,0.09,33.91,0.95,1,0.378605,14.940104,-0.621395,1
CUST_002212,20.24,19.43,303.51,10,-0.81,116,0.92,22.21,0.91,0,0.95998,15.62069,-0.04002,0
CUST_005545,15.9,43.88,922.02,23,27.98,135,0.25,17.13,1.1,0,2.759748,21.012306,1.759748,1
CUST_007232,20.43,55.19,1007.5,18,34.76,227,0.09,21.71,1.08,2,2.701419,18.255119,1.701419,1
CUST_009235,20.65,22.78,522.88,48,2.12,9,0.09,21.84,1.15,1,1.103148,22.953468,0.102663,1
CUST_003928,17.21,20.42,314.17,3,3.21,80,0.91,17.75,1.06,0,1.186519,15.385406,0.186519,0
CUST_001972,26.17,31.32,550.38,9,5.15,179,0.98,28.16,1.05,0,1.19679,17.572797,0.19679,0
CUST_004621,25.88,35.2,651.76,8,9.33,147,0.93,27.39,1.2,0,1.360124,18.515909,0.36051,0
CUST_006271,21.88,16.87,395.67,26,-5.0,232,0.26,21.46,0.81,1,0.771024,23.45406,-0.228519,1
CUST_002631,32.65,24.18,372.6,3,-8.46,72,0.51,31.72,0.82,0,0.740582,15.409429,-0.259112,0
CUST_002890,35.41,42.65,822.77,4,7.23,18,0.79,33.62,1.18,0,1.204462,19.291208,0.20418,0
CUST_002932,30.98,30.24,506.45,13,-0.74,226,0.93,30.52,0.92,0,0.976114,16.747685,-0.023886,0
CUST_005157,34.76,12.93,221.66,15,-21.83,205,0.01,31.75,0.93,1,0.371979,17.143078,-0.628021,1
CUST_003075,15.16,16.14,257.92,8,0.98,196,0.98,16.33,0.93,0,1.064644,15.980173,0.064644,0
CUST_003102,24.36,23.67,446.73,7,-0.69,198,0.74,23.86,0.96,0,0.971675,18.873257,-0.028325,0
CUST_006962,14.28,36.9,711.88,43,22.62,171,0.55,15.06,1.03,0,2.584034,19.292141,1.584034,1
CUST_001851,13.95,17.07,296.35,4,3.12,157,0.92,15.46,1.13,0,1.223656,17.360867,0.223656,0
CUST_005908,17.98,20.18,304.51,48,2.2,185,0.23,18.83,1.14,0,1.122358,15.089693,0.122358,1
CUST_009490,23.34,27.38,434.94,57,4.03,153,0.23,22.31,1.19,2,1.173093,15.885318,0.172665,1
CUST_007075,31.23,78.5,1579.47,37,47.28,1,0.34,33.66,1.01,0,2.513609,20.120637,1.513929,1
CUST_006109,32.78,33.41,674.92,31,0.63,1,0.17,30.46,1.12,0,1.019219,20.201137,0.019219,1
CUST_004011,31.81,26.35,544.9,4,-5.45,164,0.91,30.62,0.83,0,0.828356,20.679317,-0.17133,0
CUST_000569,26.51,29.68,705.03,7,3.17,227,0.83,24.56,1.0,0,1.119578,23.75438,0.119578,0
CUST_001289,15.12,14.11,276.57,5,-1.01,74,0.85,16.73,0.94,0,0.933201,19.600992,-0.066799,0
CUST_002015,17.89,16.87,333.14,3,-1.03,177,0.83,18.3,0.85,0,0.942985,19.747481,-0.057574,0
CUST_006604,26.76,12.33,214.38,41,-14.43,152,0.1,29.37,1.08,0,0.460762,17.386861,-0.539238,1
CUST_000356,33.08,30.54,737.85,9,-2.54,66,0.44,30.52,0.98,0,0.923216,24.160118,-0.076784,0
CUST_002264,18.32,13.02,252.26,10,-5.3,215,0.95,18.44,0.81,0,0.710699,19.374808,-0.289301,0
CUST_002780,14.9,12.92,201.58,10,-1.98,18,0.62,15.15,0.84,0,0.867114,15.602167,-0.132886,0
CUST_000712,24.71,27.74,496.91,8,3.03,226,0.83,26.86,1.16,0,1.122622,17.913122,0.122622,0
CUST_000415,18.7,17.48,268.32,6,-1.22,192,0.81,17.97,1.02,0,0.934759,15.350114,-0.065241,0
CUST_002198,19.58,15.59,316.37,10,-3.99,70,0.98,18.91,0.87,0,0.796221,20.293137,-0.203779,0
CUST_000932,23.53,25.27,460.64,9,1.73,29,0.72,23.58,1.2,0,1.073948,18.22873,0.073523,0
CUST_004410,31.09,28.55,428.93,4,-2.54,206,0.99,32.81,0.81,0,0.918302,15.023818,-0.081698,0
CUST_005664,35.49,11.79,272.86,27,-23.7,8,0.08,34.49,0.84,3,0.332206,23.143342,-0.667794,1
CUST_007165,27.11,8.72,101.92,27,-18.39,8,0.08,26.93,0.8,2,0.321653,11.688073,-0.678347,1
CUST_002418,24.86,19.61,348.57,7,-5.24,47,0.32,25.31,0.91,0,0.788817,17.775115,-0.21078,0
CUST_001067,25.91,28.82,626.77,7,2.91,172,0.83,24.86,1.18,0,1.112312,21.747745,0.112312,0
CUST_000128,20.86,20.19,450.21,5,-0.67,137,0.76,20.56,1.13,0,0.967881,22.298663,-0.032119,0
CUST_007779,18.84,16.96,291.7,52,-1.88,120,0.02,17.82,0.93,2,0.900212,17.199292,-0.099788,1
CUST_000089,28.97,33.7,738.03,7,4.73,211,0.95,28.02,1.01,0,1.163272,21.9,0.163272,0
CUST_004162,16.28,15.81,295.19,10,-0.47,85,0.87,15.95,1.1,1,0.97113,18.671094,-0.02887,0
CUST_003209,25.54,21.48,406.47,7,-4.05,195,0.98,24.31,0.89,0,0.841034,18.923184,-0.158575,0
CUST_004485,15.11,13.76,321.91,7,-1.36,51,0.94,16.06,0.86,1,0.910655,23.394622,-0.090007,0
CUST_004169,21.43,25.05,602.29,11,3.62,116,0.99,21.7,1.06,0,1.168922,24.043513,0.168922,0
CUST_008989,25.66,8.44,100.0,34,-17.22,204,0.22,23.99,0.82,0,0.328917,11.848341,-0.671083,1
CUST_008594,23.75,53.57,936.28,32,29.83,7,0.03,27.64,0.9,1,2.255579,17.477693,1.256,1
CUST_005532,26.99,54.34,894.91,21,27.35,5,0.08,28.48,0.81,1,2.013338,16.468715,1.013338,1
CUST_001491,36.1,30.32,610.97,8,-5.78,113,0.95,34.99,0.88,0,0.839889,20.150726,-0.160111,0
CUST_008768,22.49,67.2,1468.87,15,44.71,1,0.37,26.51,1.2,0,2.987995,21.858185,1.987995,1
CUST_002779,29.44,30.13,532.17,9,0.69,32,0.99,28.35,0.9,0,1.023437,17.662463,0.023437,0
CUST_003828,28.8,29.84,611.43,11,1.04,217,0.83,31.77,1.14,0,1.036111,20.490282,0.036111,0
CUST_000383,22.0,22.75,386.83,9,0.74,53,0.94,21.2,1.0,0,1.034091,17.003516,0.033636,0
CUST_009472,33.03,13.57,156.74,19,-19.47,172,0.24,29.6,1.03,0,0.410839,11.550479,-0.589464,1
CUST_000370,16.84,18.4,289.15,9,1.57,34,0.78,16.73,1.04,0,1.092637,15.714674,0.09323,0
CUST_009077,23.88,22.75,449.25,36,-1.13,8,0.13,22.91,1.03,3,0.95268,19.747253,-0.04732,1
CUST_009178,18.88,6.34,100.0,19,-12.54,137,0.01,17.22,0.84,2,0.335805,15.772871,-0.664195,1
CUST_004797,27.52,20.11,398.24,7,-7.41,123,0.84,25.88,0.82,0,0.730741,19.803083,-0.269259,0
CUST_009398,29.15,32.36,561.69,35,3.2,8,0.1,31.79,1.11,1,1.11012,17.35754,0.109777,1
CUST_003759,34.14,32.64,593.38,5,-1.5,41,0.56,32.5,1.12,0,0.956063,18.179534,-0.043937,0
CUST_002173,16.98,12.46,209.38,9,-4.53,127,1.0,16.34,0.83,0,0.733804,16.804173,-0.266784,0
CUST_002148,21.14,23.32,471.4,5,2.18,49,0.66,20.2,1.03,0,1.103122,20.214408,0.103122,0
CUST_007963,16.42,34.06,670.19,38,17.64,4,0.33,19.71,0.83,2,2.0743,19.676747,1.0743,1
CUST_009039,37.19,26.36,532.3,16,-10.83,131,0.19,34.04,1.02,1,0.708793,20.193475,-0.291207,1
CUST_003694,32.35,36.25,639.71,7,3.9,199,0.73,29.54,1.18,0,1.120556,17.647172,0.120556,0
CUST_001550,27.85,23.67,540.49,2,-4.18,95,0.87,29.48,1.0,0,0.84991,22.83439,-0.15009,0
CUST_007893,26.41,9.85,154.28,22,-16.56,224,0.12,25.18,0.93,1,0.372965,15.662944,-0.627035,1
CUST_007482,28.63,60.6,941.77,19,31.97,8,0.13,34.76,0.85,3,2.116661,15.540759,1.116661,1
CUST_003522,21.34,16.66,372.65,6,-4.69,61,0.47,21.32,0.83,0,0.780694,22.367947,-0.219775,0
CUST_003369,16.23,18.25,443.89,6,2.02,118,0.85,15.93,1.0,0,1.124461,24.32274,0.124461,0
CUST_006457,25.15,26.48,597.22,45,1.33,1,0.16,23.8,1.09,1,1.052883,22.553625,0.052883,1
CUST_002937,32.66,41.58,892.54,8,8.92,209,0.87,33.83,1.16,0,1.273117,21.465608,0.273117,0
CUST_005861,31.98,34.78,822.08,27,2.81,188,0.11,30.96,1.04,0,1.087555,23.636573,0.087867,1
CUST_001632,16.57,13.32,313.67,9,-3.25,199,0.55,16.84,0.88,0,0.803862,23.548799,-0.196138,0
CUST_003352,18.28,20.85,461.71,9,2.57,191,0.94,19.95,1.12,0,1.140591,22.144365,0.140591,0
CUST_001327,17.0,12.29,209.79,12,-4.71,217,0.87,16.24,0.82,0,0.722941,17.069976,-0.277059,0
CUST_002551,25.57,19.96,406.85,9,-5.61,232,0.82,25.77,0.84,0,0.780602,20.383267,-0.219398,0
CUST_002650,34.89,32.85,544.93,6,-2.04,194,0.95,33.64,1.0,0,0.941531,16.588432,-0.058469,0
CUST_002985,32.69,34.81,836.18,2,2.12,83,0.94,33.12,1.01,0,1.064852,24.021258,0.064852,0
CUST_005576,15.26,30.15,693.89,37,14.9,1,0.24,15.9,1.11,1,1.975754,23.014594,0.976409,1
CUST_008360,17.69,20.51,374.66,58,2.82,4,0.05,16.75,1.17,2,1.159412,18.267187,0.159412,1
CUST_000493,34.82,33.0,767.05,9,-1.82,29,0.71,34.84,1.06,0,0.947731,23.243939,-0.052269,0
CUST_003613,25.62,32.67,711.7,9,7.05,38,0.74,27.34,1.14,0,1.275176,21.784512,0.275176,0
CUST_009131,19.6,8.78,125.96,22,-10.83,5,0.38,15.12,1.12,1,0.447959,14.346241,-0.552551,1
CUST_000917,34.12,34.17,800.74,3,0.06,150,0.71,32.5,1.03,0,1.001465,23.434006,0.001758,0
CUST_001745,14.25,16.81,375.98,7,2.56,117,0.88,15.71,1.17,0,1.179649,22.366449,0.179649,0
CUST_005352,36.19,17.51,414.64,34,-18.68,10,0.06,34.62,1.03,2,0.483835,23.680183,-0.516165,1
CUST_001017,27.01,25.67,429.24,7,-1.35,200,0.81,24.59,0.97,0,0.950389,16.721465,-0.049981,0
CUST_001383,30.31,30.5,637.82,15,0.19,201,0.74,30.49,0.95,0,1.006269,20.912131,0.006269,0
CUST_009752,22.11,64.96,1133.18,32,42.86,11,0.01,23.46,1.18,2,2.938037,17.444273,1.938489,1
CUST_003453,19.18,22.09,462.89,4,2.91,59,0.79,18.27,1.09,1,1.151721,20.954731,0.151721,0
CUST_000768,24.32,18.84,305.52,6,-5.48,42,0.98,22.92,0.91,0,0.774671,16.216561,-0.225329,0
CUST_001417,22.44,26.13,473.61,11,3.69,48,0.99,22.12,1.02,0,1.164439,18.125144,0.164439,0
CUST_003263,32.51,33.65,543.1,8,1.14,62,0.89,29.9,0.94,0,1.035066,16.139673,0.035066,0
CUST_005369,33.03,79.52,1184.65,39,46.49,166,0.15,33.45,0.96,0,2.407508,14.89751,1.407508,1
CUST_001032,19.25,20.21,467.97,11,0.96,148,0.62,19.29,0.96,0,1.04987,23.155369,0.04987,0
CUST_001952,17.44,20.33,330.45,11,2.89,29,0.96,18.96,1.12,0,1.165711,16.254304,0.165711,0
CUST_007018,33.33,35.55,625.49,39,2.22,3,0.13,31.86,1.11,1,1.066607,17.594655,0.066607,1
CUST_009958,34.81,14.55,178.71,32,-20.26,168,0.4,27.93,1.05,1,0.417983,12.282474,-0.582017,1
CUST_003375,25.0,23.1,568.49,7,-1.89,130,0.83,25.94,0.88,0,0.924,24.609957,-0.0756,0
CUST_008700,26.58,29.04,509.0,29,2.46,147,0.31,29.17,1.17,1,1.092551,17.527548,0.092551,1
CUST_001060,17.86,14.74,358.49,6,-3.12,143,0.97,16.55,0.8,0,0.825308,24.320896,-0.174692,0
CUST_000791,27.58,32.15,596.49,7,4.57,233,0.79,30.05,1.12,0,1.1657,18.553344,0.1657,0
CUST_000278,24.78,23.33,359.06,4,-1.45,132,0.66,24.65,0.89,1,0.941485,15.390484,-0.058515,0
CUST_007384,19.94,50.74,884.26,29,30.81,5,0.35,21.33,1.02,2,2.544634,17.427276,1.545135,1
CUST_002491,34.45,36.35,751.32,4,1.89,191,0.96,33.98,1.1,0,1.055152,20.669051,0.054862,0
CUST_009521,19.7,16.81,376.39,33,-2.89,1,0.28,18.62,0.88,1,0.853299,22.390839,-0.146701,1
CUST_004834,18.19,15.08,371.05,6,-3.11,40,0.97,17.73,0.88,0,0.829027,24.605438,-0.170973,0
CUST_004957,18.46,13.16,251.32,8,-5.29,96,0.96,19.87,0.83,0,0.712893,19.097264,-0.286566,0
CUST_002030,18.49,22.62,422.74,9,4.13,104,0.65,19.16,1.17,0,1.223364,18.688771,0.223364,0
CUST_005647,18.14,48.02,804.55,42,29.88,8,0.14,20.95,1.06,0,2.647189,16.754477,1.647189,1
CUST_000565,31.95,36.3,838.74,6,4.35,38,0.92,32.09,1.14,0,1.13615,23.105785,0.13615,0
CUST_005192,26.48,70.61,1380.26,19,44.12,5,0.17,29.03,1.07,1,2.666541,19.547656,1.666163,1
CUST_008772,25.24,26.95,590.37,40,1.7,8,0.44,26.17,1.01,2,1.06775,21.906122,0.067353,1
CUST_003486,35.27,33.81,635.49,4,-1.46,20,0.66,34.57,1.0,0,0.958605,18.795918,-0.041395,0
CUST_005857,14.94,33.22,544.81,27,18.28,3,0.16,17.36,0.89,2,2.223561,16.40006,1.223561,1
CUST_009764,16.07,6.81,100.0,36,-9.26,173,0.04,15.34,1.06,2,0.423771,14.684288,-0.576229,1
CUST_007265,24.43,64.9,1156.64,26,40.48,8,0.03,25.19,1.06,2,2.65657,17.82188,1.656979,1
CUST_006627,26.06,8.91,110.78,42,-17.15,9,0.03,25.74,0.85,3,0.341903,12.433221,-0.658097,1
CUST_001803,26.47,30.5,553.31,13,4.03,137,0.86,25.23,1.19,0,1.152248,18.141311,0.152248,0
CUST_006079,17.06,42.51,847.13,20,25.45,177,0.2,18.23,1.0,1,2.491794,19.927782,1.491794,1
CUST_003116,27.04,34.39,799.34,9,7.35,216,0.74,25.58,1.17,0,1.27182,23.243385,0.27182,0
CUST_002475,20.52,21.25,506.78,7,0.73,145,0.9,21.1,1.11,1,1.035575,23.848471,0.035575,0
CUST_003494,18.63,15.84,333.69,9,-2.79,38,0.9,17.74,0.91,0,0.850242,21.066288,-0.149758,0
CUST_003504,23.7,19.98,433.61,6,-3.72,227,0.87,22.47,0.82,0,0.843038,21.702202,-0.156962,0
CUST_009210,21.1,48.48,785.57,25,27.38,187,0.15,23.23,0.92,0,2.29763,16.204002,1.29763,1
CUST_004988,33.87,26.39,603.53,12,-7.48,158,0.81,34.75,0.88,0,0.779156,22.869648,-0.220844,0
CUST_007162,20.77,47.59,807.76,29,26.82,177,0.0,21.13,1.1,2,2.291286,16.973314,1.291286,1
CUST_008123,28.07,13.43,200.84,24,-14.64,10,0.38,22.27,1.2,0,0.478447,14.954579,-0.521553,1
CUST_009466,30.53,11.27,191.32,35,-19.26,9,0.63,25.2,0.92,1,0.369145,16.976043,-0.630855,1
CUST_005542,31.87,70.8,1049.8,24,38.94,233,0.57,33.07,0.89,0,2.221525,14.827684,1.221839,1
CUST_009541,19.36,23.16,511.96,36,3.8,151,0.23,19.81,1.11,1,1.196281,22.105354,0.196281,1
CUST_008133,22.47,10.64,130.83,42,-11.84,160,0.09,17.94,1.18,3,0.47352,12.296053,-0.526925,1
CUST_005457,12.48,30.63,468.86,25,18.14,7,0.11,15.3,0.98,2,2.454327,15.307215,1.453526,1
CUST_004916,16.74,13.06,229.97,6,-3.68,62,0.98,17.96,0.8,0,0.780167,17.608729,-0.219833,0
CUST_002934,28.51,26.46,512.66,5,-2.04,89,0.8,29.98,0.94,0,0.928095,19.374906,-0.071554,0
CUST_009008,15.07,35.35,663.42,42,20.28,8,0.04,16.95,0.94,0,2.34572,18.767185,1.34572,1
CUST_009669,20.71,59.45,1283.78,40,38.74,127,0.13,24.19,1.15,2,2.870594,21.594281,1.870594,1
CUST_008782,21.41,10.02,107.46,26,-11.39,207,0.21,20.38,1.17,3,0.468006,10.724551,-0.531994,1
CUST_009637,23.97,10.71,181.35,33,-13.27,10,0.41,19.12,1.12,3,0.446809,16.932773,-0.553609,1
CUST_000568,22.13,16.27,277.39,5,-5.86,160,0.77,21.02,0.81,0,0.735201,17.04917,-0.264799,0
CUST_009642,23.38,20.7,330.39,33,-2.68,1,0.02,21.66,1.19,1,0.885372,15.96087,-0.114628,1
CUST_008204,28.49,72.35,1086.6,38,43.86,158,0.01,28.99,1.02,0,2.539488,15.018659,1.539488,1
CUST_000422,25.16,26.49,474.89,6,1.33,62,0.91,26.45,1.0,0,1.052862,17.927142,0.052862,0
CUST_003935,23.7,24.07,368.73,7,0.38,12,0.87,25.68,1.1,0,1.015612,15.319069,0.016034,0
CUST_000823,32.39,33.26,561.45,9,0.87,57,0.59,31.6,1.06,0,1.02686,16.880637,0.02686,0
CUST_004233,23.97,19.57,345.19,8,-4.39,125,0.85,22.36,0.93,0,0.816437,17.638733,-0.183146,0
CUST_005173,22.89,8.21,100.0,33,-14.68,3,0.07,21.03,0.9,1,0.358672,12.180268,-0.641328,1
CUST_000466,23.45,28.08,607.44,7,4.63,103,0.84,23.95,1.12,0,1.197441,21.632479,0.197441,0
CUST_004574,30.91,26.96,532.22,15,-3.95,165,0.98,33.29,0.91,0,0.87221,19.741098,-0.12779,0
CUST_003701,21.96,26.02,441.52,9,4.06,30,0.67,22.51,1.1,1,1.184882,16.968486,0.184882,0
CUST_006453,30.61,10.43,138.94,38,-20.18,226,0.29,25.06,0.85,1,0.340738,13.321189,-0.659262,1
CUST_006934,21.43,7.62,100.0,41,-13.81,10,0.47,20.61,0.89,1,0.355576,13.12336,-0.644424,1
CUST_005302,24.77,8.05,120.8,43,-16.72,6,0.32,23.54,0.81,1,0.32499,15.006211,-0.67501,1
CUST_004843,29.36,32.74,675.22,4,3.38,123,0.97,30.43,1.11,0,1.115123,20.623702,0.115123,0
CUST_009363,35.12,12.85,171.69,23,-22.26,133,0.03,31.44,0.92,1,0.365888,13.361089,-0.633827,1
CUST_009848,17.86,35.88,590.29,33,18.02,3,0.15,19.13,0.8,2,2.008959,16.451784,1.008959,1
CUST_007014,29.24,86.32,1554.69,19,57.07,11,0.29,33.64,1.18,3,2.95212,18.010774,1.951778,1
CUST_006711,36.95,12.67,198.62,44,-24.27,3,0.52,32.35,0.86,1,0.342896,15.676401,-0.656834,1
CUST_001279,29.5,34.17,784.98,8,4.67,61,0.88,31.59,1.16,0,1.158305,22.972783,0.158305,0
CUST_009034,27.75,57.53,819.3,38,29.78,185,0.17,28.37,0.83,0,2.073153,14.241265,1.073153,1
CUST_005254,32.03,35.02,794.61,33,3.0,159,0.21,29.55,1.01,1,1.09335,22.690177,0.093662,1
CUST_003534,22.57,24.27,415.18,7,1.7,239,0.68,20.71,1.09,0,1.075321,17.106716,0.075321,0
CUST_009224,27.17,27.05,507.08,29,-0.12,170,0.14,24.86,0.92,0,0.995583,18.746026,-0.004417,1
CUST_003269,16.0,15.85,294.08,8,-0.15,38,0.77,17.66,0.99,0,0.990625,18.553943,-0.009375,0
CUST_001618,23.67,27.41,430.14,11,3.73,16,0.99,22.43,1.12,0,1.158006,15.692813,0.157583,0
CUST_009556,21.93,10.27,176.15,30,-11.66,10,0.41,19.07,1.17,1,0.468308,17.151899,-0.531692,1
CUST_005111,28.73,25.71,609.4,34,-3.02,125,0.01,28.32,0.83,3,0.894883,23.702839,-0.105117,1
CUST_006052,22.12,25.1,377.25,54,2.98,170,0.16,20.12,1.15,1,1.13472,15.02988,0.13472,1
CUST_000472,17.79,16.97,412.05,3,-0.82,66,0.67,19.4,0.91,0,0.953907,24.281084,-0.046093,0
CUST_002771,31.7,29.93,489.19,9,-1.76,96,0.93,29.23,0.94,0,0.944164,16.34447,-0.055521,0
CUST_008597,21.28,54.24,1014.48,27,32.96,2,0.27,23.51,1.02,3,2.548872,18.70354,1.548872,1
CUST_003047,31.14,26.1,519.93,7,-5.04,107,0.88,30.88,0.83,0,0.83815,19.92069,-0.16185,0
CUST_008161,22.77,27.33,681.15,25,4.56,6,0.14,24.87,1.15,1,1.200264,24.923161,0.200264,1
CUST_003596,31.48,32.67,762.92,4,1.19,174,0.76,30.46,1.06,0,1.037802,23.352311,0.037802,0
CUST_003385,24.33,25.35,585.73,8,1.02,15,0.91,22.69,0.96,0,1.041924,23.10572,0.041924,0
CUST_007726,18.0,49.74,878.07,24,31.73,11,0.2,20.76,1.11,2,2.763333,17.653197,1.762778,1
CUST_000779,14.83,15.59,382.16,2,0.76,203,0.83,15.54,1.02,0,1.051247,24.513149,0.051247,0
CUST_003729,22.21,26.83,655.94,6,4.62,106,0.88,20.91,1.11,0,1.208014,24.448006,0.208014,0
CUST_001664,18.43,21.74,394.59,11,3.31,52,0.85,18.23,1.08,0,1.179598,18.150414,0.179598,0
CUST_000459,20.87,17.49,266.66,9,-3.38,36,0.83,22.19,0.85,0,0.838045,15.246427,-0.161955,0
CUST_002449,25.87,22.92,358.57,4,-2.96,214,1.0,24.96,0.8,0,0.885968,15.644415,-0.114418,0
CUST_004504,28.96,34.08,790.73,7,5.12,150,0.95,27.11,1.08,0,1.176796,23.202171,0.176796,0
CUST_002986,18.21,14.24,235.19,4,-3.96,62,0.81,19.14,0.88,0,0.781988,16.516152,-0.217463,0
CUST_004957,18.46,13.16,251.32,8,-5.29,96,0.96,19.87,0.83,0,0.712893,19.097264,-0.286566,0
CUST_007340,32.98,80.07,1732.93,43,47.09,8,0.03,34.0,0.97,3,2.427835,21.642688,1.427835,1
CUST_003598,30.6,31.11,693.14,9,0.51,12,0.99,28.14,1.06,1,1.016667,22.280296,0.016667,0
CUST_007451,30.64,45.87,1074.62,40,15.23,136,0.01,28.59,0.82,0,1.497063,23.427513,0.497063,1
CUST_000328,22.86,20.85,354.29,6,-2.01,125,0.97,21.91,0.87,0,0.912073,16.992326,-0.087927,0
CUST_001045,18.1,21.33,391.23,9,3.23,144,0.95,18.71,1.08,0,1.178453,18.341772,0.178453,0
CUST_009269,13.34,38.28,572.75,40,24.94,202,0.39,15.49,1.15,0,2.869565,14.962121,1.869565,1
CUST_004745,32.56,30.76,727.95,11,-1.8,182,0.71,30.18,0.88,0,0.944717,23.665475,-0.055283,0
CUST_001428,26.41,21.31,325.62,5,-5.11,45,0.89,26.16,0.89,0,0.806891,15.28015,-0.193487,0
CUST_006199,25.54,29.77,742.3,46,4.22,2,0.19,25.84,1.09,1,1.165623,24.934498,0.165231,1
CUST_003473,25.68,25.56,620.39,4,-0.12,28,0.7,23.85,1.15,0,0.995327,24.271909,-0.004673,0
CUST_004882,18.44,20.0,384.2,6,1.56,230,0.66,19.03,0.96,0,1.084599,19.21,0.084599,0
CUST_006301,21.53,9.85,116.19,26,-11.68,218,0.08,16.67,1.14,0,0.457501,11.795939,-0.542499,1
CUST_007842,14.77,29.61,447.82,42,14.84,3,0.03,15.96,0.8,0,2.004739,15.123945,1.004739,1
CUST_000761,16.87,16.56,325.61,1,-0.32,57,0.93,17.57,1.05,0,0.981624,19.66244,-0.018969,0
CUST_005176,14.57,29.3,629.31,24,14.72,9,0.11,16.95,0.8,1,2.010981,21.478157,1.010295,1
CUST_000492,24.85,19.4,433.06,8,-5.46,72,0.8,22.83,0.9,0,0.780684,22.32268,-0.219718,0
CUST_003802,17.72,16.26,344.27,10,-1.46,14,0.88,17.56,1.06,0,0.917607,21.172817,-0.082393,0
CUST_007653,19.51,11.5,281.09,30,-8.02,211,0.12,19.6,1.05,0,0.589441,24.442609,-0.411071,1
CUST_001290,32.01,29.98,610.64,7,-2.03,60,0.79,30.04,0.86,0,0.936582,20.368245,-0.063418,0
CUST_006802,18.31,21.9,467.9,39,3.59,6,0.19,19.48,1.19,2,1.196068,21.365297,0.196068,1
CUST_001839,31.81,23.87,595.27,9,-7.94,159,0.6,29.27,0.82,0,0.750393,24.937997,-0.249607,0
CUST_001382,25.05,24.46,376.7,7,-0.59,99,0.74,23.3,0.89,0,0.976447,15.400654,-0.023553,0
CUST_007374,42.85,15.92,275.2,27,-26.93,10,0.01,32.98,0.93,0,0.371529,17.286432,-0.628471,1
CUST_000249,22.75,20.7,324.8,8,-2.05,96,0.93,23.68,0.85,0,0.90989,15.690821,-0.09011,0
CUST_003671,31.63,34.99,703.15,7,3.37,115,0.98,34.0,1.05,0,1.106228,20.095742,0.106544,0
CUST_009019,17.3,43.03,938.7,42,25.73,236,0.15,19.35,0.99,3,2.487283,21.815013,1.487283,1
CUST_003691,20.45,18.74,290.46,5,-1.71,170,0.99,22.42,0.93,0,0.916381,15.499466,-0.083619,0
CUST_000321,28.4,33.36,760.92,11,4.96,111,1.0,28.65,1.05,0,1.174648,22.809353,0.174648,0
CUST_003193,23.83,20.74,350.4,9,-3.09,96,0.96,22.07,0.9,0,0.870332,16.894889,-0.129668,0
CUST_000102,20.07,19.2,298.28,9,-0.88,228,1.0,18.27,0.91,0,0.956652,15.535417,-0.043847,0
CUST_001739,15.21,18.58,380.79,8,3.37,160,0.79,15.48,1.1,0,1.221565,20.494618,0.221565,0
CUST_006126,40.3,16.54,211.62,44,-23.76,177,0.28,31.92,1.03,1,0.410422,12.794438,-0.589578,1
CUST_006613,17.75,15.54,280.37,34,-2.22,1,0.12,19.71,0.89,0,0.875493,18.041828,-0.12507,1
CUST_002688,28.87,21.92,491.13,6,-6.95,176,0.94,28.44,0.87,0,0.759266,22.405566,-0.240734,0
CUST_009317,17.95,7.77,100.0,42,-10.18,222,0.04,17.24,1.08,1,0.432869,12.870013,-0.567131,1
CUST_001099,21.26,22.04,331.32,4,0.77,97,0.89,21.73,1.05,0,1.036689,15.032668,0.036218,0
CUST_009495,19.7,40.4,746.38,31,20.71,174,0.1,23.33,0.82,0,2.050761,18.474752,1.051269,1
CUST_000055,17.56,17.94,442.71,5,0.38,120,0.88,18.09,1.05,0,1.02164,24.677258,0.02164,0
CUST_007471,25.16,8.46,127.93,30,-16.7,1,0.05,20.39,0.84,1,0.336248,15.121749,-0.663752,1
CUST_002883,32.29,40.46,984.0,6,8.18,65,0.95,29.4,1.18,0,1.25302,24.320316,0.253329,0
CUST_006896,21.53,19.41,318.44,48,-2.12,3,0.02,21.37,0.85,0,0.901533,16.405976,-0.098467,1
CUST_006488,24.41,43.59,847.7,28,19.18,160,0.04,23.54,1.06,0,1.785744,19.447121,0.785744,1
CUST_002694,25.23,31.22,635.18,10,5.99,92,0.85,24.29,1.2,1,1.237416,20.345291,0.237416,0
CUST_002037,29.5,38.52,807.59,4,9.02,103,0.9,28.22,1.18,0,1.305763,20.965472,0.305763,0
CUST_009550,22.71,47.89,1044.16,20,25.18,231,0.26,27.85,0.84,0,2.108763,21.803299,1.108763,1
CUST_009640,26.51,33.17,605.05,36,6.65,1,0.18,25.85,1.2,1,1.251226,18.24088,0.250849,1
CUST_006042,29.85,56.13,1145.74,19,26.27,10,0.14,30.42,1.13,2,1.880402,20.412257,0.880067,1
CUST_001230,19.54,17.63,416.24,9,-1.9,33,0.87,19.2,0.91,0,0.902252,23.609756,-0.097236,0
CUST_007915,23.53,25.58,475.95,55,2.05,7,0.16,21.44,1.12,0,1.087123,18.606333,0.087123,1
CUST_009527,28.03,47.71,1141.89,19,19.68,4,0.17,29.46,1.07,0,1.702105,23.933976,0.702105,1
CUST_005445,15.85,35.82,546.22,22,19.97,1,0.14,19.45,0.9,2,2.259937,15.249023,1.259937,1
CUST_003168,30.52,33.67,621.42,9,3.14,50,0.99,29.73,1.14,0,1.103211,18.456192,0.102883,0
CUST_004866,17.0,19.73,418.89,5,2.73,162,0.76,17.16,1.06,0,1.160588,21.23112,0.160588,0
CUST_007980,31.66,70.81,1119.73,23,39.15,9,0.5,31.89,0.89,0,2.236576,15.813162,1.236576,1
CUST_007410,19.35,38.87,747.09,26,19.51,4,0.16,19.41,0.8,1,2.008786,19.220221,1.008269,1
CUST_000070,22.33,23.09,475.6,6,0.76,93,0.83,24.6,1.04,0,1.034035,20.597661,0.034035,0
CUST_008962,34.83,15.19,170.02,29,-19.64,2,0.24,30.8,1.09,1,0.436118,11.19289,-0.563882,1
CUST_004443,20.15,20.12,309.13,7,-0.04,117,0.89,18.7,1.1,0,0.998511,15.364314,-0.001985,0
CUST_005323,25.19,54.39,948.65,20,29.2,8,0.05,29.85,0.86,2,2.15919,17.441625,1.15919,1
CUST_003414,37.18,45.51,1092.18,13,8.33,168,0.81,34.95,1.15,0,1.224045,23.998682,0.224045,0
CUST_009444,15.24,35.56,599.08,44,20.32,139,0.04,15.86,0.93,0,2.333333,16.847019,1.333333,1
CUST_009660,20.81,17.71,438.41,42,-3.09,9,0.14,19.74,0.86,2,0.851033,24.754941,-0.148486,1
CUST_004946,26.7,24.67,443.45,1,-2.03,221,0.98,26.79,1.06,0,0.92397,17.975274,-0.07603,0
CUST_006941,26.81,64.01,1221.87,36,37.2,201,0.17,29.43,0.95,2,2.387542,19.088736,1.387542,1
CUST_004461,32.29,32.16,568.86,7,-0.13,151,0.64,33.34,0.98,0,0.995974,17.688433,-0.004026,0
CUST_003535,33.47,31.12,642.66,3,-2.35,40,0.69,33.51,0.97,0,0.929788,20.651028,-0.070212,0
CUST_002478,24.61,20.3,460.46,4,-4.31,47,0.88,24.65,0.96,0,0.824868,22.682759,-0.175132,0
CUST_009654,37.53,15.03,200.69,16,-22.51,6,0.1,29.95,1.0,0,0.40048,13.352628,-0.599787,1
CUST_009515,31.29,13.76,169.76,22,-17.54,6,0.04,27.43,1.1,2,0.439757,12.337209,-0.560562,1
CUST_003992,17.1,17.82,397.94,9,0.72,40,0.69,16.68,1.1,0,1.042105,22.331089,0.042105,0
CUST_004613,16.6,17.13,290.32,7,0.53,149,0.97,16.95,1.18,0,1.031928,16.948044,0.031928,0
CUST_001804,29.01,32.18,604.68,2,3.18,36,0.94,28.05,0.97,0,1.109273,18.790553,0.109617,0
CUST_000297,21.86,28.3,457.15,5,6.44,29,0.89,21.49,1.18,0,1.294602,16.15371,0.294602,0
CUST_006854,19.5,32.84,533.23,41,13.34,146,0.1,20.29,1.18,0,1.684103,16.237211,0.684103,1
CUST_005779,30.5,85.16,1888.52,28,54.66,7,0.07,31.58,1.12,1,2.792131,22.176139,1.792131,1
CUST_002811,22.94,30.45,584.99,3,7.51,108,0.66,22.93,1.15,0,1.327376,19.211494,0.327376,0
CUST_002213,22.03,27.42,462.07,5,5.39,194,0.71,20.66,1.17,0,1.244666,16.851568,0.244666,0
CUST_003454,22.82,30.53,499.32,9,7.71,17,0.94,23.11,1.18,0,1.337862,16.355061,0.337862,0
CUST_002930,32.4,40.61,895.82,8,8.21,107,0.98,31.92,1.14,0,1.253395,22.059099,0.253395,0
CUST_007710,35.96,60.54,1491.04,33,24.58,130,0.14,34.9,1.02,3,1.683537,24.629006,0.683537,1
CUST_008788,20.3,22.3,529.72,43,2.0,8,0.15,18.46,1.18,2,1.098522,23.75426,0.098522,1
CUST_004752,21.05,20.14,429.71,4,-0.9,63,0.98,20.66,1.0,0,0.95677,21.336147,-0.042755,0
CUST_006135,27.85,27.08,618.1,29,-0.78,221,0.05,26.2,0.9,1,0.972352,22.824963,-0.028007,1
CUST_002104,16.09,18.36,409.63,4,2.26,143,0.95,16.9,1.05,0,1.141081,22.311002,0.14046,0
CUST_004943,15.91,17.65,344.21,3,1.73,209,0.93,16.51,1.13,0,1.109365,19.501983,0.108737,0
CUST_009078,33.35,72.86,1410.68,43,39.51,126,0.28,32.2,1.04,0,2.184708,19.361515,1.184708,1
CUST_007848,30.73,13.35,150.18,33,-17.38,208,0.09,24.75,1.09,1,0.434429,11.249438,-0.565571,1
CUST_008048,17.67,36.78,776.43,24,19.12,4,0.11,20.81,0.83,0,2.081494,21.110114,1.08206,1
CUST_007798,15.49,35.87,530.98,36,20.38,200,0.01,15.59,0.93,2,2.315688,14.802899,1.315688,1
CUST_007184,28.15,10.85,121.71,36,-17.3,158,0.11,26.89,0.96,1,0.385435,11.217512,-0.614565,1
CUST_007778,18.02,17.46,411.04,26,-0.56,6,0.02,17.48,1.01,0,0.968923,23.54181,-0.031077,1
CUST_009830,35.57,11.4,153.5,33,-24.16,9,0.04,32.55,0.8,3,0.320495,13.464912,-0.679224,1
CUST_000912,31.98,22.87,484.02,4,-9.11,77,0.75,33.98,0.83,0,0.715134,21.16397,-0.284866,0
CUST_001041,28.53,33.97,640.52,7,5.44,62,0.79,29.13,1.07,0,1.190676,18.855461,0.190676,0
CUST_004878,15.7,16.46,389.28,10,0.77,45,0.99,15.69,1.09,0,1.048408,23.650061,0.049045,0
CUST_003602,29.79,24.1,521.78,7,-5.69,154,0.95,29.91,0.9,0,0.808996,21.650622,-0.191004,0
CUST_008515,33.62,11.74,196.71,19,-21.88,5,0.15,29.01,0.87,0,0.349197,16.755537,-0.650803,1
CUST_004346,28.0,34.2,669.48,14,6.2,68,0.53,27.59,1.08,0,1.221429,19.575439,0.221429,0
CUST_004964,23.15,19.53,324.33,4,-3.62,117,0.94,23.19,0.97,0,0.843629,16.606759,-0.156371,0
CUST_002765,22.36,27.85,615.57,3,5.5,125,0.89,21.59,1.18,0,1.245528,22.103052,0.245975,0
CUST_008094,26.48,55.28,878.68,39,28.8,5,0.0,30.31,0.84,0,2.087613,15.89508,1.087613,1
CUST_006778,28.39,58.78,1003.2,37,30.39,120,0.17,33.87,0.83,1,2.070447,17.06703,1.070447,1
CUST_000893,28.27,24.62,412.28,6,-3.65,153,0.88,29.73,0.81,1,0.870888,16.745735,-0.129112,0
CUST_008932,24.85,21.73,499.09,59,-3.12,2,0.39,26.19,0.94,1,0.874447,22.967786,-0.125553,1
CUST_006043,19.37,17.03,281.25,44,-2.34,11,0.19,18.31,0.88,2,0.879195,16.514974,-0.120805,1
CUST_000513,16.73,15.69,238.24,10,-1.04,193,0.8,17.55,0.84,0,0.937836,15.184194,-0.062164,0
CUST_006245,26.98,54.27,779.0,33,27.29,3,0.52,31.97,0.8,2,2.01149,14.354155,1.01149,1
CUST_002100,33.66,41.65,973.84,9,7.99,98,0.85,32.38,1.12,0,1.237374,23.381513,0.237374,0
CUST_004179,30.7,34.52,833.67,6,3.82,14,0.96,29.8,1.13,0,1.12443,24.150348,0.12443,0
CUST_000524,27.55,27.13,563.18,8,-0.42,14,0.59,30.4,0.86,0,0.984755,20.75857,-0.015245,0
CUST_000303,16.8,19.9,467.6,5,3.1,196,1.0,15.96,1.18,0,1.184524,23.497487,0.184524,0
CUST_000048,21.08,22.15,499.11,7,1.07,222,0.71,21.99,0.99,0,1.050759,22.533183,0.050759,0
CUST_001317,22.19,19.14,453.43,5,-3.05,58,0.8,21.75,1.01,0,0.862551,23.690178,-0.137449,0
CUST_003615,24.57,23.5,453.93,9,-1.06,39,0.92,23.92,0.96,1,0.956451,19.31617,-0.043142,0
CUST_005271,36.95,15.45,247.72,28,-21.51,185,0.25,34.77,1.04,3,0.418133,16.033657,-0.582138,1
CUST_000303,16.8,19.9,467.6,5,3.1,196,1.0,15.96,1.18,0,1.184524,23.497487,0.184524,0
CUST_002552,18.66,19.87,486.01,6,1.21,31,0.92,17.72,1.08,0,1.064845,24.459487,0.064845,0
CUST_007314,16.59,38.74,719.53,32,22.15,4,0.15,17.94,0.93,0,2.335142,18.573309,1.335142,1
CUST_004364,32.29,27.5,429.69,12,-4.78,15,0.87,34.25,0.94,0,0.851657,15.625091,-0.148033,0
CUST_007225,18.84,17.16,344.56,45,-1.67,11,0.21,17.41,0.87,1,0.910828,20.079254,-0.088641,1
CUST_002277,15.82,11.1,212.08,4,-4.72,225,0.74,17.53,0.82,0,0.701643,19.106306,-0.298357,0
CUST_006282,31.17,89.59,1801.09,31,58.43,11,0.22,33.79,1.15,2,2.874238,20.103695,1.874559,1
CUST_004580,33.75,41.54,835.67,8,7.79,119,0.75,34.93,1.17,0,1.230815,20.117236,0.230815,0
CUST_007020,30.79,29.64,589.42,51,-1.15,9,0.46,34.01,0.92,2,0.96265,19.885965,-0.03735,1
CUST_006973,20.02,51.44,850.41,21,31.42,11,0.31,24.15,1.03,0,2.569431,16.532076,1.569431,1
CUST_003152,20.41,16.23,401.48,10,-4.18,59,0.8,20.05,0.86,0,0.795198,24.736907,-0.204802,0
CUST_002142,35.63,37.32,584.39,11,1.69,62,0.85,33.01,0.94,1,1.047432,15.658896,0.047432,0
CUST_000076,26.15,24.4,407.37,7,-1.75,136,0.94,23.91,1.01,0,0.933078,16.695492,-0.066922,0
CUST_009088,22.67,63.31,995.69,27,40.64,8,0.02,23.47,1.12,0,2.792678,15.727215,1.792678,1
CUST_000212,16.3,16.82,330.71,8,0.51,42,0.88,16.06,1.08,0,1.031902,19.661712,0.031288,0
CUST_003418,15.67,17.33,299.14,4,1.66,198,0.84,16.95,1.14,0,1.105935,17.261396,0.105935,0
CUST_005824,29.09,26.33,449.34,27,-2.76,6,0.06,27.71,1.16,1,0.905122,17.065705,-0.094878,1
CUST_000896,27.75,24.73,454.58,3,-3.02,114,0.91,27.91,0.82,1,0.891171,18.381723,-0.108829,0
CUST_004412,30.59,26.39,464.97,7,-4.2,156,0.98,33.33,0.95,0,0.8627,17.619174,-0.1373,0
CUST_006196,24.7,27.97,684.35,47,3.27,217,0.17,27.18,1.16,0,1.132389,24.467286,0.132389,1
CUST_001368,33.91,33.69,793.51,4,-0.21,39,0.75,31.13,0.94,0,0.993512,23.55328,-0.006193,0
CUST_002888,25.29,27.51,429.79,4,2.21,95,0.77,27.71,1.06,0,1.087782,15.623046,0.087386,0
CUST_007379,26.28,57.52,1156.64,44,31.24,205,0.04,26.85,1.02,1,2.188737,20.108484,1.188737,1
CUST_001884,20.78,17.2,411.69,11,-3.58,169,0.93,19.84,0.88,0,0.827719,23.935465,-0.172281,0
CUST_003949,27.4,30.62,505.36,5,3.21,226,0.99,30.4,0.97,0,1.117518,16.504246,0.117153,0
CUST_002550,28.99,38.04,796.73,2,9.05,55,0.78,27.68,1.18,1,1.312177,20.944532,0.312177,0
CUST_009656,19.87,45.95,866.33,18,26.08,10,0.16,23.79,0.93,1,2.312531,18.853754,1.312531,1
CUST_000123,14.63,13.58,236.22,8,-1.05,20,0.78,15.25,0.99,0,0.92823,17.394698,-0.07177,0
CUST_002330,30.11,33.31,672.56,9,3.2,209,0.94,28.38,1.03,0,1.106277,20.190934,0.106277,0
CUST_002985,32.69,34.81,836.18,2,2.12,83,0.94,33.12,1.01,0,1.064852,24.021258,0.064852,0
CUST_000841,17.83,17.94,342.36,7,0.11,152,0.88,19.51,1.01,0,1.006169,19.083612,0.006169,0
CUST_003586,24.32,28.05,695.82,9,3.73,47,0.99,23.56,1.0,0,1.153372,24.806417,0.153372,0
CUST_003016,32.86,25.26,509.67,8,-7.61,177,0.85,34.8,0.85,0,0.768716,20.17696,-0.231589,0
CUST_008987,36.27,37.25,682.42,36,0.98,163,0.64,33.52,1.11,0,1.02702,18.32,0.02702,1
CUST_007452,28.2,68.9,1312.58,44,40.7,183,0.27,32.02,0.98,1,2.443262,19.050508,1.443262,1
CUST_006554,28.31,50.4,809.7,20,22.09,178,0.33,30.11,1.06,1,1.78029,16.065476,0.78029,1
CUST_000916,35.68,35.2,773.37,7,-0.48,167,1.0,33.76,1.13,0,0.986547,21.970739,-0.013453,0
CUST_000864,23.43,23.28,559.29,5,-0.15,213,0.76,22.49,0.99,0,0.993598,24.024485,-0.006402,0
CUST_004555,17.96,18.52,446.68,5,0.55,152,0.79,17.29,0.98,0,1.03118,24.11879,0.030624,0
CUST_004254,30.24,27.78,679.49,3,-2.46,213,0.74,32.72,1.04,0,0.918651,24.459683,-0.081349,0
CUST_003098,24.27,20.46,468.78,11,-3.82,26,0.96,25.49,0.89,0,0.843016,22.912023,-0.157396,0
CUST_004078,30.47,25.85,628.89,6,-4.61,69,0.82,28.51,0.99,0,0.848375,24.328433,-0.151296,0
CUST_003333,37.17,33.05,637.9,7,-4.11,233,0.86,34.37,0.95,0,0.889158,19.301059,-0.110573,0
CUST_005498,35.1,16.23,183.07,22,-18.87,3,0.3,30.22,1.16,0,0.462393,11.279729,-0.537607,1
CUST_000014,17.09,21.99,388.91,7,4.9,60,0.96,15.87,1.2,0,1.286717,17.685766,0.286717,0
CUST_004441,29.42,33.22,619.8,5,3.8,204,0.72,30.95,0.99,0,1.129164,18.657435,0.129164,0
CUST_003218,23.47,24.63,527.52,5,1.16,82,0.96,25.08,1.1,0,1.049425,21.417783,0.049425,0
CUST_003561,30.27,25.2,433.49,4,-5.07,61,0.56,28.68,0.84,0,0.832507,17.201984,-0.167493,0
CUST_002310,33.24,37.44,583.0,8,4.21,229,0.96,32.7,1.11,0,1.126354,15.571581,0.126655,0
CUST_001891,16.88,14.43,349.22,5,-2.44,56,0.91,15.54,0.8,0,0.854858,24.20097,-0.14455,0
CUST_007359,26.23,58.81,941.56,31,32.58,8,0.07,32.51,0.9,0,2.242089,16.010202,1.242089,1
CUST_009735,27.15,70.77,1176.33,23,43.62,5,0.05,33.28,1.04,3,2.60663,16.621874,1.60663,1
CUST_000049,29.08,29.36,470.94,4,0.27,222,0.98,27.88,0.96,0,1.009629,16.040191,0.009285,0
CUST_005024,31.24,12.67,152.27,17,-18.57,9,0.2,24.43,1.01,2,0.40557,12.018153,-0.59443,1
CUST_002454,25.74,25.78,498.2,9,0.03,134,0.76,24.84,0.93,0,1.001554,19.325058,0.001166,0
CUST_003355,16.72,18.82,310.28,5,2.11,239,0.94,16.69,0.99,0,1.125598,16.486716,0.126196,0
CUST_006473,17.58,50.9,1016.1,35,33.32,2,0.21,18.46,1.16,0,2.895336,19.962672,1.895336,1
CUST_009864,26.16,41.29,827.53,23,15.13,163,0.0,26.42,1.0,3,1.578364,20.041899,0.578364,1
CUST_000231,23.69,24.29,387.46,7,0.61,110,0.85,22.13,0.9,0,1.025327,15.95142,0.025749,0
CUST_009041,31.56,25.04,614.71,57,-6.52,2,0.02,33.01,0.86,2,0.793409,24.549121,-0.206591,1
CUST_009594,16.6,34.44,616.54,21,17.84,5,0.1,19.51,0.83,1,2.074699,17.901858,1.074699,1
CUST_001521,23.01,23.31,355.59,5,0.3,116,0.97,25.32,1.19,0,1.013038,15.254826,0.013038,0
CUST_000291,33.44,35.99,644.76,10,2.54,151,0.94,34.09,1.17,0,1.076256,17.914976,0.075957,0
CUST_001741,29.17,26.0,505.86,12,-3.17,225,0.76,27.07,0.81,0,0.891327,19.456154,-0.108673,0
CUST_002213,22.03,27.42,462.07,5,5.39,194,0.71,20.66,1.17,0,1.244666,16.851568,0.244666,0
CUST_008007,14.8,42.73,665.9,29,27.93,2,0.0,17.84,1.16,1,2.887162,15.583899,1.887162,1
CUST_000706,26.99,23.52,476.2,7,-3.47,126,0.9,29.66,0.84,0,0.871434,20.246599,-0.128566,0
CUST_008160,21.05,45.42,930.85,18,24.36,177,0.09,22.56,1.03,0,2.15772,20.494276,1.157245,1
CUST_003959,21.74,18.94,285.27,3,-2.8,142,0.96,21.94,0.96,0,0.871205,15.061774,-0.128795,0
CUST_002817,31.2,23.52,405.96,3,-7.68,229,0.95,31.74,0.87,0,0.753846,17.260204,-0.246154,0
CUST_006390,23.86,43.09,1003.36,28,19.23,128,0.17,23.16,0.83,0,1.805951,23.285217,0.805951,1
CUST_002739,30.04,28.27,570.66,7,-1.77,181,0.87,28.64,1.04,0,0.941079,20.186063,-0.058921,0
CUST_001302,20.98,24.96,513.45,8,3.98,182,0.87,19.51,1.08,0,1.189704,20.570913,0.189704,0
CUST_004094,31.71,37.04,882.79,5,5.33,109,0.95,30.09,1.19,0,1.168086,23.833423,0.168086,0
CUST_005071,21.22,7.26,100.0,21,-13.95,193,0.55,19.88,0.86,1,0.34213,13.774105,-0.657399,1
CUST_003740,27.14,27.03,511.49,10,-0.11,214,0.74,28.16,0.89,0,0.995947,18.923048,-0.004053,0
CUST_002359,15.09,11.52,285.82,6,-3.57,53,0.94,15.49,0.85,0,0.763419,24.810764,-0.236581,0
CUST_007442,17.09,7.9,121.62,27,-9.19,8,0.68,15.26,1.16,2,0.462259,15.394937,-0.537741,1
CUST_004222,19.41,18.42,290.87,5,-0.99,238,0.96,17.77,0.97,0,0.948995,15.790988,-0.051005,0
CUST_000549,21.09,21.06,374.64,11,-0.03,88,0.73,20.76,1.11,0,0.998578,17.789174,-0.001422,0
CUST_004622,26.17,22.71,347.78,6,-3.45,140,0.93,28.53,0.82,1,0.867788,15.313959,-0.13183,0
CUST_001059,29.29,31.03,519.58,5,1.73,191,0.79,31.95,0.96,0,1.059406,16.744441,0.059065,0
CUST_002624,32.79,37.25,794.59,10,4.47,32,0.47,29.85,1.16,0,1.136017,21.331275,0.136322,0
CUST_001044,15.13,14.41,263.96,4,-0.72,53,0.93,16.01,1.02,0,0.952412,18.317835,-0.047588,0
CUST_000008,19.92,22.13,369.23,6,2.22,103,0.82,22.13,1.16,0,1.110944,16.684591,0.111446,0
CUST_003711,15.32,11.93,210.95,9,-3.39,122,0.66,16.26,0.85,0,0.778721,17.682313,-0.221279,0
CUST_006776,19.83,9.42,109.11,15,-10.42,10,0.02,17.34,1.19,1,0.475038,11.582803,-0.525466,1
CUST_006928,30.77,10.44,179.61,34,-20.33,10,0.15,27.79,0.85,1,0.339292,17.204023,-0.660708,1
CUST_004542,32.37,26.64,443.24,7,-5.73,145,0.73,32.16,0.81,0,0.822984,16.638138,-0.177016,0
CUST_005003,33.78,15.5,247.44,27,-18.29,4,0.09,29.25,1.15,1,0.458851,15.963871,-0.541445,1
CUST_000335,26.83,34.14,695.54,7,7.3,55,0.98,24.68,1.16,0,1.272456,20.373169,0.272083,0
CUST_002379,34.03,39.59,787.53,3,5.57,98,0.75,34.87,1.15,0,1.163385,19.892144,0.163679,0
CUST_006029,30.19,10.87,188.02,24,-19.32,2,0.04,28.94,0.9,1,0.360053,17.297148,-0.639947,1
CUST_007670,23.3,21.88,373.64,45,-1.42,199,0.3,24.5,0.92,1,0.939056,17.076782,-0.060944,1
CUST_005578,31.29,62.63,1201.44,33,31.34,130,0.03,33.22,1.04,1,2.001598,19.183139,1.001598,1
CUST_009005,25.56,8.68,100.0,15,-16.88,219,0.18,24.33,0.85,1,0.339593,11.520737,-0.660407,1
CUST_007513,24.38,10.67,141.91,28,-13.7,202,0.32,19.27,1.09,1,0.437654,13.299906,-0.561936,1
CUST_003375,25.0,23.1,568.49,7,-1.89,130,0.83,25.94,0.88,0,0.924,24.609957,-0.0756,0
CUST_008518,30.82,34.59,565.72,49,3.77,10,0.19,31.73,1.16,1,1.122323,16.355016,0.122323,1
CUST_003467,16.12,13.62,282.0,7,-2.51,239,0.33,16.91,0.97,0,0.844913,20.704846,-0.155707,0
CUST_001246,25.88,20.26,489.89,6,-5.62,172,0.88,25.03,0.91,0,0.782844,24.180158,-0.217156,0
CUST_000997,21.29,22.69,553.79,7,1.39,164,0.96,23.56,1.03,0,1.065759,24.406787,0.065289,0
CUST_002534,31.43,24.29,573.93,10,-7.15,113,0.76,31.18,0.85,0,0.772829,23.628242,-0.22749,0
CUST_008206,26.7,8.7,140.18,27,-18.0,7,0.41,22.2,0.81,3,0.325843,16.112644,-0.674157,1
CUST_004138,29.47,32.04,537.64,10,2.57,66,0.88,29.12,1.09,0,1.087207,16.780275,0.087207,0
CUST_006409,34.09,14.97,175.9,25,-19.12,6,0.23,27.24,1.1,1,0.439132,11.750167,-0.560868,1
CUST_000427,24.15,27.82,447.96,7,3.67,162,0.71,26.14,1.16,0,1.151967,16.102085,0.151967,0
CUST_009959,31.37,12.85,143.06,31,-18.52,174,0.07,30.78,1.02,0,0.409627,11.133074,-0.590373,1
CUST_000677,35.89,33.39,505.13,6,-2.5,145,0.93,33.83,1.04,0,0.930343,15.128182,-0.069657,0
CUST_000676,22.23,22.58,436.63,8,0.35,189,0.89,22.3,1.15,0,1.015744,19.337024,0.015744,0
CUST_003319,17.97,19.66,462.28,11,1.68,159,0.94,17.8,1.03,0,1.094046,23.513733,0.093489,0
CUST_004368,28.2,26.48,597.86,4,-1.72,204,0.96,26.79,0.86,0,0.939007,22.577795,-0.060993,0
CUST_008706,32.85,38.86,762.7,40,6.01,176,0.14,30.48,0.88,2,1.182953,19.626866,0.182953,1
CUST_003055,25.74,27.26,519.25,11,1.52,69,0.69,27.22,1.12,1,1.059052,19.048056,0.059052,0
CUST_009483,24.36,44.77,877.11,34,20.42,222,0.09,22.46,0.81,1,1.837849,19.591468,0.838259,1
CUST_001787,27.45,19.77,434.76,11,-7.68,63,1.0,26.69,0.84,0,0.720219,21.990895,-0.279781,0
CUST_000831,21.62,21.48,412.03,15,-0.14,19,0.79,19.98,1.03,0,0.993525,19.18203,-0.006475,0
CUST_003679,28.28,32.02,741.11,6,3.74,30,0.88,26.58,1.0,0,1.132249,23.145222,0.132249,0
CUST_000440,19.07,20.6,394.76,3,1.53,43,0.95,18.66,0.97,0,1.080231,19.163107,0.080231,0
CUST_005390,18.5,22.11,460.73,59,3.62,11,0.03,20.14,1.12,0,1.195135,20.838082,0.195676,1
CUST_006193,17.52,15.34,296.14,34,-2.17,182,0.26,18.83,0.82,1,0.875571,19.305085,-0.123858,1
CUST_000077,30.93,24.58,611.23,11,-6.35,21,0.67,28.39,0.86,0,0.794698,24.866965,-0.205302,0
CUST_006021,24.81,53.47,911.16,23,28.65,214,0.25,26.38,0.86,0,2.155179,17.040584,1.154776,1
CUST_000208,27.22,27.76,620.32,6,0.54,116,0.74,28.27,0.96,0,1.019838,22.345821,0.019838,0
CUST_003479,30.96,34.24,647.34,3,3.28,81,0.71,33.14,1.07,0,1.105943,18.905958,0.105943,0
CUST_003448,28.98,27.96,629.82,7,-1.02,141,0.56,30.09,1.11,0,0.964803,22.525751,-0.035197,0
CUST_006360,20.18,8.96,100.0,34,-11.22,7,0.29,19.06,1.11,2,0.444004,11.160714,-0.555996,1
CUST_004533,28.06,29.53,494.11,6,1.47,44,0.98,29.8,0.95,0,1.052388,16.732475,0.052388,0
CUST_002294,19.5,20.96,411.25,8,1.46,56,0.97,19.55,1.19,1,1.074872,19.620706,0.074872,0
CUST_003102,24.36,23.67,446.73,7,-0.69,198,0.74,23.86,0.96,0,0.971675,18.873257,-0.028325,0
CUST_000046,26.97,25.67,393.79,5,-1.3,128,0.92,27.07,0.85,0,0.951798,15.340475,-0.048202,0
CUST_003135,17.65,23.55,486.93,13,5.9,163,0.88,17.38,1.2,0,1.334278,20.676433,0.334278,0
CUST_005122,19.88,41.15,607.53,44,21.26,7,0.05,24.32,0.83,0,2.06992,14.763791,1.069416,1
CUST_001563,25.02,25.75,580.43,13,0.73,236,0.66,26.34,0.99,0,1.029177,22.540971,0.029177,0
CUST_009336,27.83,28.84,551.42,53,1.01,1,0.3,27.7,1.02,2,1.036292,19.119972,0.036292,1
CUST_008564,26.25,25.83,573.38,47,-0.41,170,0.15,27.33,0.98,1,0.984,22.198219,-0.015619,1
CUST_006902,22.63,43.83,755.13,33,21.2,236,0.04,22.64,1.19,1,1.93681,17.228611,0.93681,1
CUST_000078,33.78,23.77,582.71,3,-10.01,48,0.92,33.73,0.82,0,0.703671,24.514514,-0.296329,0
CUST_008317,31.94,41.05,778.2,38,9.11,9,0.24,30.45,1.11,0,1.285222,18.957369,0.285222,1
CUST_002617,20.24,18.77,324.19,7,-1.47,116,0.75,19.78,0.92,0,0.927372,17.27171,-0.072628,0
CUST_001902,22.68,28.41,579.62,8,5.73,43,0.86,25.04,1.17,0,1.252646,20.401971,0.252646,0
CUST_007619,24.16,29.19,667.88,34,5.04,232,0.12,26.78,1.11,0,1.208195,22.880439,0.208609,1
CUST_008210,31.38,83.65,1468.71,15,52.26,5,0.02,33.31,1.07,2,2.665711,17.5578,1.665392,1
CUST_002574,21.58,21.76,396.89,8,0.18,171,1.0,22.08,1.14,0,1.008341,18.23943,0.008341,0
CUST_001561,20.11,23.2,376.73,9,3.09,89,0.96,19.46,1.04,0,1.153655,16.238362,0.153655,0
CUST_003534,22.57,24.27,415.18,7,1.7,239,0.68,20.71,1.09,0,1.075321,17.106716,0.075321,0
CUST_001382,25.05,24.46,376.7,7,-0.59,99,0.74,23.3,0.89,0,0.976447,15.400654,-0.023553,0
CUST_006919,25.34,28.78,514.79,39,3.44,11,0.38,26.48,1.15,2,1.135754,17.887074,0.135754,1
CUST_000621,20.97,20.46,466.88,3,-0.51,67,0.98,22.29,1.11,0,0.97568,22.819159,-0.02432,0
CUST_002207,16.84,15.66,300.83,6,-1.18,12,0.78,17.89,1.09,0,0.929929,19.210089,-0.070071,0
CUST_009320,28.25,34.02,543.37,43,5.77,158,0.17,28.41,1.11,0,1.204248,15.972075,0.204248,1
CUST_005580,32.21,46.25,739.94,27,14.04,122,0.06,33.33,1.02,2,1.435889,15.998703,0.435889,1
CUST_000421,29.85,28.01,652.45,5,-1.84,172,0.87,31.81,1.08,0,0.938358,23.293467,-0.061642,0
CUST_005011,18.6,43.28,667.47,28,24.68,8,0.37,20.51,0.93,0,2.326882,15.422135,1.326882,1
CUST_002143,35.13,36.54,637.73,8,1.42,44,0.73,31.94,0.94,0,1.040137,17.452928,0.040421,0
CUST_003663,24.94,22.74,506.49,6,-2.2,176,0.62,27.46,1.05,0,0.911788,22.273087,-0.088212,0
CUST_001308,22.97,19.0,460.87,11,-3.97,70,0.8,24.25,0.87,0,0.827166,24.256316,-0.172834,0
CUST_002189,29.23,30.09,633.13,5,0.86,235,0.93,26.94,1.02,0,1.029422,21.04121,0.029422,0
CUST_002482,19.24,18.34,325.25,4,-0.91,154,0.98,17.99,0.91,0,0.953222,17.73446,-0.047297,0
CUST_001300,25.55,30.74,513.56,9,5.19,200,0.66,26.92,1.18,0,1.203131,16.706571,0.203131,0
CUST_000887,23.45,22.89,349.02,3,-0.56,116,0.77,22.6,1.03,0,0.976119,15.247706,-0.023881,0
CUST_000599,20.69,19.67,481.64,7,-1.02,168,0.86,20.7,1.1,0,0.950701,24.486019,-0.049299,0
CUST_003044,15.27,14.9,283.8,6,-0.36,95,0.91,15.55,0.98,0,0.975769,19.04698,-0.023576,0
CUST_004778,25.46,26.57,562.78,3,1.11,157,0.91,25.34,1.13,0,1.043598,21.181031,0.043598,0
CUST_002980,23.54,23.55,536.19,8,0.01,81,0.94,21.88,1.0,0,1.000425,22.768153,0.000425,0
CUST_000649,31.79,25.65,441.06,4,-6.14,185,0.56,30.63,0.94,0,0.806858,17.195322,-0.193142,0
CUST_008908,15.36,45.44,931.29,28,30.08,10,0.09,15.91,1.18,1,2.958333,20.494938,1.958333,1
CUST_006740,29.58,28.57,477.37,41,-1.02,11,0.23,30.16,1.15,1,0.965855,16.708785,-0.034483,1
CUST_004889,26.81,18.61,341.88,10,-8.21,12,0.85,25.1,0.81,0,0.694144,18.370768,-0.306229,0
CUST_008322,36.47,40.96,779.47,58,4.48,4,0.26,33.28,1.1,0,1.123115,19.030029,0.122841,1
CUST_003946,20.85,18.66,406.71,14,-2.19,53,0.7,19.11,0.9,0,0.894964,21.79582,-0.105036,0
CUST_008143,18.36,45.21,752.87,37,26.85,2,0.09,21.88,0.99,1,2.462418,16.652732,1.462418,1
CUST_005377,33.43,30.56,681.51,56,-2.87,166,0.19,32.3,0.87,0,0.914149,22.30072,-0.085851,1
CUST_003487,26.59,26.79,422.45,9,0.2,234,0.77,26.77,1.0,0,1.007522,15.768944,0.007522,0
CUST_007487,20.19,9.03,113.22,39,-11.15,8,0.23,15.58,1.12,0,0.447251,12.538206,-0.552254,1
CUST_005179,17.88,14.82,315.66,45,-3.06,130,0.1,17.6,0.9,1,0.828859,21.299595,-0.171141,1
CUST_008435,19.7,8.26,111.51,39,-11.44,4,0.08,15.2,1.05,0,0.419289,13.5,-0.580711,1
CUST_003468,18.82,14.65,240.52,7,-4.16,202,0.8,18.24,0.83,0,0.778427,16.417747,-0.221041,0
CUST_002824,22.51,20.13,494.68,8,-2.39,188,0.85,23.45,0.96,0,0.894269,24.574267,-0.106175,0
CUST_000413,20.34,18.94,347.21,8,-1.39,172,0.83,21.97,1.09,0,0.93117,18.332101,-0.068338,0
CUST_001752,31.66,41.04,684.91,10,9.38,132,0.92,28.87,1.13,1,1.296273,16.68884,0.296273,0
CUST_004780,26.89,28.3,458.82,3,1.41,138,0.3,26.71,0.98,0,1.052436,16.212721,0.052436,0
CUST_006648,29.58,16.97,385.34,29,-12.6,8,0.21,30.75,1.17,0,0.573698,22.70713,-0.425963,1
CUST_002416,36.88,38.27,908.52,6,1.39,164,0.87,34.95,1.16,0,1.03769,23.739744,0.03769,0
CUST_004098,15.77,13.7,287.21,3,-2.07,186,0.99,16.0,0.94,0,0.868738,20.964234,-0.131262,0
CUST_003778,25.83,27.2,542.29,6,1.37,100,0.9,27.73,1.16,0,1.053039,19.937132,0.053039,0
CUST_005295,23.5,62.73,1248.03,27,39.23,4,0.11,29.27,1.07,1,2.669362,19.895265,1.669362,1
CUST_009991,19.48,21.74,360.41,40,2.26,7,0.39,19.46,1.02,1,1.116016,16.578197,0.116016,1
CUST_006229,17.38,16.68,287.49,37,-0.71,155,0.19,16.55,1.03,2,0.959724,17.235612,-0.040852,1
CUST_000115,34.17,26.26,566.44,5,-7.91,127,0.51,32.41,0.9,0,0.76851,21.570449,-0.23149,0
CUST_003361,17.94,20.34,413.87,8,2.4,69,0.7,18.62,1.03,0,1.133779,20.347591,0.133779,0
CUST_003408,27.15,24.98,445.82,8,-2.17,42,0.78,29.66,1.06,0,0.920074,17.847078,-0.079926,0
CUST_003943,14.31,14.27,269.08,7,-0.04,220,0.82,15.15,0.92,0,0.997205,18.856342,-0.002795,0
CUST_004916,16.74,13.06,229.97,6,-3.68,62,0.98,17.96,0.8,0,0.780167,17.608729,-0.219833,0
CUST_001158,20.36,18.02,343.22,7,-2.34,191,0.93,20.58,0.92,1,0.885069,19.046615,-0.114931,0
CUST_000959,22.52,20.88,472.17,7,-1.64,206,0.67,22.09,0.81,0,0.927176,22.613506,-0.072824,0
CUST_007383,18.75,6.71,100.0,19,-12.04,8,0.03,18.13,0.89,2,0.357867,14.90313,-0.642133,1
CUST_002424,23.6,23.18,453.78,9,-0.42,170,0.98,22.52,1.13,0,0.982203,19.576359,-0.017797,0
CUST_004300,17.71,19.65,383.23,8,1.94,67,0.9,18.31,1.08,0,1.109543,19.502799,0.109543,0
CUST_000785,26.42,22.46,401.81,9,-3.96,168,0.97,26.5,0.84,0,0.850114,17.890027,-0.149886,0
CUST_009018,33.23,39.7,616.2,28,6.47,173,0.31,31.87,1.09,2,1.194704,15.521411,0.194704,1
CUST_000958,33.31,28.23,669.63,3,-5.09,174,0.98,34.15,0.95,0,0.847493,23.72051,-0.152807,0
CUST_001795,25.42,25.98,422.69,5,0.57,202,0.88,28.2,1.04,0,1.02203,16.269823,0.022423,0
CUST_006147,28.54,66.2,937.87,43,37.66,129,0.38,29.79,0.93,2,2.319552,14.167221,1.319552,1
CUST_009739,29.31,26.73,424.22,50,-2.58,4,0.28,28.9,0.99,2,0.911975,15.870557,-0.088025,1
CUST_004838,22.28,18.93,385.91,11,-3.35,15,0.8,22.52,0.91,0,0.849641,20.38616,-0.150359,0
CUST_000655,14.41,10.68,253.27,10,-3.73,166,0.97,15.2,0.81,0,0.741152,23.714419,-0.258848,0
CUST_009242,15.45,15.4,306.75,31,-0.05,4,0.02,16.04,1.0,0,0.996764,19.918831,-0.003236,1
CUST_003158,21.28,25.22,399.83,5,3.93,176,0.98,21.58,1.1,0,1.18515,15.853688,0.18468,0
CUST_002418,24.86,19.61,348.57,7,-5.24,47,0.32,25.31,0.91,0,0.788817,17.775115,-0.21078,0
CUST_004343,20.89,15.12,333.72,4,-5.77,39,0.98,20.76,0.82,0,0.723791,22.071429,-0.276209,0
CUST_003817,14.07,16.77,339.2,10,2.7,140,0.97,15.07,1.05,0,1.191898,20.226595,0.191898,0
CUST_009248,28.69,66.4,1619.62,43,37.71,9,0.41,27.85,1.14,1,2.314395,24.391867,1.314395,1
CUST_002407,21.38,23.21,490.93,4,1.84,216,0.43,20.5,0.99,0,1.085594,21.151659,0.086062,0
CUST_004373,15.38,14.68,260.32,9,-0.7,181,0.73,15.06,1.05,0,0.954486,17.73297,-0.045514,0
CUST_000358,27.66,30.73,588.01,10,3.07,137,0.98,27.97,1.09,0,1.110991,19.134722,0.110991,0
CUST_001398,17.23,22.37,523.69,6,5.14,71,0.86,18.02,1.18,0,1.298317,23.410371,0.298317,0
CUST_001836,30.45,27.69,474.37,8,-2.76,46,0.81,28.04,0.85,0,0.90936,17.131455,-0.09064,0
CUST_002842,20.26,19.95,373.95,8,-0.3,234,0.97,19.74,0.87,0,0.984699,18.744361,-0.014808,0
CUST_002437,16.32,15.08,328.99,5,-1.23,159,0.96,16.88,0.92,0,0.92402,21.816313,-0.075368,0
CUST_000103,32.14,40.32,861.37,11,8.18,161,0.97,34.69,1.17,0,1.254512,21.363343,0.254512,0
CUST_001442,22.85,23.03,435.68,3,0.18,161,0.42,21.18,1.11,0,1.007877,18.917933,0.007877,0
CUST_004652,22.58,21.75,478.43,3,-0.83,181,0.66,24.42,1.06,0,0.963242,21.996782,-0.036758,0
CUST_000543,24.22,30.14,672.85,3,5.92,55,0.96,26.5,1.19,0,1.244426,22.324154,0.244426,0
CUST_002064,24.43,20.57,495.8,4,-3.86,62,0.93,25.39,0.92,0,0.841998,24.103063,-0.158002,0
CUST_000593,37.25,40.75,970.78,7,3.5,100,0.84,34.85,1.07,0,1.09396,23.822822,0.09396,0
CUST_003120,18.87,15.89,377.29,2,-2.98,228,0.88,19.97,0.86,0,0.842077,23.743864,-0.157923,0
CUST_005895,16.11,39.47,838.42,21,23.37,168,0.14,17.61,0.98,3,2.450031,21.241956,1.450652,1
CUST_002544,17.71,20.36,387.43,9,2.65,101,0.62,17.72,1.01,1,1.149633,19.028978,0.149633,0
CUST_000700,28.23,30.55,683.72,6,2.32,59,0.89,30.51,1.12,0,1.082182,22.38036,0.082182,0
CUST_008335,30.19,10.09,116.51,22,-20.11,144,0.26,30.02,0.84,1,0.334217,11.547076,-0.666115,1
CUST_007559,23.57,37.13,889.35,20,13.57,156,0.02,25.04,0.95,1,1.575308,23.95233,0.575732,1
CUST_004186,21.31,18.49,374.66,8,-2.82,120,0.96,22.97,0.96,0,0.867668,20.262845,-0.132332,0
CUST_005100,19.41,41.28,892.46,43,21.86,190,0.02,22.48,0.85,0,2.126739,21.619671,1.126224,1
CUST_003891,24.07,26.54,473.09,6,2.47,148,0.84,24.4,0.97,0,1.102617,17.825546,0.102617,0
CUST_006917,17.28,6.63,100.0,44,-10.65,195,0.02,16.31,0.96,1,0.383681,15.082956,-0.616319,1
CUST_007642,16.23,7.96,126.92,30,-8.27,206,0.22,17.23,0.98,1,0.49045,15.944724,-0.50955,1
CUST_004313,15.31,16.44,287.01,6,1.13,18,0.92,16.36,1.14,0,1.073808,17.458029,0.073808,0
CUST_002964,26.97,28.89,575.24,5,1.92,170,0.98,27.44,1.2,0,1.07119,19.911388,0.07119,0
CUST_009048,15.18,11.59,264.93,35,-3.59,5,0.02,15.4,0.99,1,0.763505,22.858499,-0.236495,1
CUST_009502,25.25,61.43,1329.47,28,36.18,197,0.17,23.77,1.08,2,2.432871,21.642032,1.432871,1
CUST_007828,27.63,66.92,1126.33,29,39.29,2,0.04,30.53,1.07,1,2.422005,16.830992,1.422005,1
CUST_000477,15.27,17.73,313.49,10,2.46,219,0.77,16.34,1.04,0,1.1611,17.681331,0.1611,0
CUST_005112,25.63,10.72,169.49,35,-14.91,214,0.24,23.69,1.05,2,0.41826,15.810634,-0.58174,1
CUST_001157,30.69,28.4,519.96,6,-2.29,137,0.89,29.6,1.08,0,0.925383,18.308451,-0.074617,0
CUST_000334,36.3,35.19,861.12,6,-1.11,188,0.98,34.31,0.94,0,0.969421,24.470588,-0.030579,0
CUST_008691,24.74,11.32,185.29,30,-13.42,4,0.08,24.41,1.14,0,0.457559,16.368375,-0.542441,1
CUST_003365,34.05,26.11,485.62,5,-7.94,47,0.98,31.56,0.83,0,0.766814,18.599004,-0.233186,0
CUST_003984,24.92,23.1,561.65,4,-1.82,129,0.71,24.95,0.95,0,0.926966,24.313853,-0.073034,0
CUST_002018,25.3,24.82,425.78,6,-0.48,218,0.99,25.99,0.87,0,0.981028,17.154714,-0.018972,0
CUST_000709,18.0,16.45,350.01,7,-1.55,108,0.67,18.46,0.82,0,0.913889,21.277204,-0.086111,0
CUST_008450,26.66,9.07,155.4,24,-17.59,152,0.01,21.04,0.85,2,0.34021,17.133407,-0.65979,1
CUST_008371,28.59,79.81,1204.42,42,51.22,6,0.49,34.22,1.12,1,2.791536,15.091091,1.791536,1
CUST_003891,24.07,26.54,473.09,6,2.47,148,0.84,24.4,0.97,0,1.102617,17.825546,0.102617,0
CUST_000604,14.61,14.78,334.54,8,0.17,191,0.98,15.77,0.96,0,1.011636,22.634641,0.011636,0
CUST_001489,20.48,18.15,444.54,9,-2.33,186,0.81,19.36,0.82,0,0.88623,24.492562,-0.11377,0
CUST_003330,19.83,22.13,437.81,11,2.3,40,0.95,20.84,1.05,0,1.115986,19.783552,0.115986,0
CUST_004262,31.26,29.57,629.31,8,-1.69,217,0.89,33.05,0.89,0,0.945937,21.282043,-0.054063,0
CUST_000559,25.08,23.74,528.81,9,-1.34,83,1.0,24.39,0.85,0,0.946571,22.275063,-0.053429,0
CUST_001876,38.09,36.59,643.17,5,-1.5,56,0.8,34.91,0.86,0,0.96062,17.577753,-0.03938,0
CUST_006493,15.56,36.9,685.5,30,21.33,11,0.02,15.78,0.95,2,2.371465,18.577236,1.370823,1
CUST_003178,16.08,13.4,334.61,5,-2.68,227,0.96,15.73,0.88,0,0.833333,24.970896,-0.166667,0
CUST_004532,29.96,38.63,643.86,5,8.67,50,0.85,27.42,1.15,0,1.289386,16.667357,0.289386,0
CUST_003708,35.89,36.54,567.25,6,0.65,102,0.7,32.72,0.93,0,1.018111,15.524083,0.018111,0
CUST_000029,36.99,35.9,543.34,2,-1.09,235,0.93,34.71,0.95,0,0.970533,15.134819,-0.029467,0
CUST_003656,24.22,28.54,480.97,3,4.32,61,0.97,22.16,1.13,0,1.178365,16.852488,0.178365,0
CUST_006818,33.76,37.69,926.71,31,3.93,9,0.15,33.62,0.93,0,1.11641,24.587689,0.11641,1
CUST_006377,22.12,8.78,122.67,36,-13.34,5,0.1,17.59,0.99,1,0.396926,13.971526,-0.603074,1
CUST_003430,19.63,24.28,453.06,4,4.64,64,0.75,18.23,1.13,0,1.236882,18.659802,0.236373,0
CUST_001455,28.77,23.53,434.84,5,-5.24,140,0.96,28.65,0.95,1,0.817866,18.480238,-0.182134,0
CUST_002442,23.83,24.21,474.63,3,0.37,56,0.92,24.83,1.07,0,1.015946,19.604709,0.015527,0
CUST_002436,19.43,21.62,487.41,4,2.19,142,0.99,21.11,1.04,0,1.112712,22.544403,0.112712,0
CUST_003173,29.28,35.41,533.55,8,6.14,149,0.93,26.65,1.12,0,1.209358,15.067777,0.209699,0
CUST_004561,18.1,15.46,372.51,5,-2.64,74,0.93,17.4,0.92,0,0.854144,24.095084,-0.145856,0
CUST_006105,16.73,6.98,100.0,28,-9.75,163,0.01,16.43,1.04,1,0.417215,14.326648,-0.582785,1
CUST_000753,32.75,33.76,823.86,6,1.0,103,0.92,34.39,1.19,0,1.03084,24.403436,0.030534,0
CUST_000291,33.44,35.99,644.76,10,2.54,151,0.94,34.09,1.17,0,1.076256,17.914976,0.075957,0
CUST_007287,25.73,46.67,771.51,37,20.94,4,0.08,25.54,1.12,1,1.813836,16.531176,0.813836,1
CUST_001782,17.58,20.44,428.42,5,2.85,71,0.96,19.21,1.13,0,1.162685,20.959883,0.162116,0
CUST_003855,26.89,28.52,502.1,4,1.62,199,0.72,29.16,1.01,0,1.060617,17.605189,0.060245,0
CUST_009313,21.81,22.03,385.3,26,0.22,11,0.04,23.32,1.09,0,1.010087,17.489787,0.010087,1
CUST_009880,15.29,30.62,414.97,31,15.33,4,0.05,17.96,0.8,1,2.002616,13.552253,1.002616,1
CUST_002555,29.11,27.47,665.41,11,-1.64,164,0.86,28.91,1.02,0,0.943662,24.223153,-0.056338,0
CUST_006960,22.56,60.98,1262.99,34,38.42,6,0.04,26.69,1.08,1,2.703014,20.711545,1.703014,1
CUST_008705,29.0,34.61,683.93,46,5.6,11,0.09,27.29,1.09,3,1.193448,19.761052,0.193103,1
CUST_003080,21.31,27.46,491.86,6,6.15,155,0.86,19.51,1.2,0,1.288597,17.911872,0.288597,0
CUST_003621,31.64,31.93,748.73,5,0.29,144,0.91,33.81,0.92,0,1.009166,23.449107,0.009166,0
CUST_009092,24.58,20.01,343.77,27,-4.57,8,0.16,24.07,0.85,0,0.814076,17.17991,-0.185924,1
CUST_008130,21.47,7.79,116.94,36,-13.67,7,0.19,19.02,0.91,3,0.362832,15.011553,-0.636702,1
CUST_003404,29.55,34.37,626.24,6,4.82,73,0.97,27.11,1.17,0,1.163113,18.220541,0.163113,0
CUST_001316,20.49,20.71,441.72,4,0.22,78,0.97,20.07,0.91,1,1.010737,21.328827,0.010737,0
CUST_003910,26.12,30.57,470.5,7,4.44,156,0.4,26.76,1.18,0,1.170368,15.390906,0.169985,0
CUST_006545,24.97,10.8,115.77,21,-14.16,2,0.14,19.6,1.08,1,0.432519,10.719444,-0.56708,1
CUST_004827,14.55,14.42,348.21,5,-0.14,13,1.0,15.34,0.98,0,0.991065,24.147712,-0.009622,0
CUST_001742,32.36,42.24,711.38,13,9.88,57,1.0,31.71,1.19,0,1.305315,16.841383,0.305315,0
CUST_000951,18.01,21.84,344.36,7,3.83,132,0.94,16.79,1.07,0,1.21266,15.767399,0.21266,0
CUST_005357,25.72,61.7,1377.27,15,35.98,158,0.0,28.38,0.96,3,2.398911,22.322042,1.398911,1
CUST_001644,31.56,25.57,421.21,4,-5.98,55,0.97,31.3,0.8,1,0.810203,16.47282,-0.18948,0
CUST_007292,24.93,51.67,1145.46,29,26.73,181,0.01,30.77,0.83,1,2.072603,22.168763,1.072202,1
CUST_006437,17.45,7.19,106.98,40,-10.26,2,0.27,15.05,1.03,0,0.412034,14.878999,-0.587966,1
CUST_003969,25.76,25.2,537.77,6,-0.56,12,0.82,23.49,1.03,0,0.978261,21.340079,-0.021739,0
CUST_005794,41.11,15.71,240.85,15,-25.4,210,0.28,31.72,0.96,1,0.382145,15.330999,-0.617855,1
CUST_007983,21.64,9.23,100.0,39,-12.41,195,0.17,16.88,1.07,1,0.426525,10.834236,-0.573475,1
CUST_000340,35.01,32.87,714.12,6,-2.14,230,0.99,33.17,1.04,0,0.938875,21.725586,-0.061125,0
CUST_009909,24.9,23.56,556.65,30,-1.34,10,0.0,25.32,1.06,3,0.946185,23.62691,-0.053815,1
CUST_007302,31.3,17.53,354.01,21,-13.77,190,0.3,33.21,1.11,0,0.560064,20.194524,-0.439936,1
CUST_004427,18.05,20.52,508.56,8,2.48,141,0.86,16.57,1.04,0,1.136842,24.783626,0.137396,0
CUST_002529,21.19,19.65,455.89,4,-1.55,217,0.74,22.76,1.03,0,0.927324,23.200509,-0.073148,0
CUST_003710,15.43,13.37,308.24,11,-2.05,17,0.96,16.94,0.89,0,0.866494,23.0546,-0.132858,0
CUST_004444,22.54,25.56,512.4,9,3.01,45,0.37,20.8,1.18,0,1.133984,20.046948,0.13354,0
CUST_000828,32.33,37.89,905.35,5,5.55,39,1.0,29.77,1.11,0,1.171976,23.894167,0.171667,0
CUST_005288,15.26,35.07,618.45,28,19.81,11,0.38,18.22,0.92,1,2.298165,17.634731,1.298165,1
CUST_001157,30.69,28.4,519.96,6,-2.29,137,0.89,29.6,1.08,0,0.925383,18.308451,-0.074617,0
CUST_007305,28.98,71.79,1446.52,24,42.81,213,0.01,28.73,0.83,0,2.477226,20.149324,1.477226,1
CUST_002452,35.13,29.58,563.1,8,-5.55,87,0.87,33.16,0.83,1,0.842015,19.036511,-0.157985,0
CUST_000581,34.33,32.63,489.78,9,-1.7,22,0.91,34.8,1.06,0,0.950481,15.010113,-0.049519,0
CUST_006860,16.41,43.48,720.17,43,27.07,4,0.12,17.54,1.06,1,2.649604,16.563247,1.649604,1
CUST_008760,20.09,6.57,100.0,37,-13.52,4,0.57,17.39,0.82,2,0.327028,15.2207,-0.672972,1
CUST_007676,17.19,16.58,381.45,43,-0.61,11,0.01,18.02,1.04,3,0.964514,23.006634,-0.035486,1
CUST_003648,28.05,24.86,496.46,8,-3.19,185,0.78,29.78,0.96,0,0.886275,19.970233,-0.113725,0
CUST_003522,21.34,16.66,372.65,6,-4.69,61,0.47,21.32,0.83,0,0.780694,22.367947,-0.219775,0
CUST_003688,19.35,14.85,289.42,4,-4.51,52,0.99,21.04,0.89,0,0.767442,19.489562,-0.233075,0
CUST_000428,27.85,21.73,337.64,13,-6.11,52,0.7,27.85,0.82,0,0.780251,15.537966,-0.21939,0
CUST_005257,30.69,71.76,1014.25,43,41.07,163,0.12,34.51,0.94,0,2.338221,14.133919,1.338221,1
CUST_002560,34.99,46.14,805.27,4,11.15,184,0.94,33.63,1.17,0,1.318662,17.452752,0.318662,0
CUST_001463,34.19,39.68,777.04,14,5.49,129,0.97,34.69,1.03,0,1.160573,19.582661,0.160573,0
CUST_009575,16.73,17.14,294.44,52,0.41,7,0.01,16.51,0.98,1,1.024507,17.17853,0.024507,1
CUST_000894,14.57,12.09,190.55,7,-2.48,61,0.98,15.49,0.95,0,0.829787,15.760959,-0.170213,0
CUST_005358,28.9,28.01,456.38,52,-0.9,4,0.27,27.83,0.93,3,0.969204,16.293467,-0.031142,1
CUST_001481,22.38,23.72,507.83,10,1.34,121,0.88,23.8,0.99,0,1.059875,21.409359,0.059875,0
CUST_001438,22.3,29.0,549.09,4,6.71,49,0.92,20.43,1.17,0,1.300448,18.934138,0.300897,0
CUST_008464,30.52,74.05,1486.09,32,43.53,3,0.01,29.4,1.16,2,2.426278,20.068737,1.426278,1
CUST_000456,26.22,23.09,377.32,10,-3.13,182,0.45,28.56,1.03,0,0.880625,16.341273,-0.119375,0
CUST_002175,21.72,20.94,521.45,6,-0.78,167,0.77,21.75,0.93,0,0.964088,24.902101,-0.035912,0
CUST_008985,21.82,64.74,985.69,39,42.92,166,0.29,22.91,1.19,1,2.967003,15.225363,1.967003,1
CUST_003302,29.48,21.22,416.5,7,-8.26,119,0.95,32.43,0.82,0,0.71981,19.62771,-0.28019,0
CUST_004575,33.35,32.14,486.37,4,-1.21,114,0.71,30.44,0.85,0,0.963718,15.132856,-0.036282,0
CUST_009976,31.52,76.84,1658.46,40,45.32,8,0.01,34.07,0.98,2,2.437817,21.58329,1.437817,1
CUST_003287,21.5,20.43,439.96,7,-1.07,33,0.9,22.92,1.07,0,0.950233,21.534998,-0.049767,0
CUST_004812,22.86,23.04,384.77,10,0.18,45,0.69,21.08,1.08,0,1.007874,16.700087,0.007874,0
CUST_009326,25.83,28.96,649.25,30,3.14,123,0.1,25.92,1.15,1,1.121177,22.418854,0.121564,1
CUST_001259,21.63,21.3,417.36,7,-0.34,114,0.74,20.49,0.97,0,0.984743,19.594366,-0.015719,0
CUST_007463,33.43,12.32,145.99,24,-21.11,10,0.12,29.44,0.92,1,0.368531,11.849838,-0.631469,1
CUST_003324,32.33,30.43,736.41,5,-1.9,227,0.93,33.65,0.99,0,0.941231,24.200131,-0.058769,0
CUST_008382,20.6,9.25,121.29,23,-11.36,236,0.12,17.93,1.12,3,0.449029,13.112432,-0.551456,1
CUST_004699,30.21,28.88,696.57,8,-1.32,165,0.89,30.12,0.88,0,0.955975,24.11946,-0.043694,0
CUST_000741,20.18,21.71,396.42,7,1.52,224,0.82,18.73,1.05,1,1.075818,18.259788,0.075322,0
CUST_007189,26.79,31.44,689.38,57,4.65,144,0.02,26.12,1.18,2,1.173572,21.926845,0.173572,1
CUST_009869,17.81,7.69,100.0,42,-10.12,164,0.32,17.29,1.08,1,0.43178,13.003901,-0.56822,1
CUST_006173,26.84,64.35,1275.09,38,37.51,2,0.02,26.85,0.96,2,2.397541,19.814918,1.397541,1
CUST_009022,30.22,54.14,1209.23,18,23.92,3,0.13,27.89,1.11,1,1.791529,22.335242,0.791529,1
CUST_004970,29.3,30.71,586.15,6,1.41,184,0.76,31.23,1.02,0,1.048123,19.086617,0.048123,0
CUST_005260,27.26,77.4,1454.06,23,50.13,10,0.35,30.13,1.14,1,2.839325,18.786305,1.838958,1
CUST_009565,28.92,68.61,1460.4,44,39.69,2,0.03,33.15,0.95,2,2.372407,21.285527,1.372407,1
CUST_009929,22.29,8.35,144.06,25,-13.93,10,0.12,21.61,0.94,0,0.374607,17.252695,-0.624944,1
CUST_000196,28.97,31.64,541.13,4,2.66,48,0.83,30.19,1.19,0,1.092164,17.102718,0.091819,0
CUST_001997,29.53,22.83,531.24,7,-6.7,102,0.62,29.3,0.85,0,0.773112,23.269382,-0.226888,0
CUST_004596,26.75,23.98,584.29,4,-2.77,144,0.82,25.33,0.81,0,0.896449,24.365721,-0.103551,0
CUST_001227,30.4,34.51,794.19,5,4.11,208,0.58,30.66,1.13,0,1.135197,23.013329,0.135197,0
CUST_002330,30.11,33.31,672.56,9,3.2,209,0.94,28.38,1.03,0,1.106277,20.190934,0.106277,0
CUST_002942,24.99,19.99,498.15,11,-5.0,123,0.98,27.12,0.87,0,0.79992,24.91996,-0.20008,0
CUST_007055,34.62,11.36,151.27,21,-23.26,225,0.07,32.6,0.82,1,0.328134,13.316021,-0.671866,1
CUST_003286,15.91,13.94,273.9,14,-1.97,35,0.97,17.35,0.84,0,0.876179,19.648494,-0.123821,0
CUST_007231,22.91,65.66,1090.88,40,42.74,134,0.15,25.57,1.15,1,2.865997,16.614072,1.865561,1
CUST_003548,32.9,34.32,635.69,11,1.42,17,0.75,32.21,0.97,0,1.043161,18.522436,0.043161,0
CUST_004007,20.27,18.16,295.6,6,-2.11,118,0.72,18.68,0.88,0,0.895905,16.277533,-0.104095,0
CUST_002496,21.0,22.49,544.4,2,1.49,53,0.88,21.54,1.01,0,1.070952,24.206314,0.070952,0
CUST_003980,33.07,35.04,868.0,4,1.97,135,0.97,34.89,1.0,0,1.059571,24.771689,0.059571,0
CUST_009165,26.12,10.85,167.39,41,-15.28,4,0.04,20.36,1.04,3,0.415391,15.42765,-0.584992,1
CUST_002905,21.2,16.76,314.99,4,-4.44,57,0.94,20.87,0.85,0,0.790566,18.794153,-0.209434,0
CUST_001227,30.4,34.51,794.19,5,4.11,208,0.58,30.66,1.13,0,1.135197,23.013329,0.135197,0
CUST_001888,27.55,21.01,451.26,6,-6.54,222,0.83,25.07,0.88,0,0.762613,21.478344,-0.237387,0
CUST_000307,31.8,27.22,542.21,7,-4.58,24,0.8,33.3,0.86,0,0.855975,19.919544,-0.144025,0
CUST_001513,21.24,22.56,396.61,5,1.32,28,0.82,19.42,0.95,0,1.062147,17.58023,0.062147,0
CUST_009748,31.26,32.19,588.97,45,0.93,11,0.11,30.8,1.11,2,1.02975,18.296676,0.02975,1
CUST_001543,30.38,27.97,496.44,7,-2.41,50,0.96,27.93,0.98,0,0.920671,17.749017,-0.079329,0
CUST_003840,21.07,24.37,459.34,5,3.3,120,0.89,23.39,1.13,0,1.156621,18.848584,0.156621,0
CUST_001041,28.53,33.97,640.52,7,5.44,62,0.79,29.13,1.07,0,1.190676,18.855461,0.190676,0
CUST_000087,16.88,15.83,347.59,8,-1.04,80,0.96,18.36,1.09,0,0.937796,21.957675,-0.061611,0
CUST_008894,18.05,10.42,249.17,22,-7.63,3,0.12,18.9,0.88,0,0.577285,23.912668,-0.422715,1
CUST_008892,14.02,28.04,589.29,35,14.02,10,0.52,15.35,0.8,1,2.0,21.016049,1.0,1
CUST_005551,32.14,12.77,216.5,28,-19.37,216,0.01,26.94,0.99,0,0.397324,16.953798,-0.602676,1
CUST_002636,21.27,16.61,390.21,6,-4.66,43,0.96,22.66,0.88,0,0.780912,23.492474,-0.219088,0
CUST_004900,25.02,26.04,610.17,4,1.02,108,1.0,26.48,1.04,0,1.040767,23.432028,0.040767,0
CUST_004128,25.73,26.69,556.53,8,0.96,111,0.59,23.89,0.99,0,1.037311,20.85163,0.037311,0
CUST_002006,26.66,26.78,565.21,5,0.12,203,0.91,29.51,0.99,0,1.004501,21.105676,0.004501,0
CUST_000774,32.64,32.51,567.86,7,-0.12,158,0.97,32.12,0.89,0,0.996017,17.467241,-0.003676,0
CUST_007453,21.13,43.69,958.58,17,22.56,7,0.46,25.21,0.83,1,2.067676,21.94049,1.067676,1
CUST_004013,16.51,17.54,358.01,9,1.03,168,0.95,15.7,1.07,0,1.062386,20.41106,0.062386,0
CUST_007144,30.51,25.31,451.81,47,-5.19,5,0.02,30.63,0.9,1,0.829564,17.851047,-0.170108,1
CUST_005143,33.38,15.64,242.51,30,-17.74,3,0.49,31.73,1.17,0,0.468544,15.505754,-0.531456,1
CUST_009162,30.62,12.25,189.46,22,-18.38,7,0.1,28.03,1.0,1,0.400065,15.466122,-0.600261,1
CUST_007180,24.78,43.34,816.32,30,18.56,199,0.14,27.2,1.0,3,1.748991,18.835256,0.748991,1
CUST_009388,20.5,18.53,280.82,32,-1.97,4,0.03,20.52,0.87,1,0.903902,15.154884,-0.096098,1
CUST_000509,26.81,22.84,464.8,6,-3.96,108,0.96,27.82,0.92,0,0.851921,20.350263,-0.147706,0
CUST_006137,29.89,88.55,1762.59,29,58.66,9,0.19,34.64,1.19,3,2.962529,19.905025,1.962529,1
CUST_001990,22.25,17.56,293.64,10,-4.69,70,0.98,22.74,0.84,0,0.789213,16.722096,-0.210787,0
CUST_003346,34.34,34.86,552.45,3,0.51,112,0.78,32.91,0.91,0,1.015143,15.847676,0.014851,0
CUST_000198,25.0,24.98,584.15,11,-0.02,76,0.75,24.19,0.92,0,0.9992,23.384708,-0.0008,0
CUST_008620,15.24,10.27,250.08,30,-4.97,8,0.1,16.61,1.19,2,0.673885,24.350536,-0.326115,1
CUST_007738,32.52,80.87,1330.24,25,48.35,1,0.22,29.63,0.82,1,2.486777,16.449116,1.486777,1
CUST_007566,19.6,51.24,775.84,24,31.64,4,0.65,19.95,1.05,2,2.614286,15.141296,1.614286,1
CUST_002594,24.06,26.24,647.82,10,2.18,215,0.86,25.29,1.05,0,1.090607,24.688262,0.090607,0
CUST_000281,30.5,30.67,702.9,5,0.17,160,0.84,31.73,1.08,0,1.005574,22.918161,0.005574,0
CUST_003386,30.45,26.65,517.37,7,-3.79,142,0.75,30.34,0.83,0,0.875205,19.413508,-0.124466,0
CUST_000124,22.26,20.13,494.25,4,-2.14,169,0.95,23.58,0.91,0,0.904313,24.552906,-0.096137,0
CUST_006158,21.14,21.47,473.57,30,0.33,202,0.04,20.76,0.97,0,1.01561,22.057289,0.01561,1
CUST_000733,24.79,25.51,411.05,4,0.71,130,0.92,23.68,0.95,0,1.029044,16.113289,0.028641,0
CUST_007351,28.24,21.94,350.17,31,-6.3,5,0.16,29.32,0.82,1,0.776912,15.960346,-0.223088,1
CUST_007608,17.12,40.21,756.21,38,23.08,6,0.0,18.97,0.85,1,2.348715,18.806516,1.348131,1
CUST_008376,21.28,47.56,932.53,43,26.28,6,0.02,19.36,1.01,2,2.234962,19.607443,1.234962,1
CUST_004071,18.98,20.96,427.34,3,1.98,137,0.49,17.63,1.14,0,1.10432,20.388359,0.10432,0
CUST_009698,18.62,40.17,571.47,17,21.55,140,0.51,20.1,0.86,2,2.157358,14.226288,1.157358,1
CUST_007995,17.56,40.06,861.3,30,22.49,158,0.23,20.09,0.91,0,2.281321,21.50025,1.280752,1
CUST_006136,19.79,19.44,369.43,29,-0.35,176,0.31,19.84,0.96,0,0.982314,19.003601,-0.017686,1
CUST_009052,29.95,64.82,1048.5,35,34.87,125,0.13,30.72,0.87,0,2.164274,16.175563,1.164274,1
CUST_005654,32.33,33.28,695.19,44,0.95,3,0.44,29.52,1.0,1,1.029384,20.889123,0.029384,1
CUST_003120,18.87,15.89,377.29,2,-2.98,228,0.88,19.97,0.86,0,0.842077,23.743864,-0.157923,0
CUST_007210,14.19,12.48,221.38,43,-1.7,171,0.13,15.31,0.86,1,0.879493,17.738782,-0.119803,1
CUST_003822,22.81,21.5,398.55,5,-1.31,213,0.74,21.43,0.88,0,0.942569,18.537209,-0.057431,0
CUST_009177,24.11,43.87,1083.39,17,19.76,155,0.22,25.6,1.17,3,1.819577,24.695464,0.819577,1
CUST_005219,23.19,52.35,976.81,15,29.16,10,0.09,27.59,0.9,0,2.257439,18.659217,1.257439,1
CUST_002993,28.32,30.1,456.2,6,1.78,208,0.88,27.09,1.03,0,1.062853,15.156146,0.062853,0
CUST_007419,27.88,56.7,809.3,34,28.82,9,0.26,31.52,0.81,2,2.033716,14.273369,1.033716,1
CUST_007780,27.51,68.47,1515.64,27,40.96,5,0.07,29.41,1.0,1,2.488913,22.135826,1.488913,1
CUST_003642,31.24,39.87,925.86,2,8.63,181,0.76,28.43,1.2,0,1.276248,23.221971,0.276248,0
CUST_001882,25.92,27.19,461.74,11,1.27,62,0.89,27.04,0.93,0,1.048997,16.981979,0.048997,0
CUST_004126,18.49,14.2,245.22,9,-4.29,124,0.81,18.89,0.88,0,0.767983,17.269014,-0.232017,0
CUST_003963,16.43,18.26,391.5,8,1.83,202,0.97,15.6,1.14,0,1.111382,21.440307,0.111382,0
CUST_004231,28.35,33.37,578.21,5,5.01,235,0.97,28.96,1.13,0,1.177072,17.32724,0.17672,0
CUST_008059,34.2,11.19,125.82,43,-23.01,156,0.48,33.56,0.82,2,0.327193,11.243968,-0.672807,1
CUST_005554,29.21,87.11,1587.52,41,57.9,1,0.1,29.95,1.19,3,2.982198,18.224314,1.982198,1
CUST_006699,24.81,36.94,876.83,31,12.13,11,0.01,24.1,1.2,1,1.488916,23.7366,0.488916,1
CUST_003351,25.32,33.69,831.14,6,8.37,96,0.93,27.28,1.16,0,1.330569,24.670229,0.330569,0
CUST_002570,22.67,16.29,276.49,15,-6.38,66,0.98,22.65,0.8,0,0.718571,16.97299,-0.281429,0
CUST_007572,27.46,22.64,467.08,50,-4.82,10,0.02,28.84,0.89,3,0.824472,20.630742,-0.175528,1
CUST_006712,25.64,59.72,1097.19,27,34.08,7,0.36,26.63,0.93,1,2.329173,18.372237,1.329173,1
CUST_001754,15.8,13.95,214.26,5,-1.85,205,0.88,16.73,0.81,0,0.882911,15.35914,-0.117089,0
CUST_001746,27.39,25.8,548.28,12,-1.59,183,0.91,28.85,1.07,0,0.94195,21.251163,-0.05805,0
CUST_000905,27.19,28.13,569.12,9,0.94,212,0.89,27.67,1.08,0,1.034572,20.231781,0.034572,0
CUST_000087,16.88,15.83,347.59,8,-1.04,80,0.96,18.36,1.09,0,0.937796,21.957675,-0.061611,0
CUST_005044,14.5,38.03,680.2,20,23.53,9,0.07,17.05,1.05,0,2.622759,17.88588,1.622759,1
CUST_007644,17.06,49.55,672.15,39,32.5,7,0.1,19.72,1.16,0,2.904455,13.565086,1.905041,1
CUST_000467,26.09,31.69,731.16,7,5.6,233,0.94,26.25,1.07,0,1.214642,23.072263,0.214642,0
CUST_000718,32.87,38.0,927.05,6,5.13,101,0.98,30.73,1.16,0,1.156069,24.396053,0.156069,0
CUST_003408,27.15,24.98,445.82,8,-2.17,42,0.78,29.66,1.06,0,0.920074,17.847078,-0.079926,0
CUST_007472,27.09,63.59,1112.05,40,36.51,205,0.4,32.6,0.94,0,2.347361,17.487813,1.34773,1
CUST_005781,22.63,18.72,391.31,25,-3.91,139,0.04,22.58,0.86,0,0.827221,20.903312,-0.172779,1
CUST_004180,36.91,45.46,843.03,5,8.56,236,0.84,34.33,1.15,0,1.231645,18.544435,0.231915,0
CUST_005541,34.49,50.6,832.37,35,16.1,160,0.09,32.34,1.04,0,1.467092,16.45,0.466802,1
CUST_001243,33.03,35.94,867.87,4,2.9,99,0.66,31.09,1.09,0,1.088102,24.147746,0.087799,0
CUST_009533,28.15,68.69,1127.74,37,40.54,1,0.42,30.32,0.98,3,2.440142,16.417819,1.440142,1
CUST_008344,30.49,34.2,645.39,26,3.71,226,0.41,31.15,1.11,1,1.121679,18.871053,0.121679,1
CUST_008407,19.14,24.82,573.74,47,5.68,5,0.13,20.09,1.19,1,1.296761,23.116035,0.296761,1
CUST_009731,27.26,62.76,1111.1,15,35.5,6,0.13,31.9,0.92,1,2.302274,17.703952,1.302274,1
CUST_009098,24.89,20.68,411.38,42,-4.22,4,0.31,27.14,0.9,2,0.830856,19.89265,-0.169546,1
CUST_003599,20.06,19.93,409.77,5,-0.13,117,0.89,18.84,1.16,0,0.993519,20.560462,-0.006481,0
CUST_001516,19.11,18.54,407.48,7,-0.57,91,0.88,20.76,1.05,0,0.970173,21.978425,-0.029827,0
CUST_003875,30.62,34.36,744.69,4,3.73,71,0.77,31.75,1.18,0,1.122142,21.673166,0.121816,0
CUST_009678,26.47,29.78,632.5,53,3.31,8,0.41,25.69,1.03,2,1.125047,21.239087,0.125047,1
CUST_006307,25.75,69.59,1099.55,32,43.84,5,0.2,30.76,1.08,0,2.702524,15.800402,1.702524,1
CUST_006798,18.23,33.92,742.17,19,15.69,6,0.03,19.84,0.83,1,1.860669,21.880012,0.860669,1
CUST_000594,22.31,25.28,468.4,8,2.97,216,0.87,23.45,1.06,0,1.133124,18.528481,0.133124,0
CUST_000921,21.9,18.26,455.04,7,-3.64,180,0.87,21.33,0.86,0,0.83379,24.920044,-0.16621,0
CUST_001796,27.57,29.22,463.19,6,1.65,86,0.94,25.28,1.06,0,1.059848,15.851814,0.059848,0
CUST_008745,24.98,64.14,1071.59,19,39.16,137,0.08,27.8,1.03,0,2.567654,16.707047,1.567654,1
CUST_008636,18.76,38.72,621.45,27,19.96,134,0.07,18.83,0.82,1,2.063966,16.049845,1.063966,1
CUST_002512,16.71,16.81,368.74,4,0.1,103,0.68,16.79,0.95,0,1.005984,21.935753,0.005984,0
CUST_002883,32.29,40.46,984.0,6,8.18,65,0.95,29.4,1.18,0,1.25302,24.320316,0.253329,0
CUST_005440,16.23,11.95,241.56,30,-4.28,9,0.17,16.78,0.81,1,0.736291,20.214226,-0.263709,1
CUST_003134,14.08,13.82,328.02,13,-0.26,120,1.0,15.15,0.97,1,0.981534,23.735166,-0.018466,0
CUST_000020,27.24,31.36,537.68,12,4.12,197,0.87,25.02,1.02,0,1.151248,17.145408,0.151248,0
CUST_002069,25.63,30.66,532.8,6,5.03,120,0.75,26.74,1.18,1,1.196254,17.377691,0.196254,0
CUST_003897,30.08,30.39,675.42,14,0.31,25,0.89,28.97,0.97,0,1.010306,22.225074,0.010306,0
CUST_007199,19.36,7.97,100.0,44,-11.39,228,0.07,16.66,1.03,1,0.411674,12.547051,-0.588326,1
CUST_000981,16.59,15.06,317.44,4,-1.53,174,0.91,15.91,0.94,0,0.907776,21.078353,-0.092224,0
CUST_008167,29.66,11.1,164.6,15,-18.56,9,0.14,26.09,0.94,0,0.374241,14.828829,-0.625759,1
CUST_001517,31.64,34.37,795.23,9,2.73,129,0.99,34.15,1.06,1,1.086283,23.137329,0.086283,0
CUST_006693,20.79,48.19,882.27,36,27.4,123,0.01,19.35,0.83,1,2.317941,18.308155,1.317941,1
CUST_008145,26.1,12.05,194.79,28,-14.06,133,0.03,24.29,1.15,2,0.461686,16.165145,-0.538697,1
CUST_001674,15.56,14.32,270.1,6,-1.24,130,0.99,16.24,0.83,0,0.920308,18.861732,-0.079692,0
CUST_000096,23.22,16.01,318.36,9,-7.21,73,0.9,24.63,0.81,0,0.689492,19.885072,-0.310508,0
CUST_000029,36.99,35.9,543.34,2,-1.09,235,0.93,34.71,0.95,0,0.970533,15.134819,-0.029467,0
CUST_006312,21.7,45.75,813.31,34,24.05,9,0.26,24.51,0.84,1,2.108295,17.777268,1.108295,1
CUST_009988,18.35,6.04,100.0,17,-12.31,2,0.22,17.42,0.82,1,0.329155,16.556291,-0.670845,1
CUST_008187,16.16,43.41,939.65,34,27.25,4,0.29,18.99,1.07,3,2.686262,21.645934,1.686262,1
CUST_006099,24.57,10.84,181.5,30,-13.73,227,0.18,23.57,1.1,1,0.441188,16.743542,-0.558812,1
CUST_000652,16.14,13.91,305.85,7,-2.23,66,0.71,17.69,1.01,0,0.861834,21.987779,-0.138166,0
CUST_004576,22.95,20.26,458.31,4,-2.69,48,0.9,21.51,0.84,0,0.882789,22.621422,-0.117211,0
CUST_008446,33.45,14.96,235.38,31,-18.49,11,0.19,29.31,1.12,1,0.447235,15.733957,-0.552765,1
CUST_006637,30.21,32.95,556.18,27,2.74,6,0.04,28.57,1.18,0,1.090698,16.879514,0.090698,1
CUST_003401,24.41,19.89,314.45,5,-4.52,122,0.8,22.75,0.88,0,0.81483,15.809452,-0.18517,0
CUST_007157,16.89,16.68,289.76,29,-0.21,4,0.12,18.68,0.98,0,0.987567,17.371703,-0.012433,1
CUST_001035,29.26,22.52,488.24,7,-6.74,137,0.72,29.5,0.86,0,0.769651,21.680284,-0.230349,0
CUST_006380,27.64,12.76,150.87,37,-14.88,138,0.03,21.61,1.15,0,0.46165,11.823668,-0.53835,1
CUST_004497,27.02,28.08,541.63,8,1.06,222,0.89,27.4,1.11,1,1.03923,19.288818,0.03923,0
CUST_002390,30.24,23.23,374.68,10,-7.0,27,0.84,32.33,0.82,0,0.768188,16.129143,-0.231481,0
CUST_009635,27.28,10.56,120.63,24,-16.72,159,0.05,24.25,0.97,2,0.387097,11.423295,-0.612903,1
CUST_006546,16.99,34.69,777.86,27,17.69,6,0.3,17.61,0.82,1,2.041789,22.423177,1.041201,1
CUST_004087,35.08,31.18,757.8,10,-3.9,78,0.92,34.8,0.91,0,0.888826,24.304041,-0.111174,0
CUST_006051,33.56,29.37,492.53,38,-4.18,172,0.07,32.69,0.89,1,0.875149,16.769833,-0.124553,1
CUST_001428,26.41,21.31,325.62,5,-5.11,45,0.89,26.16,0.89,0,0.806891,15.28015,-0.193487,0
CUST_002795,27.53,21.42,359.19,12,-6.11,97,0.8,29.88,0.87,0,0.77806,16.768908,-0.22194,0
CUST_006969,14.93,36.88,564.04,32,21.94,3,0.0,18.01,0.99,0,2.470194,15.293926,1.469524,1
CUST_000949,34.05,29.81,722.71,5,-4.24,171,0.89,33.61,1.02,0,0.875477,24.243878,-0.124523,0
CUST_004744,25.95,25.33,569.65,7,-0.62,42,0.91,27.15,1.09,0,0.976108,22.489143,-0.023892,0
CUST_000499,16.42,15.27,254.74,12,-1.15,79,0.93,15.53,1.02,0,0.929963,16.682384,-0.070037,0
CUST_002645,21.1,26.51,645.02,7,5.4,195,0.93,22.97,1.2,0,1.256398,24.331196,0.255924,0
CUST_009072,37.36,36.43,818.62,45,-0.93,3,0.03,34.09,0.9,2,0.975107,22.47104,-0.024893,1
CUST_005832,30.41,73.01,1544.16,39,42.59,218,0.01,32.9,0.96,1,2.400855,21.149979,1.400526,1
CUST_004583,32.76,27.2,469.65,10,-5.56,202,0.96,31.94,0.91,0,0.830281,17.266544,-0.169719,0
CUST_009236,33.75,55.76,1051.36,15,22.01,6,0.16,32.23,0.87,2,1.652148,18.855093,0.652148,1
CUST_002044,17.32,19.06,455.96,2,1.75,219,0.96,17.74,1.09,0,1.100462,23.92235,0.101039,0
CUST_005592,30.04,28.28,427.12,36,-1.75,152,0.27,31.22,1.01,0,0.941411,15.103253,-0.058256,1
CUST_001575,29.61,38.54,586.56,8,8.93,154,0.83,28.61,1.17,0,1.301587,15.219512,0.301587,0
CUST_000558,31.97,30.78,530.95,7,-1.19,130,0.66,29.72,0.86,0,0.962778,17.249838,-0.037222,0
CUST_001905,30.14,24.15,389.42,10,-5.98,195,0.61,28.6,0.89,0,0.801261,16.125052,-0.198407,0
CUST_004010,22.11,22.34,391.34,5,0.22,68,0.79,21.74,0.89,0,1.010403,17.517457,0.00995,0
CUST_000499,16.42,15.27,254.74,12,-1.15,79,0.93,15.53,1.02,0,0.929963,16.682384,-0.070037,0
CUST_003559,27.32,29.81,566.98,10,2.49,31,0.62,24.96,0.99,0,1.091142,19.019792,0.091142,0
CUST_003102,24.36,23.67,446.73,7,-0.69,198,0.74,23.86,0.96,0,0.971675,18.873257,-0.028325,0
CUST_009704,30.44,86.29,1859.45,37,55.85,194,0.2,31.19,1.13,2,2.834757,21.548847,1.834757,1
CUST_001094,23.75,28.25,617.52,6,4.49,17,0.78,22.42,1.1,0,1.189474,21.859115,0.189053,0
CUST_006170,15.89,15.17,337.82,49,-0.71,11,0.44,15.59,1.01,1,0.954688,22.268952,-0.044682,1
CUST_002139,18.35,18.29,435.77,12,-0.06,65,0.8,16.78,0.89,0,0.99673,23.825588,-0.00327,0
CUST_006717,24.76,48.7,1008.7,25,23.93,9,0.09,24.03,1.11,2,1.966882,20.712526,0.966478,1
CUST_007867,18.57,22.02,409.25,29,3.45,8,0.05,20.55,0.98,2,1.185784,18.585377,0.185784,1
CUST_002594,24.06,26.24,647.82,10,2.18,215,0.86,25.29,1.05,0,1.090607,24.688262,0.090607,0
CUST_001984,28.3,29.38,571.96,7,1.08,171,0.99,30.06,0.91,0,1.038163,19.467665,0.038163,0
CUST_000085,29.48,25.1,581.37,8,-4.38,175,0.76,29.35,0.96,0,0.851425,23.162151,-0.148575,0
CUST_001839,31.81,23.87,595.27,9,-7.94,159,0.6,29.27,0.82,0,0.750393,24.937997,-0.249607,0
CUST_001818,14.57,19.97,493.68,6,5.39,81,0.67,15.24,1.2,0,1.370625,24.721082,0.369938,0
CUST_003958,24.38,21.2,390.36,10,-3.18,186,0.81,23.03,0.86,0,0.869565,18.413208,-0.130435,0
CUST_006745,21.0,50.35,904.22,37,29.35,120,0.05,26.01,0.96,0,2.397619,17.958689,1.397619,1
CUST_000890,27.88,26.56,398.49,6,-1.32,72,0.91,25.51,0.93,0,0.952654,15.003389,-0.047346,0
CUST_000684,23.7,20.17,441.38,3,-3.53,78,0.78,22.99,0.98,0,0.851055,21.882995,-0.148945,0
CUST_004017,27.75,27.15,421.25,5,-0.6,166,0.64,29.34,1.14,0,0.978378,15.515654,-0.021622,0
CUST_000638,19.25,17.38,372.76,8,-1.87,40,0.68,20.35,0.91,0,0.902857,21.447641,-0.097143,0
CUST_009129,36.88,13.12,163.24,27,-23.76,7,0.07,30.11,0.89,3,0.355748,12.442073,-0.644252,1
CUST_003982,17.34,17.44,394.06,11,0.1,75,0.89,19.08,0.9,0,1.005767,22.595183,0.005767,0
CUST_007088,23.89,27.21,670.87,45,3.32,10,0.04,26.07,1.19,0,1.13897,24.655274,0.13897,1
CUST_009921,27.56,74.66,1485.2,34,47.1,4,0.01,28.41,1.08,0,2.708999,19.892848,1.708999,1
CUST_004500,16.04,20.31,459.88,6,4.27,112,0.76,15.19,1.19,0,1.266209,22.643033,0.266209,0
CUST_002536,28.01,37.07,796.56,7,9.06,119,0.81,26.79,1.18,0,1.323456,21.487996,0.323456,0
CUST_000998,18.79,19.14,416.41,3,0.35,124,0.92,20.27,0.93,0,1.018627,21.756008,0.018627,0
CUST_005425,21.56,45.83,938.96,34,24.27,230,0.14,26.36,0.85,0,2.125696,20.48789,1.125696,1
CUST_004750,14.93,13.64,241.15,7,-1.29,55,0.74,15.83,0.8,0,0.913597,17.679619,-0.086403,0
CUST_001862,16.45,19.36,314.97,4,2.91,170,0.55,16.27,1.04,0,1.1769,16.269112,0.1769,0
CUST_001072,18.24,24.42,453.48,9,6.18,127,0.87,17.78,1.17,0,1.338816,18.570025,0.338816,0
CUST_001063,18.39,21.0,329.45,11,2.61,154,0.93,16.85,1.16,0,1.141925,15.688095,0.141925,0
CUST_009163,25.34,31.87,739.9,44,6.53,2,0.03,23.12,1.02,0,1.257695,23.216191,0.257695,1
CUST_000924,24.67,22.71,483.1,7,-1.96,187,0.95,25.86,1.07,0,0.920551,21.272567,-0.079449,0
CUST_006100,32.06,12.29,137.38,16,-19.76,129,0.4,31.48,0.96,0,0.383344,11.178194,-0.616344,1
CUST_008870,30.88,78.72,1143.08,19,47.84,5,0.19,33.13,1.02,1,2.549223,14.520833,1.549223,1
CUST_008091,30.29,23.68,538.98,48,-6.61,6,0.05,28.14,0.81,1,0.781776,22.76098,-0.218224,1
CUST_008293,18.31,8.65,130.35,32,-9.66,223,0.02,17.78,1.18,2,0.472419,15.069364,-0.527581,1
CUST_007099,28.88,42.42,742.34,18,13.54,4,0.17,29.72,0.92,0,1.468837,17.499764,0.468837,1
CUST_004148,15.09,16.84,288.82,9,1.75,89,0.67,15.23,1.03,0,1.115971,17.150831,0.115971,0
CUST_002420,21.97,22.78,567.75,7,0.82,196,0.49,22.73,0.91,0,1.036868,24.923178,0.037324,0
CUST_000192,29.12,26.15,575.13,5,-2.97,100,0.97,27.97,0.91,0,0.898008,21.993499,-0.101992,0
CUST_000566,22.64,26.55,600.78,4,3.91,94,0.86,22.83,1.17,0,1.172703,22.628249,0.172703,0
CUST_007686,18.9,21.37,445.97,41,2.47,6,0.1,18.02,1.09,1,1.130688,20.868975,0.130688,1
CUST_000823,32.39,33.26,561.45,9,0.87,57,0.59,31.6,1.06,0,1.02686,16.880637,0.02686,0
CUST_001694,30.67,37.73,685.36,6,7.06,128,0.85,33.97,1.18,0,1.230192,18.164856,0.230192,0
CUST_007448,20.67,9.58,106.42,37,-11.1,11,0.02,18.17,1.16,3,0.463474,11.108559,-0.53701,1
CUST_001251,26.36,26.84,591.29,8,0.49,96,0.87,26.48,1.08,0,1.018209,22.030179,0.018589,0
CUST_007248,22.3,9.8,124.69,29,-12.51,4,0.24,17.55,1.1,1,0.439462,12.723469,-0.560987,1
CUST_007549,15.85,5.47,129.21,42,-10.38,11,0.2,17.48,0.91,1,0.34511,23.621572,-0.65489,1
CUST_007443,29.47,11.28,155.45,38,-18.18,2,0.06,28.53,0.96,2,0.382762,13.781028,-0.616899,1
CUST_001520,15.59,18.74,437.85,7,3.15,181,0.95,16.23,1.08,0,1.202053,23.364461,0.202053,0
CUST_003785,25.89,33.1,691.92,8,7.2,12,0.94,26.12,1.18,0,1.278486,20.903927,0.2781,0
CUST_005069,23.61,48.27,1052.08,31,24.65,148,0.22,25.03,0.82,0,2.044473,21.795732,1.044049,1
CUST_009353,29.09,11.35,155.94,24,-17.74,6,0.05,22.79,0.98,0,0.390168,13.739207,-0.609832,1
CUST_006787,30.2,64.09,1156.94,38,33.89,186,0.11,34.86,0.85,1,2.122185,18.051802,1.122185,1
CUST_001991,34.12,29.39,617.26,2,-4.74,86,0.59,31.75,0.91,0,0.861372,21.002382,-0.138921,0
CUST_000047,24.9,29.84,671.42,6,4.94,40,0.79,26.61,1.05,0,1.198394,22.50067,0.198394,0
CUST_001470,33.07,43.76,920.39,6,10.68,48,0.89,31.96,1.2,0,1.323254,21.032678,0.322951,0
CUST_003174,31.5,32.23,794.29,10,0.73,182,0.72,28.92,1.01,0,1.023175,24.644431,0.023175,0
CUST_001766,35.39,38.56,741.11,5,3.17,112,0.97,33.99,1.2,0,1.089573,19.219658,0.089573,0
CUST_002295,30.3,29.32,585.92,8,-0.97,97,0.99,28.77,1.06,1,0.967657,19.983629,-0.032013,0
CUST_004198,32.12,38.44,691.15,9,6.32,215,0.92,29.83,1.15,0,1.196762,17.979969,0.196762,0
CUST_008539,27.41,30.37,740.08,55,2.96,2,0.54,29.5,1.16,0,1.10799,24.368785,0.10799,1
CUST_000147,19.07,15.38,348.82,7,-3.68,36,0.71,20.96,0.84,0,0.806502,22.680104,-0.192973,0
CUST_002464,17.35,16.63,374.02,9,-0.72,193,0.74,18.17,1.11,0,0.958501,22.490679,-0.041499,0
CUST_002364,20.75,20.7,340.71,12,-0.05,147,0.68,19.25,0.98,0,0.99759,16.45942,-0.00241,0
CUST_008041,33.19,12.33,198.05,23,-20.86,8,0.38,29.28,0.93,2,0.371497,16.062449,-0.628503,1
CUST_004333,22.69,19.67,464.42,6,-3.01,195,0.54,21.21,0.98,0,0.866902,23.610574,-0.132658,0
CUST_003166,24.59,24.38,535.0,6,-0.21,136,0.99,26.75,1.06,0,0.99146,21.944217,-0.00854,0
CUST_008122,27.11,30.89,631.31,47,3.77,9,0.08,25.04,1.13,1,1.139432,20.437358,0.139063,1
CUST_006761,26.81,56.27,1244.39,20,29.45,129,0.17,29.87,0.84,1,2.098844,22.114626,1.098471,1
CUST_009468,29.05,84.16,1345.33,42,55.11,2,0.61,32.17,1.16,2,2.897074,15.985385,1.897074,1
CUST_005236,28.27,11.55,164.96,40,-16.72,3,0.12,23.3,1.02,0,0.40856,14.282251,-0.59144,1
CUST_007206,31.46,29.69,456.66,32,-1.77,6,0.25,31.89,1.04,1,0.943738,15.380936,-0.056262,1
CUST_007416,27.66,31.52,783.52,42,3.86,2,0.12,29.14,1.13,1,1.139552,24.857868,0.139552,1
CUST_007027,18.07,13.02,224.91,34,-5.04,7,0.42,18.74,0.94,1,0.720531,17.274194,-0.278915,1
CUST_002656,21.49,25.55,612.14,6,4.06,111,0.98,22.84,1.05,0,1.188925,23.958513,0.188925,0
CUST_001319,32.77,41.21,697.17,10,8.44,114,0.75,31.49,1.1,0,1.257553,16.917496,0.257553,0
CUST_004656,20.74,20.66,313.34,5,-0.08,197,0.64,21.94,1.03,0,0.996143,15.166505,-0.003857,0
CUST_003979,32.98,29.92,578.44,5,-3.06,150,0.81,33.01,0.98,0,0.907216,19.332888,-0.092784,0
CUST_007829,30.63,34.64,843.74,53,4.01,5,0.11,31.76,1.11,1,1.130917,24.35739,0.130917,1
CUST_003265,27.37,30.08,630.33,9,2.71,167,0.66,28.21,1.08,0,1.099014,20.95512,0.099014,0
CUST_009075,16.86,20.86,454.05,45,4.0,5,0.16,16.04,1.14,2,1.237248,21.766539,0.237248,1
CUST_003302,29.48,21.22,416.5,7,-8.26,119,0.95,32.43,0.82,0,0.71981,19.62771,-0.28019,0
CUST_005013,21.83,60.37,1225.03,27,38.54,236,0.02,26.15,1.11,0,2.76546,20.292032,1.76546,1
CUST_008720,24.47,57.49,1243.81,39,33.02,4,0.35,26.11,0.94,0,2.349407,21.635241,1.349407,1
CUST_009338,20.78,42.65,704.65,33,21.87,134,0.11,21.34,0.82,2,2.052454,16.521688,1.052454,1
CUST_000322,26.14,23.99,398.85,4,-2.15,155,0.52,23.97,1.0,0,0.917751,16.625677,-0.082249,0
CUST_004223,35.53,26.31,655.86,8,-9.22,210,0.97,33.77,0.84,0,0.740501,24.928164,-0.259499,0
CUST_006385,36.16,11.93,133.66,19,-24.23,9,0.11,28.67,0.82,1,0.329923,11.203688,-0.670077,1
CUST_004300,17.71,19.65,383.23,8,1.94,67,0.9,18.31,1.08,0,1.109543,19.502799,0.109543,0
CUST_003875,30.62,34.36,744.69,4,3.73,71,0.77,31.75,1.18,0,1.122142,21.673166,0.121816,0
CUST_000737,31.43,28.8,459.34,6,-2.63,45,0.95,33.65,0.89,0,0.916322,15.949306,-0.083678,0
CUST_006636,13.91,15.36,316.91,59,1.46,201,0.15,15.27,1.18,1,1.104242,20.632161,0.10496,1
CUST_000615,22.73,17.5,427.33,7,-5.24,158,0.9,24.79,0.88,0,0.769908,24.418857,-0.230532,0
CUST_001658,14.38,13.89,315.87,6,-0.49,65,0.88,15.09,0.91,0,0.965925,22.740821,-0.034075,0
CUST_007912,18.5,21.67,449.23,59,3.17,170,0.13,19.1,1.19,2,1.171351,20.730503,0.171351,1
CUST_009604,36.01,15.05,289.04,24,-20.96,8,0.26,33.65,1.11,1,0.417939,19.205316,-0.582061,1
CUST_000493,34.82,33.0,767.05,9,-1.82,29,0.71,34.84,1.06,0,0.947731,23.243939,-0.052269,0
CUST_004463,26.38,19.58,431.35,3,-6.8,226,0.94,26.75,0.84,0,0.742229,22.030133,-0.257771,0
CUST_003153,25.84,24.25,585.21,14,-1.58,158,0.89,24.06,0.95,0,0.938467,24.132371,-0.061146,0
CUST_007264,24.32,8.24,100.0,15,-16.08,10,0.4,23.35,0.85,0,0.338816,12.135922,-0.661184,1
CUST_005017,27.76,29.54,583.05,52,1.79,6,0.06,28.65,1.13,1,1.064121,19.737644,0.064481,1
CUST_003462,15.39,15.12,363.93,5,-0.27,77,0.9,15.03,0.87,0,0.982456,24.069444,-0.017544,0
CUST_005996,42.81,16.76,234.3,18,-26.04,139,0.06,34.01,0.98,2,0.391497,13.979714,-0.608269,1
CUST_004875,29.67,33.21,610.5,10,3.54,103,0.97,27.16,1.16,0,1.119312,18.383017,0.119312,0
CUST_004583,32.76,27.2,469.65,10,-5.56,202,0.96,31.94,0.91,0,0.830281,17.266544,-0.169719,0
CUST_001895,26.04,19.96,339.08,8,-6.08,66,0.93,28.34,0.83,0,0.766513,16.987976,-0.233487,0
CUST_004702,16.76,16.93,396.86,2,0.17,239,0.8,16.25,0.92,0,1.010143,23.441229,0.010143,0
CUST_005005,16.86,13.67,307.37,35,-3.19,7,0.25,16.28,0.82,2,0.810795,22.485004,-0.189205,1
CUST_009406,31.81,73.48,1421.29,25,41.67,6,0.01,33.83,0.97,1,2.309965,19.342542,1.309965,1
CUST_004155,18.71,20.41,423.26,15,1.7,15,1.0,20.79,1.02,0,1.090861,20.737874,0.090861,0
CUST_002578,28.94,29.91,728.56,10,0.97,34,0.76,32.13,1.2,0,1.033518,24.358409,0.033518,0
CUST_002730,34.94,28.51,678.67,8,-6.43,56,0.94,34.77,0.93,0,0.81597,23.80463,-0.18403,0
CUST_000034,19.62,16.22,303.45,7,-3.39,23,0.87,19.13,0.95,0,0.826707,18.708385,-0.172783,0
CUST_000510,21.95,20.31,442.04,3,-1.63,120,0.94,20.71,0.91,0,0.925285,21.764648,-0.07426,0
CUST_002407,21.38,23.21,490.93,4,1.84,216,0.43,20.5,0.99,0,1.085594,21.151659,0.086062,0
CUST_008707,32.81,62.03,1444.06,29,29.23,147,0.48,32.16,1.09,2,1.890582,23.280026,0.890887,1
CUST_002380,31.76,30.04,719.94,12,-1.71,81,0.98,32.68,1.0,0,0.945844,23.966045,-0.053841,0
CUST_006110,25.52,8.18,100.0,31,-17.33,192,0.02,21.05,0.8,0,0.320533,12.224939,-0.679075,1
CUST_005448,17.99,52.22,717.09,43,34.23,216,0.35,18.43,1.16,0,2.902724,13.732095,1.902724,1
CUST_000087,16.88,15.83,347.59,8,-1.04,80,0.96,18.36,1.09,0,0.937796,21.957675,-0.061611,0
CUST_004330,17.09,15.64,346.51,5,-1.44,44,0.4,16.05,0.86,0,0.915155,22.155371,-0.08426,0
CUST_004897,33.76,29.75,627.15,9,-4.01,234,0.77,32.34,0.98,0,0.88122,21.080672,-0.11878,0
CUST_004960,26.78,33.24,790.79,4,6.46,98,0.98,28.81,1.14,0,1.241225,23.790313,0.241225,0
CUST_000051,25.82,23.2,380.53,9,-2.62,158,0.78,26.66,0.97,0,0.898528,16.402155,-0.101472,0
CUST_001294,29.37,35.65,755.08,5,6.28,40,0.8,30.57,1.13,0,1.213824,21.180365,0.213824,0
CUST_008049,22.45,46.67,645.72,24,24.22,11,0.18,26.36,0.83,0,2.078842,13.835869,1.078842,1
CUST_007112,32.94,77.9,1388.52,32,44.96,7,0.1,34.38,0.95,3,2.364906,17.82439,1.364906,1
CUST_008863,16.72,16.26,390.65,27,-0.46,4,0.03,18.54,1.07,1,0.972488,24.025215,-0.027512,1
CUST_006659,19.09,38.38,719.42,27,19.29,122,0.23,20.16,0.8,1,2.010477,18.744659,1.010477,1
CUST_002564,20.68,23.69,559.06,4,3.0,184,0.9,22.55,1.03,0,1.145551,23.598987,0.145068,0
CUST_001089,28.72,24.07,413.72,6,-4.65,183,0.69,27.14,0.92,0,0.838092,17.188201,-0.161908,0
CUST_005202,22.1,19.34,421.36,53,-2.76,8,0.4,21.98,0.82,0,0.875113,21.78697,-0.124887,1
CUST_006455,18.65,35.32,614.51,37,16.66,5,0.03,17.09,0.99,0,1.893834,17.398358,0.893298,1
CUST_000707,27.24,25.62,450.62,7,-1.62,215,0.59,26.21,0.83,0,0.940529,17.588603,-0.059471,0
CUST_004119,16.56,22.13,520.13,2,5.57,205,0.96,18.36,1.16,0,1.336353,23.503389,0.336353,0
CUST_007172,22.58,11.34,261.39,24,-11.24,1,0.0,25.03,0.84,1,0.502214,23.050265,-0.497786,1
CUST_005630,23.47,47.09,651.16,21,23.62,2,0.08,24.79,0.8,2,2.006391,13.827989,1.006391,1
CUST_006132,18.61,43.3,597.81,28,24.69,1,0.4,18.89,0.93,2,2.326706,13.806236,1.326706,1
CUST_005344,37.08,13.26,175.56,21,-23.82,9,0.17,30.33,0.89,1,0.357605,13.239819,-0.642395,1
CUST_004987,25.29,29.42,691.99,5,4.13,91,0.94,25.46,1.06,0,1.163306,23.521074,0.163306,0
CUST_003090,13.96,11.66,255.51,8,-2.3,236,0.82,15.27,0.8,0,0.835244,21.913379,-0.164756,0
CUST_002761,30.92,28.46,447.73,7,-2.46,144,0.97,31.18,0.96,0,0.92044,15.731904,-0.07956,0
CUST_004887,24.08,20.15,364.92,10,-3.93,160,0.86,26.63,0.97,0,0.836794,18.110174,-0.163206,0
CUST_006454,23.16,58.49,1123.95,21,35.32,1,0.15,27.27,1.01,1,2.525475,19.216105,1.525043,1
CUST_001717,15.11,12.17,276.92,9,-2.94,204,0.96,16.64,0.84,0,0.805427,22.754314,-0.194573,0
CUST_004506,27.3,26.05,498.65,6,-1.25,178,1.0,29.28,1.05,0,0.954212,19.142035,-0.045788,0
CUST_007732,21.02,56.49,1057.74,26,35.48,11,0.05,23.06,1.08,0,2.687441,18.724376,1.687916,1
CUST_001343,29.27,24.65,523.7,7,-4.62,146,0.86,32.47,0.96,0,0.842159,21.245436,-0.157841,0
CUST_006067,23.43,57.97,888.76,17,34.53,9,0.37,27.55,0.99,2,2.474178,15.331378,1.473752,1
CUST_004906,16.35,20.19,449.69,5,3.84,120,0.55,16.66,1.2,1,1.234862,22.272907,0.234862,0
CUST_009262,25.23,27.49,675.36,33,2.26,173,0.48,25.31,1.07,0,1.089576,24.567479,0.089576,1
CUST_002603,21.76,19.89,456.17,7,-1.87,157,0.65,20.63,1.0,0,0.914062,22.934641,-0.085937,0
CUST_004088,33.73,36.63,661.61,7,2.9,47,0.99,32.5,0.96,0,1.085977,18.061971,0.085977,0
CUST_005128,23.37,20.95,353.53,28,-2.42,8,0.07,21.87,0.81,0,0.896448,16.87494,-0.103552,1
CUST_001290,32.01,29.98,610.64,7,-2.03,60,0.79,30.04,0.86,0,0.936582,20.368245,-0.063418,0
CUST_000195,23.16,26.87,520.9,5,3.71,130,0.94,22.92,1.07,0,1.16019,19.385932,0.16019,0
CUST_003198,15.33,12.77,288.31,6,-2.56,149,0.94,16.81,0.97,0,0.833007,22.577134,-0.166993,0
CUST_000889,20.74,18.55,322.87,7,-2.18,135,0.78,21.22,1.04,1,0.894407,17.405391,-0.105111,0
CUST_008814,21.99,57.81,1024.12,40,35.83,11,0.01,25.16,1.05,1,2.628922,17.715274,1.629377,1
CUST_009931,19.45,49.35,719.01,15,29.9,9,0.12,19.59,1.01,0,2.537275,14.569605,1.537275,1
CUST_007946,29.18,11.8,167.84,38,-17.38,3,0.05,28.75,1.01,0,0.404387,14.223729,-0.595613,1
CUST_004231,28.35,33.37,578.21,5,5.01,235,0.97,28.96,1.13,0,1.177072,17.32724,0.17672,0
CUST_003587,19.54,22.14,529.93,13,2.6,142,0.89,20.98,1.11,0,1.13306,23.935411,0.13306,0
CUST_002954,29.76,28.84,596.87,6,-0.92,177,0.89,30.65,0.91,0,0.969086,20.695908,-0.030914,0
CUST_000542,30.75,26.2,420.83,6,-4.55,91,1.0,28.73,0.81,0,0.852033,16.062214,-0.147967,0
CUST_008491,17.11,48.24,976.66,21,31.13,223,0.32,19.34,1.13,3,2.819404,20.245854,1.819404,1
CUST_004120,26.28,24.78,601.15,5,-1.5,95,0.55,24.78,0.92,0,0.942922,24.259483,-0.057078,0
CUST_006187,16.93,45.45,773.88,29,28.52,223,0.4,18.75,1.07,0,2.684584,17.027063,1.684584,1
CUST_008307,19.52,19.24,357.81,36,-0.28,187,0.15,19.13,0.99,2,0.985656,18.597193,-0.014344,1
CUST_009711,27.44,25.89,433.07,26,-1.55,11,0.23,28.08,0.88,0,0.943513,16.727308,-0.056487,1
CUST_004349,23.02,20.18,392.66,9,-2.85,73,0.88,24.07,0.97,0,0.876629,19.457879,-0.123805,0
CUST_005261,20.83,57.68,955.04,28,36.84,11,0.34,21.53,1.11,0,2.769083,16.557559,1.768603,1
CUST_004527,32.12,36.07,851.64,6,3.95,189,0.96,33.3,1.13,0,1.122976,23.610757,0.122976,0
CUST_001918,29.73,21.95,435.57,8,-7.77,113,0.87,27.5,0.87,0,0.738311,19.843736,-0.261352,0
CUST_004453,25.18,29.38,497.79,10,4.2,171,0.98,24.54,1.18,0,1.166799,16.943159,0.166799,0
CUST_001833,17.49,16.74,360.57,10,-0.76,135,0.91,16.07,0.87,0,0.957118,21.539427,-0.043453,0
CUST_003235,35.22,34.76,714.49,7,-0.46,223,0.91,33.1,1.06,0,0.986939,20.554948,-0.013061,0
CUST_007262,17.06,5.55,100.0,28,-11.51,6,0.25,16.26,0.81,1,0.325322,18.018018,-0.674678,1
CUST_004165,29.99,28.19,543.0,13,-1.79,203,0.84,30.75,1.04,0,0.93998,19.26215,-0.059687,0
CUST_000845,14.34,15.58,361.05,5,1.23,197,0.86,15.21,1.07,0,1.086471,23.173941,0.085774,0
CUST_009169,16.11,38.66,773.55,26,22.55,162,0.29,18.56,0.96,0,2.399752,20.009053,1.399752,1
CUST_008540,16.39,42.42,833.17,29,26.03,9,0.33,17.71,1.04,1,2.588164,19.640971,1.588164,1
CUST_005546,21.43,58.46,1070.98,29,37.03,239,0.06,26.16,1.09,1,2.727951,18.319877,1.727951,1
CUST_006177,29.72,61.11,943.9,43,31.38,3,0.12,32.36,0.82,0,2.056191,15.445917,1.055855,1
CUST_005491,29.51,77.69,1080.34,43,48.18,1,0.08,30.31,1.05,0,2.632667,13.905779,1.632667,1
CUST_000742,30.84,37.02,760.78,8,6.18,90,0.96,28.59,1.06,0,1.200389,20.550513,0.200389,0
CUST_006242,25.53,11.4,192.46,37,-14.13,4,0.4,20.09,1.12,2,0.446533,16.882456,-0.553467,1
CUST_004086,19.7,16.21,307.71,2,-3.48,144,0.84,18.34,0.88,0,0.822843,18.982727,-0.17665,0
CUST_008673,15.43,14.61,245.95,36,-0.83,217,0.03,17.03,0.99,1,0.946857,16.83436,-0.053791,1
CUST_001522,25.61,29.24,582.67,6,3.63,171,0.94,23.91,1.07,0,1.141742,19.927155,0.141742,0
CUST_003554,36.25,36.43,591.4,4,0.17,155,0.99,34.38,0.99,0,1.004966,16.233873,0.00469,0
CUST_001094,23.75,28.25,617.52,6,4.49,17,0.78,22.42,1.1,0,1.189474,21.859115,0.189053,0
CUST_008010,16.93,17.09,413.89,46,0.16,2,0.12,15.56,1.01,1,1.009451,24.218256,0.009451,1
CUST_003067,28.92,33.19,511.06,3,4.27,123,0.87,28.26,1.04,0,1.147649,15.398011,0.147649,0
CUST_002251,34.45,40.89,724.49,3,6.44,89,0.97,31.76,1.15,0,1.186938,17.718024,0.186938,0
CUST_004616,14.55,18.35,275.62,4,3.79,128,0.99,15.33,1.2,0,1.261168,15.020163,0.260481,0
CUST_006254,16.89,47.48,1027.21,44,30.59,5,0.16,19.63,1.12,1,2.811131,21.634583,1.811131,1
CUST_007192,29.3,66.2,1408.38,18,36.9,4,0.04,30.43,0.9,0,2.259386,21.274622,1.259386,1
CUST_009256,17.69,16.38,275.97,38,-1.31,4,0.22,18.57,0.88,0,0.925947,16.847985,-0.074053,1
CUST_004330,17.09,15.64,346.51,5,-1.44,44,0.4,16.05,0.86,0,0.915155,22.155371,-0.08426,0
CUST_007021,27.87,64.08,1072.47,18,36.21,168,0.03,25.61,1.08,1,2.299247,16.736423,1.299247,1
CUST_004705,31.05,30.97,575.25,8,-0.09,18,0.68,32.98,1.07,0,0.997424,18.574427,-0.002899,0
CUST_005565,28.79,12.95,177.63,20,-15.84,8,0.13,25.38,1.12,1,0.449809,13.716602,-0.550191,1
CUST_007654,35.08,16.44,263.65,29,-18.64,9,0.27,34.27,1.17,3,0.468643,16.037105,-0.531357,1
CUST_001036,22.34,24.47,478.45,7,2.14,59,0.95,24.33,1.2,0,1.095345,19.552513,0.095792,0
CUST_007994,17.98,8.14,114.46,39,-9.85,236,0.26,15.57,1.13,0,0.452725,14.061425,-0.547831,1
CUST_006217,30.6,14.05,212.29,41,-16.55,2,0.17,27.36,1.15,2,0.45915,15.109609,-0.54085,1
CUST_001996,31.76,28.51,608.47,11,-3.25,54,0.85,33.02,1.0,0,0.89767,21.342336,-0.10233,0
CUST_003201,28.55,30.23,740.35,7,1.69,73,0.78,29.35,1.01,0,1.058844,24.490572,0.059194,0
CUST_009060,24.28,24.87,597.17,43,0.58,9,0.33,23.05,1.01,1,1.0243,24.011661,0.023888,1
CUST_007385,15.29,23.89,525.01,24,8.6,3,0.08,15.42,0.99,2,1.562459,21.976141,0.562459,1
CUST_005079,14.76,37.52,784.22,18,22.76,1,0.17,17.92,1.02,0,2.542005,20.901386,1.542005,1
CUST_003677,21.6,17.34,347.63,6,-4.26,128,0.98,20.26,0.84,0,0.802778,20.047866,-0.197222,0
CUST_006692,22.27,23.06,440.61,36,0.78,5,0.05,24.07,1.03,3,1.035474,19.107112,0.035025,1
CUST_002919,14.76,15.0,302.48,9,0.24,54,0.87,15.26,1.1,0,1.01626,20.165333,0.01626,0
CUST_007976,28.24,69.04,1170.3,36,40.81,10,0.23,30.57,0.98,0,2.444759,16.951043,1.445113,1
CUST_004269,18.44,17.86,430.74,10,-0.58,139,0.76,16.87,1.02,0,0.968547,24.117581,-0.031453,0
CUST_003142,23.12,21.74,540.84,9,-1.37,177,0.97,21.73,0.91,0,0.940311,24.877645,-0.059256,0
CUST_004955,31.47,37.67,733.49,5,6.2,186,0.58,32.54,1.14,0,1.197013,19.471463,0.197013,0
CUST_008925,28.62,61.82,1314.29,20,33.2,9,0.04,31.46,0.91,3,2.160028,21.259948,1.160028,1
CUST_004769,30.51,31.93,733.65,11,1.42,100,0.79,32.81,0.91,0,1.046542,22.976824,0.046542,0
CUST_009054,30.38,28.97,630.98,52,-1.42,7,0.25,31.28,0.99,2,0.953588,21.780463,-0.046741,1
CUST_000668,34.93,33.56,712.56,10,-1.38,128,0.83,34.48,0.98,0,0.960779,21.23242,-0.039508,0
CUST_009369,32.98,84.43,1177.2,27,51.45,1,0.07,34.68,1.02,3,2.560036,13.942911,1.560036,1
CUST_000577,19.14,20.25,330.38,8,1.11,49,0.99,18.13,1.1,0,1.057994,16.315062,0.057994,0
CUST_003470,29.36,31.56,526.08,7,2.2,137,0.95,31.86,1.16,0,1.074932,16.669202,0.074932,0
CUST_004320,31.22,31.95,659.0,7,0.73,202,0.95,29.1,1.02,0,1.023382,20.625978,0.023382,0
CUST_008182,36.16,16.37,230.43,42,-19.79,127,0.15,33.04,1.13,1,0.45271,14.076359,-0.54729,1
CUST_009274,28.33,79.01,1428.59,43,50.68,3,0.18,30.14,1.12,2,2.788916,18.081129,1.788916,1
CUST_000069,19.11,17.4,341.75,8,-1.72,142,0.82,18.71,0.98,0,0.910518,19.640805,-0.090005,0
CUST_004463,26.38,19.58,431.35,3,-6.8,226,0.94,26.75,0.84,0,0.742229,22.030133,-0.257771,0
CUST_001956,19.24,16.04,295.53,6,-3.2,35,0.93,19.64,0.89,0,0.83368,18.424564,-0.16632,0
CUST_003950,18.25,17.61,409.06,9,-0.63,235,0.69,17.49,1.11,0,0.964932,23.228847,-0.034521,0
CUST_008042,40.22,15.52,229.06,39,-24.7,134,0.04,32.47,0.96,1,0.385878,14.759021,-0.614122,1
CUST_003318,24.45,20.59,500.47,6,-3.86,128,0.89,22.67,0.94,0,0.842127,24.306459,-0.157873,0
CUST_008660,20.71,16.99,285.72,45,-3.72,9,0.07,19.15,0.86,1,0.820377,16.816951,-0.179623,1
CUST_005757,25.27,53.78,1271.24,29,28.52,11,0.29,25.21,0.94,1,2.128215,23.637784,1.128611,1
CUST_001717,15.11,12.17,276.92,9,-2.94,204,0.96,16.64,0.84,0,0.805427,22.754314,-0.194573,0
CUST_000766,24.58,17.71,328.54,14,-6.88,172,0.74,24.63,0.82,0,0.720504,18.551101,-0.279902,0
CUST_003641,33.27,45.37,738.69,2,12.1,62,0.72,32.76,1.19,0,1.363691,16.281464,0.363691,0
CUST_000665,25.89,31.5,777.24,6,5.61,124,0.93,28.58,1.15,0,1.216686,24.674286,0.216686,0
CUST_001815,18.29,18.95,285.16,4,0.66,111,0.98,16.9,1.05,0,1.036085,15.048021,0.036085,0
CUST_001532,23.79,18.56,427.81,2,-5.23,184,0.82,22.44,0.82,0,0.78016,23.050108,-0.21984,0
CUST_003799,18.01,19.27,305.33,10,1.26,81,0.99,16.89,0.93,0,1.069961,15.844837,0.069961,0
CUST_006714,26.25,77.84,1155.68,28,51.59,7,0.2,31.63,1.19,2,2.965333,14.846865,1.965333,1
CUST_002241,18.32,15.61,347.14,6,-2.71,45,0.48,18.8,0.81,0,0.852074,22.238309,-0.147926,0
CUST_007617,33.39,15.37,251.96,27,-18.02,1,0.35,33.12,1.15,3,0.460317,16.392973,-0.539683,1
CUST_002656,21.49,25.55,612.14,6,4.06,111,0.98,22.84,1.05,0,1.188925,23.958513,0.188925,0
CUST_000193,30.91,36.89,638.47,7,5.98,129,0.48,28.71,1.16,0,1.193465,17.3074,0.193465,0
CUST_004293,29.54,28.43,490.57,6,-1.11,91,0.94,31.24,1.02,0,0.962424,17.255364,-0.037576,0
CUST_000799,35.38,36.06,829.85,12,0.69,132,0.86,32.77,1.12,0,1.01922,23.013034,0.019503,0
CUST_001261,22.23,22.57,347.13,4,0.33,229,1.0,24.2,0.92,0,1.015295,15.380151,0.014845,0
CUST_000903,36.03,36.82,797.0,10,0.79,156,0.66,34.06,0.9,0,1.021926,21.645845,0.021926,0
CUST_002411,20.6,23.42,396.45,6,2.82,93,0.57,19.32,1.17,0,1.136893,16.927839,0.136893,0
CUST_007630,30.03,12.5,133.98,33,-17.53,3,0.27,26.5,1.04,1,0.41625,10.7184,-0.58375,1
CUST_009174,14.77,32.04,675.82,34,17.27,3,0.4,16.48,0.87,1,2.169262,21.093009,1.169262,1
CUST_003656,24.22,28.54,480.97,3,4.32,61,0.97,22.16,1.13,0,1.178365,16.852488,0.178365,0
CUST_000579,23.98,24.43,577.69,5,0.45,35,0.64,23.47,1.05,0,1.018766,23.646746,0.018766,0
CUST_009000,28.23,12.19,169.34,24,-16.04,195,0.06,23.34,1.08,0,0.43181,13.891715,-0.56819,1
CUST_006084,31.14,27.64,544.9,28,-3.49,193,0.1,29.86,0.86,3,0.887604,19.714182,-0.112075,1
CUST_003789,26.65,30.43,642.48,7,3.78,102,0.93,26.22,1.12,0,1.141839,21.113375,0.141839,0
CUST_007837,21.4,10.02,220.77,15,-11.39,159,0.09,20.41,1.09,2,0.468224,22.032934,-0.532243,1
CUST_007085,26.45,74.34,1178.09,30,47.89,164,0.11,26.96,1.12,1,2.810586,15.847323,1.810586,1
CUST_008029,14.84,33.32,675.04,23,18.47,223,0.0,16.5,0.9,1,2.245283,20.259304,1.244609,1
CUST_003014,34.06,39.63,903.04,5,5.57,80,0.89,31.69,1.04,0,1.163535,22.786778,0.163535,0
CUST_009925,19.83,46.91,946.25,42,27.08,4,0.46,21.73,0.95,1,2.365608,20.171605,1.365608,1
CUST_004096,22.68,17.72,366.43,8,-4.96,70,0.84,21.63,0.86,0,0.781305,20.678894,-0.218695,0
CUST_003651,32.57,30.48,646.71,7,-2.08,151,0.91,33.37,0.98,0,0.935831,21.21752,-0.063862,0
CUST_000497,17.22,21.02,403.79,4,3.8,158,0.8,17.21,1.14,0,1.220674,19.2098,0.220674,0
CUST_000604,14.61,14.78,334.54,8,0.17,191,0.98,15.77,0.96,0,1.011636,22.634641,0.011636,0
CUST_008452,18.37,21.45,438.08,57,3.08,190,0.03,18.33,1.19,0,1.167665,20.42331,0.167665,1
CUST_002538,20.88,22.46,362.21,8,1.58,32,0.54,19.95,1.04,0,1.07567,16.126892,0.07567,0
CUST_008650,18.99,33.52,504.03,36,14.53,8,0.31,18.7,0.94,1,1.76514,15.036695,0.76514,1
CUST_000072,27.57,31.31,606.96,8,3.74,145,0.41,26.9,1.05,0,1.135655,19.3855,0.135655,0
CUST_004989,26.39,26.92,668.34,8,0.53,227,0.75,25.46,0.97,0,1.020083,24.826895,0.020083,0
CUST_005719,19.44,8.58,116.03,28,-10.85,194,0.16,15.04,1.1,1,0.441358,13.52331,-0.558128,1
CUST_000915,31.63,31.28,742.48,7,-0.35,182,0.78,31.92,0.96,0,0.988935,23.736573,-0.011065,0
CUST_003634,25.34,26.33,580.63,9,0.99,174,0.79,27.1,1.12,0,1.039069,22.052032,0.039069,0
CUST_007111,33.12,15.16,260.63,18,-17.96,8,0.17,29.72,1.14,1,0.457729,17.191953,-0.542271,1
CUST_001803,26.47,30.5,553.31,13,4.03,137,0.86,25.23,1.19,0,1.152248,18.141311,0.152248,0
CUST_001815,18.29,18.95,285.16,4,0.66,111,0.98,16.9,1.05,0,1.036085,15.048021,0.036085,0
CUST_000552,19.68,16.13,242.44,7,-3.55,119,0.67,19.24,0.81,0,0.819614,15.030378,-0.180386,0
CUST_003055,25.74,27.26,519.25,11,1.52,69,0.69,27.22,1.12,1,1.059052,19.048056,0.059052,0
CUST_001300,25.55,30.74,513.56,9,5.19,200,0.66,26.92,1.18,0,1.203131,16.706571,0.203131,0
CUST_000525,16.43,18.42,304.18,3,2.0,129,0.66,17.97,0.98,0,1.12112,16.513572,0.121729,0
CUST_007660,33.42,12.35,133.03,40,-21.07,183,0.05,28.96,0.92,3,0.369539,10.77166,-0.630461,1
CUST_001377,25.9,28.43,507.06,8,2.53,21,0.95,23.55,0.99,0,1.097683,17.835385,0.097683,0
CUST_008114,26.72,72.91,1225.06,42,46.19,7,0.41,31.11,1.09,2,2.728668,16.802359,1.728668,1
CUST_003644,18.08,18.05,347.76,5,-0.03,65,0.99,17.38,1.14,0,0.998341,19.266482,-0.001659,0
CUST_003193,23.83,20.74,350.4,9,-3.09,96,0.96,22.07,0.9,0,0.870332,16.894889,-0.129668,0
CUST_006401,19.86,11.29,249.29,31,-8.57,172,0.12,18.86,1.12,0,0.568479,22.080602,-0.431521,1
CUST_004551,29.02,32.95,675.42,3,3.93,16,0.77,31.83,1.12,0,1.135424,20.498331,0.135424,0
CUST_004904,30.06,29.98,553.83,8,-0.09,184,0.95,32.84,0.95,0,0.997339,18.473316,-0.002994,0
CUST_007028,22.66,18.79,379.5,37,-3.87,216,0.28,22.67,0.91,1,0.829214,20.196913,-0.170786,1
CUST_001886,15.3,13.1,297.04,11,-2.2,50,0.82,15.13,0.8,0,0.856209,22.674809,-0.143791,0
CUST_001884,20.78,17.2,411.69,11,-3.58,169,0.93,19.84,0.88,0,0.827719,23.935465,-0.172281,0
CUST_009247,20.57,18.85,400.89,45,-1.72,2,0.02,19.36,0.9,0,0.916383,21.267374,-0.083617,1
CUST_002667,20.79,21.57,488.12,8,0.79,109,1.0,20.32,0.9,0,1.037518,22.629578,0.037999,0
CUST_001735,20.57,25.1,416.44,9,4.54,102,0.84,21.05,1.07,0,1.220224,16.591235,0.22071,0
CUST_001714,31.63,39.08,953.36,7,7.45,187,0.71,30.3,1.12,1,1.235536,24.395087,0.235536,0
CUST_005441,23.41,54.37,827.01,34,30.97,10,0.38,28.73,0.93,1,2.322512,15.210778,1.322939,1
CUST_002167,23.52,16.75,406.61,9,-6.77,31,0.88,23.25,0.81,1,0.71216,24.275224,-0.28784,0
CUST_006418,18.76,7.28,106.27,24,-11.48,225,0.24,18.42,0.97,1,0.38806,14.597527,-0.61194,1
CUST_000799,35.38,36.06,829.85,12,0.69,132,0.86,32.77,1.12,0,1.01922,23.013034,0.019503,0
CUST_006562,36.43,38.51,801.31,39,2.08,6,0.04,34.43,1.0,1,1.057096,20.807842,0.057096,1
CUST_002723,35.64,29.69,538.9,11,-5.95,97,0.85,32.46,0.81,0,0.833053,18.150893,-0.166947,0
CUST_009166,30.09,81.02,1298.41,18,50.94,4,0.28,33.29,1.08,0,2.692589,16.025796,1.692921,1
CUST_001014,21.12,15.97,363.21,8,-5.15,87,0.93,20.65,0.87,0,0.756155,22.743269,-0.243845,0
CUST_000055,17.56,17.94,442.71,5,0.38,120,0.88,18.09,1.05,0,1.02164,24.677258,0.02164,0
CUST_003818,20.93,15.58,319.84,6,-5.35,81,0.57,19.04,0.86,0,0.744386,20.528883,-0.255614,0
CUST_003829,35.2,40.0,908.54,5,4.79,71,0.64,33.46,1.07,0,1.136364,22.7135,0.13608,0
CUST_000847,25.26,24.66,522.7,5,-0.6,21,0.43,23.13,1.15,0,0.976247,21.196269,-0.023753,0
CUST_000287,18.35,13.34,313.62,7,-5.01,16,0.94,18.29,0.83,0,0.726975,23.509745,-0.273025,0
CUST_000051,25.82,23.2,380.53,9,-2.62,158,0.78,26.66,0.97,0,0.898528,16.402155,-0.101472,0
CUST_006239,23.18,55.05,1189.34,22,31.87,143,0.02,27.62,0.95,0,2.374892,21.604723,1.374892,1
CUST_009408,21.39,57.38,922.63,33,36.0,133,0.02,25.91,1.07,1,2.682562,16.079296,1.683029,1
CUST_007181,21.34,51.84,806.39,36,30.49,204,0.29,26.37,0.97,2,2.429241,15.555363,1.428772,1
CUST_004399,30.19,32.84,691.36,6,2.65,32,0.9,30.63,1.05,0,1.087777,21.052375,0.087777,0
CUST_005537,14.69,11.51,286.52,48,-3.19,11,0.24,16.14,0.82,2,0.783526,24.893136,-0.217155,1
CUST_009308,23.18,9.67,113.8,26,-13.51,10,0.21,18.06,1.04,0,0.41717,11.768356,-0.58283,1
CUST_006191,27.58,12.08,161.1,33,-15.5,2,0.42,25.02,1.09,3,0.437999,13.336093,-0.562001,1
CUST_006868,17.86,20.62,480.86,58,2.76,146,0.12,16.49,1.18,1,1.154535,23.320078,0.154535,1
CUST_002389,34.2,41.43,879.04,8,7.22,46,0.92,34.86,1.11,0,1.211404,21.217475,0.211111,0
CUST_002478,24.61,20.3,460.46,4,-4.31,47,0.88,24.65,0.96,0,0.824868,22.682759,-0.175132,0
CUST_008780,17.68,36.6,744.6,17,18.92,8,0.12,20.49,0.83,3,2.070136,20.344262,1.070136,1
CUST_009766,24.44,72.34,1090.43,20,47.9,9,0.81,25.81,1.18,0,2.959902,15.07368,1.959902,1
CUST_004503,18.38,25.02,574.68,7,6.63,170,0.53,17.1,1.2,0,1.361262,22.968825,0.360718,0
CUST_006651,22.3,51.16,839.27,42,28.86,2,0.0,23.73,1.12,1,2.29417,16.404808,1.29417,1
CUST_001819,21.01,19.77,299.42,9,-1.24,219,0.94,20.94,0.86,0,0.94098,15.145169,-0.05902,0
CUST_008588,13.07,34.35,615.67,17,21.28,136,0.47,16.09,1.05,0,2.628156,17.923435,1.628156,1
CUST_004759,29.97,31.69,724.43,4,1.72,116,0.64,29.12,1.05,0,1.057391,22.859893,0.057391,0
CUST_005085,31.16,35.28,872.59,46,4.12,1,0.08,30.23,1.15,3,1.132221,24.733277,0.132221,1
CUST_000765,28.2,28.08,560.09,5,-0.12,235,0.95,27.77,0.95,0,0.995745,19.946225,-0.004255,0
CUST_004108,24.17,20.5,436.27,2,-3.68,63,0.74,23.08,0.96,0,0.848159,21.281463,-0.152255,0
CUST_008193,37.69,17.55,285.14,39,-20.15,11,0.02,34.94,1.16,3,0.465641,16.247293,-0.534625,1
CUST_000800,22.83,27.52,422.66,15,4.69,61,0.74,21.58,1.15,0,1.205431,15.358285,0.205431,0
CUST_000868,30.61,29.65,524.89,11,-0.95,153,0.68,29.17,1.06,0,0.968638,17.702867,-0.031036,0
CUST_006958,21.26,60.17,1282.63,28,38.91,7,0.21,22.22,1.13,1,2.830198,21.316769,1.830198,1
CUST_001457,25.85,29.71,710.61,1,3.85,76,0.88,23.79,1.19,0,1.149323,23.918209,0.148936,0
CUST_002974,25.18,20.75,511.4,9,-4.43,157,0.64,25.66,0.9,0,0.824067,24.645783,-0.175933,0
CUST_002510,17.24,14.9,284.37,10,-2.34,125,0.99,15.92,0.87,0,0.864269,19.085235,-0.135731,0
CUST_001407,16.15,14.29,249.93,6,-1.85,37,0.96,15.45,0.86,0,0.88483,17.489853,-0.114551,0
CUST_001696,22.78,26.72,656.16,7,3.94,215,0.92,21.72,1.16,0,1.172959,24.556886,0.172959,0
CUST_006784,35.1,15.16,226.03,34,-19.94,3,0.01,34.24,1.08,3,0.431909,14.909631,-0.568091,1
CUST_002263,25.23,32.57,711.65,4,7.34,117,0.79,27.6,1.14,0,1.290924,21.849862,0.290924,0
CUST_000842,27.02,26.23,400.59,6,-0.79,69,0.73,27.19,0.88,0,0.970762,15.272207,-0.029238,0
CUST_005805,26.43,10.83,161.62,35,-15.6,230,0.35,22.82,1.02,2,0.409762,14.923361,-0.590238,1
CUST_000882,20.16,27.05,529.71,4,6.89,55,0.96,21.53,1.17,0,1.341766,19.582625,0.341766,0
CUST_000931,24.85,23.73,485.43,8,-1.12,162,0.61,27.41,1.11,0,0.95493,20.456384,-0.04507,0
CUST_009045,21.14,62.72,1190.57,40,41.58,121,0.33,22.04,1.19,0,2.966887,18.982302,1.966887,1
CUST_009957,21.6,47.49,800.26,37,25.89,139,0.07,22.05,0.88,0,2.198611,16.851127,1.198611,1
CUST_002010,19.72,17.85,367.47,1,-1.88,79,0.57,18.68,0.82,1,0.905172,20.586555,-0.095335,0
CUST_002053,22.33,20.56,426.87,10,-1.77,227,0.97,21.75,0.91,0,0.920734,20.76216,-0.079266,0
CUST_007269,28.93,12.76,152.37,42,-16.17,10,0.26,25.23,1.1,0,0.441065,11.941223,-0.558935,1
CUST_005330,16.85,39.82,811.76,41,22.96,139,0.15,18.21,0.81,2,2.363205,20.385736,1.362611,1
CUST_001944,14.37,15.7,327.38,4,1.33,224,0.97,15.17,1.01,0,1.092554,20.852229,0.092554,0
CUST_005979,19.69,40.05,655.72,29,20.36,185,0.0,21.3,0.81,3,2.034027,16.372534,1.034027,1
CUST_000379,15.6,13.46,294.49,8,-2.15,181,0.77,15.3,0.93,0,0.862821,21.8789,-0.137821,0
CUST_002868,23.87,25.29,544.48,8,1.42,70,0.87,25.68,0.95,0,1.059489,21.529458,0.059489,0
CUST_007461,31.58,62.8,1447.37,38,31.22,2,0.02,30.1,0.83,0,1.9886,23.047293,0.9886,1
CUST_009853,17.27,20.62,494.95,52,3.35,11,0.11,15.92,1.17,1,1.193978,24.003395,0.193978,1
CUST_006518,20.96,51.68,1132.29,31,30.72,224,0.03,24.9,0.99,0,2.465649,21.909636,1.465649,1
CUST_009800,31.16,71.17,1209.61,18,40.01,8,0.07,34.45,1.2,2,2.284018,16.996066,1.284018,1
CUST_005504,25.16,30.52,632.08,39,5.36,8,0.01,25.68,1.18,1,1.213037,20.710354,0.213037,1
CUST_005214,24.64,10.34,125.77,28,-14.3,1,0.05,23.56,1.05,0,0.419643,12.163443,-0.580357,1
CUST_003922,20.94,18.29,321.2,10,-2.65,33,0.93,22.83,0.92,0,0.873448,17.561509,-0.126552,0
CUST_007760,23.51,10.92,175.69,44,-12.59,181,0.21,20.68,1.16,1,0.464483,16.088828,-0.535517,1
CUST_005349,26.42,65.2,1259.22,32,38.78,1,0.17,31.25,0.99,0,2.467827,19.31319,1.467827,1
CUST_004977,20.02,22.38,349.76,5,2.36,180,0.89,18.87,0.97,0,1.117882,15.628239,0.117882,0
CUST_000112,16.37,16.09,393.71,8,-0.28,18,0.72,16.73,0.89,1,0.982896,24.469236,-0.017104,0
CUST_007739,25.08,40.75,881.6,32,15.67,200,0.38,24.07,0.99,0,1.624801,21.634356,0.624801,1
CUST_009366,33.21,13.2,149.36,38,-20.01,208,0.15,28.8,0.99,1,0.397471,11.315152,-0.602529,1
CUST_003807,35.37,35.23,683.37,15,-0.14,83,0.4,33.35,1.13,1,0.996042,19.397389,-0.003958,0
CUST_000266,31.33,26.88,623.24,2,-4.46,18,0.98,30.09,0.9,0,0.857964,23.186012,-0.142356,0
CUST_001291,25.65,28.02,603.38,4,2.37,88,0.85,25.73,1.02,0,1.092398,21.533904,0.092398,0
CUST_007342,18.26,6.77,100.0,25,-11.49,10,0.17,17.46,0.93,2,0.370756,14.771049,-0.629244,1
CUST_007011,20.63,9.58,105.33,26,-11.06,8,0.43,17.86,1.16,1,0.464372,10.994781,-0.536112,1
CUST_002265,32.38,43.14,748.83,5,10.76,172,0.93,32.56,1.17,0,1.332304,17.358136,0.332304,0
CUST_001572,34.25,28.28,430.71,4,-5.97,98,0.69,31.15,0.85,0,0.825693,15.230198,-0.174307,0
CUST_000424,21.91,26.37,658.66,5,4.46,56,0.95,23.35,1.09,0,1.20356,24.977626,0.20356,0
CUST_003833,23.25,22.72,493.31,3,-0.53,113,0.87,22.35,1.03,0,0.977204,21.712588,-0.022796,0
CUST_003931,33.07,27.34,619.03,5,-5.74,79,0.94,33.55,0.94,0,0.826731,22.641917,-0.173571,0
CUST_001907,24.7,20.61,468.54,4,-4.09,175,0.93,26.72,0.92,0,0.834413,22.733624,-0.165587,0
CUST_004412,30.59,26.39,464.97,7,-4.2,156,0.98,33.33,0.95,0,0.8627,17.619174,-0.1373,0
CUST_009576,34.65,14.15,240.68,23,-20.5,229,0.33,29.09,1.02,1,0.408369,17.009187,-0.591631,1
CUST_005513,20.98,9.63,135.95,38,-11.35,2,0.17,16.44,1.15,1,0.459009,14.117342,-0.540991,1
CUST_009937,43.23,14.16,211.74,18,-29.08,157,0.08,33.31,0.82,1,0.32755,14.95339,-0.672681,1
CUST_003459,30.64,35.2,624.48,5,4.56,188,1.0,29.06,1.02,0,1.148825,17.740909,0.148825,0
CUST_007437,28.98,70.33,1167.19,25,41.35,6,0.03,33.61,0.97,2,2.426846,16.595905,1.426846,1
CUST_005645,23.51,8.24,134.93,23,-15.26,198,0.13,20.75,0.88,1,0.350489,16.375,-0.649085,1
CUST_000019,15.26,12.82,240.24,5,-2.45,97,0.98,15.29,0.85,0,0.840105,18.73947,-0.16055,0
CUST_000028,27.38,28.71,538.7,6,1.33,202,0.71,25.72,0.92,0,1.048576,18.763497,0.048576,0
CUST_006789,18.77,43.78,961.43,20,25.01,9,0.13,21.48,0.93,0,2.332445,21.960484,1.332445,1
CUST_003764,30.11,34.54,610.92,7,4.43,105,0.96,30.18,1.14,0,1.147127,17.687319,0.147127,0
CUST_004840,23.73,23.86,515.45,9,0.14,21,0.91,24.2,0.91,0,1.005478,21.603101,0.0059,0
CUST_006461,25.98,76.83,1597.79,29,50.84,5,0.33,30.08,1.18,1,2.957275,20.796434,1.95689,1
CUST_000050,34.76,40.48,950.56,6,5.72,78,0.88,32.75,1.02,0,1.164557,23.482213,0.164557,0
CUST_004788,24.11,30.29,619.8,5,6.18,126,0.58,25.98,1.14,0,1.256325,20.462199,0.256325,0
CUST_002329,37.01,38.87,880.35,4,1.86,210,0.94,34.17,1.13,0,1.050257,22.648572,0.050257,0
CUST_002479,34.0,42.96,1047.23,8,8.96,18,0.88,32.17,1.14,0,1.263529,24.376862,0.263529,0
CUST_006916,16.61,43.57,676.5,22,26.96,1,0.13,17.89,1.05,1,2.623119,15.526739,1.623119,1
CUST_007276,30.98,77.25,1659.41,33,46.28,4,0.06,31.63,1.12,0,2.493544,21.481036,1.493867,1
CUST_001270,34.23,42.01,913.19,9,7.78,96,1.0,34.24,1.13,0,1.227286,21.737443,0.227286,0
CUST_000750,16.65,17.59,330.02,7,0.94,106,0.83,15.16,1.05,0,1.056456,18.761796,0.056456,0
CUST_002867,17.26,16.77,274.03,7,-0.49,36,0.84,16.96,1.1,0,0.971611,16.340489,-0.028389,0
CUST_009469,36.99,15.2,178.01,21,-21.79,8,0.01,33.83,1.03,1,0.410922,11.711184,-0.589078,1
CUST_002325,23.84,26.23,567.06,11,2.39,111,0.75,24.69,1.06,0,1.100252,21.618757,0.100252,0
CUST_001810,28.84,31.26,665.09,5,2.42,232,0.91,28.77,1.03,0,1.083911,21.276072,0.083911,0
CUST_008134,33.66,40.7,756.2,26,7.04,5,0.03,34.8,1.1,2,1.20915,18.579853,0.20915,1
CUST_001328,32.23,28.26,486.44,7,-3.97,64,0.87,31.44,0.93,0,0.876823,17.213022,-0.123177,0
CUST_001911,20.77,17.04,303.67,7,-3.73,201,0.61,19.44,0.95,0,0.820414,17.821009,-0.179586,0
CUST_005970,21.0,49.16,1144.15,38,28.16,153,0.41,20.73,0.9,1,2.340952,23.274003,1.340952,1
CUST_002754,24.16,23.13,389.54,7,-1.03,115,0.84,23.68,0.92,0,0.957368,16.841332,-0.042632,0
CUST_009754,27.19,60.36,1046.78,15,33.16,188,0.26,27.74,0.89,0,2.219934,17.34228,1.219566,1
CUST_001538,20.73,19.32,348.52,8,-1.41,216,0.85,19.25,1.04,0,0.931983,18.039337,-0.068017,0
CUST_002121,31.44,24.56,580.71,2,-6.89,62,0.91,32.62,0.87,0,0.78117,23.644544,-0.219148,0
CUST_000795,19.32,24.02,393.73,8,4.7,98,0.87,18.33,1.13,0,1.243271,16.391757,0.243271,0
CUST_003711,15.32,11.93,210.95,9,-3.39,122,0.66,16.26,0.85,0,0.778721,17.682313,-0.221279,0
CUST_003967,28.22,24.3,513.0,5,-3.92,46,0.71,25.69,0.97,0,0.861091,21.111111,-0.138909,0
CUST_004053,18.19,17.22,345.16,8,-0.97,40,0.87,17.12,0.94,0,0.946674,20.044135,-0.053326,0
CUST_001754,15.8,13.95,214.26,5,-1.85,205,0.88,16.73,0.81,0,0.882911,15.35914,-0.117089,0
CUST_008993,28.6,30.83,528.31,26,2.23,1,0.16,28.96,1.06,1,1.077972,17.136231,0.077972,1
CUST_005980,28.38,13.7,334.84,19,-14.68,154,0.05,27.9,1.06,2,0.482734,24.440876,-0.517266,1
CUST_002273,25.37,23.87,390.15,8,-1.5,177,0.93,25.76,1.09,0,0.940875,16.344784,-0.059125,0
CUST_007580,14.49,37.38,660.67,44,22.89,6,0.26,16.43,1.03,2,2.57971,17.674425,1.57971,1
CUST_001704,19.7,18.02,360.47,5,-1.68,140,0.92,19.17,1.03,0,0.914721,20.003885,-0.085279,0
CUST_004800,31.47,36.04,803.2,4,4.57,52,0.78,33.24,1.19,0,1.145218,22.286349,0.145218,0
CUST_004848,15.97,16.06,358.79,4,0.09,170,0.97,15.26,1.18,0,1.005636,22.340598,0.005636,0
CUST_004800,31.47,36.04,803.2,4,4.57,52,0.78,33.24,1.19,0,1.145218,22.286349,0.145218,0
CUST_001686,18.51,16.61,354.24,12,-1.9,70,0.95,18.59,0.83,0,0.897353,21.326911,-0.102647,0
CUST_007795,20.07,24.7,558.59,27,4.63,8,0.05,20.31,1.13,1,1.230693,22.61498,0.230693,1
CUST_005598,36.62,43.04,726.78,28,6.42,231,0.01,34.75,0.82,1,1.175314,16.886152,0.175314,1
CUST_009296,33.92,13.32,230.05,21,-20.6,9,0.13,26.25,0.98,0,0.392689,17.271021,-0.607311,1
CUST_001732,31.2,31.29,492.2,5,0.09,31,0.76,31.86,1.06,0,1.002885,15.730265,0.002885,0
CUST_002767,28.2,26.54,646.56,7,-1.66,231,0.95,26.78,0.88,0,0.941135,24.361718,-0.058865,0
CUST_003176,18.47,13.19,301.11,11,-5.28,90,0.62,18.04,0.83,0,0.714131,22.828658,-0.285869,0
CUST_003550,17.58,14.66,258.93,6,-2.93,125,0.88,18.59,0.9,0,0.833902,17.662347,-0.166667,0
CUST_003272,18.91,21.28,425.01,6,2.37,44,0.99,20.04,1.0,0,1.125331,19.972274,0.125331,0
CUST_002572,24.63,24.89,530.23,6,0.26,223,0.52,25.5,1.07,0,1.010556,21.302933,0.010556,0
CUST_006653,20.83,46.43,811.34,35,25.6,143,0.17,22.48,1.07,1,2.228997,17.474478,1.228997,1
CUST_000119,19.97,16.01,260.36,10,-3.96,87,0.65,21.7,0.87,0,0.801703,16.262336,-0.198297,0
CUST_003139,16.11,21.22,475.2,10,5.11,208,0.67,17.55,1.19,0,1.317194,22.393968,0.317194,0
CUST_007213,24.23,8.53,100.0,25,-15.71,198,0.4,21.24,0.88,1,0.352043,11.723329,-0.64837,1
CUST_004308,21.83,23.87,554.86,5,2.04,24,0.87,23.65,1.14,0,1.093449,23.245078,0.093449,0
CUST_001028,20.86,18.3,384.25,7,-2.56,114,0.84,22.27,0.83,0,0.877277,20.997268,-0.122723,0
CUST_007301,31.91,12.52,205.23,20,-19.39,173,0.31,27.31,0.98,1,0.392353,16.392173,-0.607647,1
CUST_000598,16.4,17.11,380.31,4,0.72,150,0.87,17.9,1.0,0,1.043293,22.227352,0.043902,0
CUST_002129,17.91,18.72,373.73,5,0.81,54,0.68,17.92,1.15,0,1.045226,19.964209,0.045226,0
CUST_001772,29.27,29.32,609.62,9,0.05,181,0.99,30.38,1.09,0,1.001708,20.791951,0.001708,0
CUST_004809,30.72,30.3,525.9,7,-0.42,45,0.9,29.83,0.94,0,0.986328,17.356436,-0.013672,0
CUST_007771,37.84,13.53,211.67,22,-24.32,208,0.19,33.68,0.89,2,0.357558,15.644494,-0.642706,1
CUST_003443,17.35,12.94,322.05,12,-4.41,150,0.95,18.16,0.82,0,0.745821,24.887944,-0.254179,0
CUST_006256,29.2,69.16,1134.14,23,39.97,132,0.6,33.73,0.95,0,2.368493,16.398785,1.368836,1
CUST_004684,28.1,29.52,701.19,10,1.42,137,0.94,26.15,1.15,0,1.050534,23.753049,0.050534,0
CUST_003830,17.83,16.7,370.19,5,-1.12,158,0.75,17.37,0.99,0,0.936624,22.167066,-0.062815,0
CUST_003814,19.01,16.84,382.94,8,-2.17,12,0.9,19.93,0.95,0,0.88585,22.739905,-0.11415,0
CUST_005567,23.42,8.19,114.91,16,-15.23,1,0.09,18.62,0.87,2,0.349701,14.030525,-0.650299,1
CUST_007875,28.14,61.35,1267.55,37,33.21,125,0.04,30.62,0.87,3,2.180171,20.660962,1.180171,1
CUST_001187,28.76,23.84,402.76,7,-4.92,97,0.78,26.9,0.88,0,0.828929,16.894295,-0.171071,0
CUST_001305,28.51,35.33,720.74,4,6.81,218,1.0,31.54,1.2,0,1.239214,20.400226,0.238864,0
CUST_003413,30.73,27.23,650.67,5,-3.51,168,0.79,28.36,0.96,0,0.886105,23.895336,-0.114221,0
CUST_002081,34.07,32.09,556.3,6,-1.98,39,0.64,33.16,0.95,0,0.941884,17.335619,-0.058116,0
CUST_001779,16.94,14.55,350.75,5,-2.39,170,0.79,17.0,0.98,0,0.858914,24.106529,-0.141086,0
CUST_004119,16.56,22.13,520.13,2,5.57,205,0.96,18.36,1.16,0,1.336353,23.503389,0.336353,0
CUST_005099,30.16,86.3,1586.88,31,56.14,8,0.34,31.39,1.14,1,2.861406,18.387949,1.861406,1
CUST_003638,32.39,33.63,537.93,11,1.24,99,0.96,34.94,1.02,0,1.038283,15.99554,0.038283,0
CUST_005800,13.1,33.29,545.7,35,20.2,7,0.41,15.29,1.02,1,2.541221,16.39231,1.541985,1
CUST_002172,28.55,27.64,453.47,9,-0.9,178,0.93,28.7,0.93,0,0.968126,16.406295,-0.031524,0
CUST_002046,34.14,27.48,614.8,9,-6.65,87,0.9,34.6,0.87,0,0.804921,22.372635,-0.194786,0
CUST_002402,16.39,15.09,269.11,4,-1.3,158,0.86,15.6,0.93,0,0.920683,17.833665,-0.079317,0
CUST_007569,19.61,57.16,1254.96,25,37.55,8,0.09,19.92,1.17,2,2.914839,21.955213,1.914839,1
CUST_000622,25.45,25.28,431.96,7,-0.17,27,0.73,27.19,0.95,0,0.99332,17.087025,-0.00668,0
CUST_005717,23.23,9.71,167.75,20,-13.52,1,0.1,18.16,1.05,0,0.417994,17.276004,-0.582006,1
CUST_002199,17.91,19.57,423.79,12,1.67,197,0.91,17.91,1.06,0,1.092686,21.655084,0.093244,0
CUST_007517,18.46,20.34,417.25,52,1.88,7,0.03,20.23,1.17,3,1.101842,20.513766,0.101842,1
CUST_008898,24.32,45.92,1087.91,17,21.6,7,0.24,24.62,1.09,1,1.888158,23.69142,0.888158,1
CUST_004547,22.37,22.31,361.23,4,-0.05,21,0.87,21.48,0.94,0,0.997318,16.191394,-0.002235,0
CUST_002233,33.12,29.41,483.27,5,-3.71,202,0.89,33.2,1.04,1,0.887983,16.432166,-0.112017,0
CUST_006244,30.35,14.14,212.33,25,-16.22,5,0.04,24.14,1.16,1,0.465898,15.016266,-0.534432,1
CUST_000268,36.0,26.31,537.85,5,-9.69,204,0.94,34.07,0.82,0,0.730833,20.442797,-0.269167,0
CUST_003575,18.91,15.39,378.95,10,-3.52,215,0.91,20.93,0.88,0,0.813855,24.623132,-0.186145,0
CUST_004464,20.32,18.74,348.24,2,-1.57,232,0.82,20.87,0.97,0,0.922244,18.582711,-0.077264,0
CUST_007856,29.23,27.51,566.31,36,-1.72,8,0.07,27.64,0.96,0,0.941156,20.585605,-0.058844,1
CUST_001228,21.67,22.34,487.25,6,0.67,118,0.9,20.44,1.1,1,1.030918,21.810654,0.030918,0
CUST_003945,31.99,23.99,550.68,6,-8.0,162,0.77,31.1,0.87,0,0.749922,22.954564,-0.250078,0
CUST_008353,20.18,8.83,148.7,22,-11.35,6,0.24,19.1,1.09,3,0.437562,16.840317,-0.562438,1
CUST_000835,25.12,28.42,628.3,3,3.3,111,0.38,23.84,1.1,0,1.131369,22.107671,0.131369,0
CUST_000552,19.68,16.13,242.44,7,-3.55,119,0.67,19.24,0.81,0,0.819614,15.030378,-0.180386,0
CUST_003335,22.06,20.58,335.04,13,-1.48,40,0.88,23.2,1.07,0,0.93291,16.279883,-0.06709,0
CUST_009485,35.66,12.21,212.48,32,-23.45,196,0.12,32.79,0.86,1,0.3424,17.402129,-0.6576,1
CUST_005452,25.59,30.92,687.85,44,5.33,228,0.06,24.25,1.15,2,1.208284,22.246119,0.208284,1
CUST_008577,30.36,82.93,1140.44,32,52.57,1,0.01,31.6,1.09,1,2.731555,13.751839,1.731555,1
CUST_002644,30.74,36.46,704.05,7,5.72,57,0.59,30.56,1.1,0,1.186077,19.310203,0.186077,0
CUST_005127,20.62,34.81,551.16,35,14.2,10,0.12,19.89,1.08,3,1.688167,15.833381,0.688652,1
CUST_001867,34.1,33.02,531.66,10,-1.08,223,0.99,32.2,0.95,0,0.968328,16.101151,-0.031672,0
CUST_006286,15.31,36.27,661.82,23,20.96,4,0.53,15.89,0.95,1,2.36904,18.247036,1.36904,1
CUST_004008,36.31,47.87,1098.39,10,11.55,93,0.89,34.2,1.2,0,1.31837,22.945268,0.318094,0
CUST_000001,30.68,25.46,634.45,5,-5.22,114,0.98,30.93,0.87,0,0.829857,24.919482,-0.170143,0
CUST_004658,19.92,21.44,456.61,3,1.52,234,0.99,20.04,0.96,0,1.076305,21.297108,0.076305,0
CUST_008914,21.95,51.84,854.96,28,29.89,9,0.49,21.77,0.82,0,2.361731,16.492284,1.361731,1
CUST_008401,17.88,46.1,807.24,43,28.22,4,0.09,18.01,1.03,0,2.5783,17.510629,1.5783,1
CUST_004316,28.23,25.4,394.51,6,-2.83,84,0.85,30.16,0.91,0,0.899752,15.53189,-0.100248,0
CUST_000885,17.58,18.26,354.96,4,0.67,171,0.85,16.11,1.05,0,1.03868,19.439211,0.038111,0
CUST_005008,26.06,24.27,553.97,50,-1.79,2,0.01,23.76,0.9,1,0.931312,22.825299,-0.068688,1
CUST_005210,22.76,51.8,932.85,25,29.05,9,0.06,23.15,0.91,1,2.275923,18.008687,1.276362,1
CUST_001583,17.55,15.05,326.42,10,-2.5,133,0.86,16.76,0.8,0,0.85755,21.689037,-0.14245,0
CUST_001190,29.33,37.56,769.46,4,8.23,223,0.99,28.16,1.13,0,1.2806,20.486155,0.2806,0
CUST_001514,32.55,30.69,494.39,9,-1.86,185,0.97,29.83,0.91,0,0.942857,16.109156,-0.057143,0
CUST_006780,24.76,8.61,148.22,44,-16.16,145,0.21,20.41,0.87,2,0.347738,17.214866,-0.652666,1
CUST_009757,17.21,40.07,660.96,21,22.86,10,0.23,17.81,0.94,2,2.328298,16.495134,1.328298,1
CUST_000626,28.32,24.17,367.2,7,-4.15,17,0.87,28.93,0.91,0,0.85346,15.192387,-0.14654,0
CUST_002270,22.01,19.92,422.48,6,-2.09,173,1.0,23.38,0.83,0,0.905043,21.208835,-0.094957,0
CUST_003415,29.24,30.52,630.79,12,1.28,58,0.88,30.53,1.09,0,1.043776,20.668087,0.043776,0
CUST_007046,30.09,27.69,534.65,37,-2.39,9,0.01,27.77,0.93,2,0.920239,19.308415,-0.079428,1
CUST_002462,18.4,16.82,332.47,9,-1.58,156,0.86,18.63,0.91,0,0.91413,19.76635,-0.08587,0
CUST_003168,30.52,33.67,621.42,9,3.14,50,0.99,29.73,1.14,0,1.103211,18.456192,0.102883,0
CUST_009171,15.64,37.2,689.06,30,21.55,7,0.13,18.9,0.95,1,2.378517,18.523118,1.377877,1
CUST_004278,15.56,15.09,232.49,5,-0.47,128,0.52,16.71,1.08,0,0.969794,15.406892,-0.030206,0
CUST_000263,26.94,23.99,570.05,9,-2.95,237,0.94,29.93,0.92,0,0.890497,23.761984,-0.109503,0
CUST_004317,25.02,19.73,400.2,7,-5.28,204,0.79,26.3,0.88,0,0.788569,20.283832,-0.211031,0
CUST_007350,24.21,70.15,1003.65,35,45.94,208,0.01,29.06,1.16,1,2.897563,14.307199,1.897563,1
CUST_000093,22.89,18.84,403.25,8,-4.05,191,0.89,25.05,0.96,0,0.823067,21.403928,-0.176933,0
CUST_003569,15.92,12.74,278.78,7,-3.18,187,0.71,15.38,0.82,0,0.800251,21.882261,-0.199749,0
CUST_007417,37.22,15.01,248.56,22,-22.21,2,0.11,33.17,1.01,0,0.403278,16.559627,-0.596722,1
CUST_009187,36.1,62.24,1113.59,17,26.13,126,0.08,34.15,0.84,0,1.7241,17.89187,0.723823,1
CUST_004615,27.97,21.85,420.0,6,-6.12,125,0.44,30.83,0.81,0,0.781194,19.221968,-0.218806,0
CUST_006886,23.12,56.83,1180.96,19,33.71,3,0.05,26.24,0.98,0,2.458045,20.780574,1.458045,1
CUST_001803,26.47,30.5,553.31,13,4.03,137,0.86,25.23,1.19,0,1.152248,18.141311,0.152248,0
CUST_004472,17.25,20.21,467.15,9,2.95,31,0.85,17.96,1.2,0,1.171594,23.114795,0.171014,0
CUST_006704,23.08,10.67,145.42,33,-12.42,3,0.1,18.72,1.16,2,0.462305,13.628866,-0.538128,1
CUST_001855,24.5,25.75,536.45,7,1.26,23,0.92,26.64,1.12,0,1.05102,20.83301,0.051429,0
CUST_003060,17.02,14.18,220.9,7,-2.84,155,0.87,18.46,0.9,0,0.833137,15.578279,-0.166863,0
CUST_000374,17.76,19.57,438.59,7,1.81,76,0.86,19.66,1.15,0,1.101914,22.411344,0.101914,0
CUST_000860,36.02,36.55,831.96,10,0.53,179,1.0,34.77,1.0,0,1.014714,22.762244,0.014714,0
CUST_004013,16.51,17.54,358.01,9,1.03,168,0.95,15.7,1.07,0,1.062386,20.41106,0.062386,0
CUST_003432,18.1,18.34,304.21,4,0.24,127,0.99,16.79,1.1,0,1.01326,16.587241,0.01326,0
CUST_002307,24.52,26.55,456.55,11,2.04,216,0.88,26.94,1.06,0,1.08279,17.195857,0.083197,0
CUST_000816,32.72,30.98,566.94,11,-1.75,225,0.79,30.74,0.93,0,0.946822,18.300194,-0.053484,0
CUST_007542,25.85,23.81,479.86,36,-2.05,124,0.43,25.05,0.9,1,0.921083,20.153717,-0.079304,1
CUST_001205,27.57,27.49,414.21,7,-0.08,162,0.56,25.47,1.15,0,0.997098,15.067661,-0.002902,0
CUST_000836,35.91,34.15,820.68,9,-1.76,34,0.96,33.1,1.08,0,0.950989,24.031625,-0.049011,0
CUST_001222,19.12,24.63,411.01,7,5.51,231,0.74,17.52,1.14,0,1.28818,16.687373,0.28818,0
CUST_006321,29.89,12.2,148.38,36,-17.69,8,0.02,25.22,1.02,0,0.408163,12.162295,-0.591837,1
CUST_001511,20.3,16.09,361.69,6,-4.22,165,0.8,19.32,0.92,0,0.792611,22.47918,-0.207882,0
CUST_003942,21.86,18.25,355.31,6,-3.61,178,0.98,22.77,0.97,0,0.834858,19.469041,-0.165142,0
CUST_007852,37.79,12.7,155.43,43,-25.09,7,0.08,29.22,0.84,0,0.336068,12.238583,-0.663932,1
CUST_004886,15.57,16.02,379.36,7,0.44,44,0.88,15.94,1.13,0,1.028902,23.6804,0.028259,0
CUST_005737,36.9,16.16,272.2,23,-20.74,178,0.34,29.73,1.09,1,0.43794,16.844059,-0.56206,1
CUST_001526,31.46,26.16,500.99,10,-5.31,25,0.91,31.64,0.91,0,0.831532,19.150994,-0.168786,0
CUST_007898,24.53,25.21,579.13,45,0.68,125,0.13,24.28,1.05,2,1.027721,22.972233,0.027721,1
CUST_001208,32.92,34.85,559.09,9,1.92,143,0.94,30.0,0.94,0,1.058627,16.042755,0.058323,0
CUST_005259,25.79,55.75,987.64,32,29.97,6,0.21,29.91,0.86,0,2.161691,17.715516,1.162078,1
CUST_001938,19.61,22.86,498.39,6,3.24,18,0.96,21.21,1.12,0,1.165732,21.801837,0.165222,0
CUST_001724,18.8,21.21,338.45,10,2.42,55,0.76,19.41,1.07,0,1.128191,15.957096,0.128723,0
CUST_002850,18.87,19.28,338.46,3,0.41,228,0.99,19.36,1.09,0,1.021728,17.554979,0.021728,0
CUST_007282,31.07,90.86,1605.77,27,59.79,9,0.05,32.6,1.17,2,2.924364,17.673013,1.924364,1
CUST_007586,36.86,17.46,271.93,16,-19.41,1,0.27,32.81,1.18,2,0.473684,15.574456,-0.526587,1
CUST_005761,26.42,71.17,1080.44,42,44.75,176,0.1,32.44,1.08,1,2.693793,15.181116,1.693793,1
CUST_007155,22.86,10.85,120.65,35,-12.01,2,0.13,19.14,1.19,1,0.474628,11.119816,-0.525372,1
CUST_008919,36.58,15.45,173.61,39,-21.12,146,0.35,34.31,1.06,1,0.422362,11.236893,-0.577365,1
CUST_003990,28.11,26.8,466.11,5,-1.31,85,0.98,26.32,0.92,0,0.953397,17.392164,-0.046603,0
CUST_003977,23.22,22.2,420.09,6,-1.02,121,0.87,25.38,0.94,0,0.956072,18.922973,-0.043928,0
CUST_001670,33.21,28.57,493.96,7,-4.64,67,0.78,30.74,0.84,0,0.860283,17.289464,-0.139717,0
CUST_004339,29.3,29.67,453.19,9,0.37,66,0.76,29.75,0.99,0,1.012628,15.274351,0.012628,0
CUST_009725,21.54,48.87,932.56,20,27.33,151,0.07,22.25,0.91,0,2.268802,19.082464,1.268802,1
CUST_003871,18.48,16.25,244.4,3,-2.22,113,0.76,18.72,0.9,0,0.879329,15.04,-0.12013,0
CUST_009329,27.99,10.68,131.05,43,-17.31,2,0.09,21.79,0.95,1,0.381565,12.270599,-0.618435,1
CUST_001031,32.76,31.43,701.89,5,-1.33,151,0.86,32.65,0.86,0,0.959402,22.331849,-0.040598,0
CUST_007927,29.63,10.06,110.14,37,-19.57,219,0.15,27.59,0.85,1,0.339521,10.94831,-0.660479,1
CUST_002466,24.19,19.8,304.24,4,-4.4,184,0.71,25.71,0.96,0,0.81852,15.365657,-0.181893,0
CUST_007968,30.91,62.26,991.57,17,31.36,11,0.09,32.72,0.81,0,2.014235,15.926277,1.014558,1
CUST_001393,30.49,23.39,546.46,4,-7.1,137,0.87,29.43,0.84,0,0.767137,23.362976,-0.232863,0
CUST_003396,27.42,24.27,538.42,7,-3.14,146,0.88,26.79,0.99,0,0.88512,22.18459,-0.114515,0
CUST_000659,21.32,24.59,611.85,15,3.27,113,0.78,23.53,1.01,0,1.153377,24.882066,0.153377,0
CUST_003890,32.19,36.74,566.37,7,4.55,131,0.57,33.65,1.03,0,1.141348,15.415623,0.141348,0
CUST_000029,36.99,35.9,543.34,2,-1.09,235,0.93,34.71,0.95,0,0.970533,15.134819,-0.029467,0
CUST_003959,21.74,18.94,285.27,3,-2.8,142,0.96,21.94,0.96,0,0.871205,15.061774,-0.128795,0
CUST_006176,19.46,53.3,1036.93,28,33.84,193,0.08,20.92,1.1,1,2.738952,19.454597,1.738952,1
CUST_008882,15.14,30.68,678.56,18,15.54,9,0.65,16.48,0.81,1,2.02642,22.11734,1.02642,1
CUST_003660,28.72,22.99,450.05,11,-5.73,237,0.89,30.24,0.85,0,0.800487,19.575903,-0.199513,0
CUST_004865,31.2,23.78,372.11,8,-7.42,21,0.99,28.38,0.87,0,0.762179,15.648024,-0.237821,0
CUST_003177,25.0,22.15,337.54,1,-2.86,68,0.98,26.11,1.01,0,0.886,15.238826,-0.1144,0
CUST_005969,30.14,33.7,627.81,34,3.56,9,0.11,30.27,1.19,1,1.118115,18.629377,0.118115,1
CUST_003627,24.31,24.06,409.52,7,-0.25,236,0.95,25.25,0.89,0,0.989716,17.020781,-0.010284,0
CUST_002062,22.5,24.66,497.14,7,2.16,148,0.87,22.75,1.01,0,1.096,20.159773,0.096,0
CUST_000222,30.8,26.07,519.44,4,-4.73,54,0.98,31.11,0.89,0,0.846429,19.924818,-0.153571,0
CUST_004395,19.21,20.96,431.23,13,1.75,98,0.75,20.51,1.09,0,1.091098,20.57395,0.091098,0
CUST_009861,27.43,56.39,1252.98,39,28.96,170,0.23,28.73,0.82,2,2.055778,22.219897,1.055778,1
CUST_006558,37.92,17.95,287.16,39,-19.97,9,0.15,34.08,1.18,1,0.473365,15.997772,-0.526635,1
CUST_000768,24.32,18.84,305.52,6,-5.48,42,0.98,22.92,0.91,0,0.774671,16.216561,-0.225329,0
CUST_002629,26.55,21.37,353.1,5,-5.17,99,0.81,26.57,0.92,0,0.804896,16.523163,-0.194727,0
CUST_009123,26.99,63.36,1238.45,40,36.37,10,0.11,31.17,0.94,2,2.347536,19.546244,1.347536,1
CUST_002889,29.92,26.5,412.14,6,-3.42,179,0.81,31.06,1.02,0,0.885695,15.552453,-0.114305,0
CUST_000890,27.88,26.56,398.49,6,-1.32,72,0.91,25.51,0.93,0,0.952654,15.003389,-0.047346,0
CUST_000395,18.74,23.93,420.68,4,5.19,173,0.53,19.85,1.17,0,1.276948,17.579607,0.276948,0
CUST_005713,36.05,36.56,642.69,39,0.51,236,0.43,33.04,1.08,3,1.014147,17.579048,0.014147,1
CUST_004313,15.31,16.44,287.01,6,1.13,18,0.92,16.36,1.14,0,1.073808,17.458029,0.073808,0
CUST_008234,15.1,31.64,742.42,32,16.54,3,0.03,15.18,0.85,0,2.095364,23.464602,1.095364,1
CUST_005510,32.7,14.72,259.22,43,-17.97,151,0.07,34.77,0.91,1,0.450153,17.610054,-0.549541,1
CUST_008132,23.94,25.17,575.11,38,1.23,179,0.06,25.99,1.03,0,1.051378,22.849027,0.051378,1
CUST_006557,29.62,59.6,1179.68,33,29.98,10,0.07,33.12,0.8,0,2.012154,19.793289,1.012154,1
CUST_004232,33.33,31.72,617.58,10,-1.6,141,0.96,31.19,1.04,1,0.951695,19.469735,-0.048005,0
CUST_002813,18.19,18.95,355.15,10,0.76,96,0.9,19.54,1.16,0,1.041781,18.741425,0.041781,0
CUST_004536,28.82,31.48,693.5,8,2.67,31,0.81,27.88,1.11,0,1.092297,22.02986,0.092644,0
CUST_002556,18.76,23.66,421.34,5,4.9,91,0.82,18.19,1.19,0,1.261194,17.808115,0.261194,0
CUST_009285,27.14,9.8,129.5,41,-17.34,8,0.06,22.89,0.9,1,0.361091,13.214286,-0.638909,1
CUST_008110,23.52,8.81,107.46,37,-14.7,152,0.41,21.25,0.94,0,0.374575,12.197503,-0.625,1
CUST_002045,26.13,27.49,548.79,7,1.36,185,0.71,28.68,1.05,0,1.052047,19.963259,0.052047,0
CUST_009839,24.39,69.33,1208.05,36,44.94,5,0.13,27.27,1.14,3,2.842558,17.424636,1.842558,1
CUST_001028,20.86,18.3,384.25,7,-2.56,114,0.84,22.27,0.83,0,0.877277,20.997268,-0.122723,0
CUST_002242,36.28,45.79,898.65,9,9.5,215,0.67,33.86,1.13,0,1.262128,19.625464,0.261852,0
CUST_008242,23.11,8.04,100.0,39,-15.07,9,0.17,18.01,0.87,0,0.347901,12.437811,-0.652099,1
CUST_006696,22.77,26.73,478.04,29,3.96,143,0.04,23.9,1.1,1,1.173913,17.884025,0.173913,1
CUST_000336,20.76,21.42,496.83,10,0.66,105,0.81,22.99,1.19,0,1.031792,23.194678,0.031792,0
CUST_000576,23.04,21.58,493.37,8,-1.46,25,0.53,23.34,0.94,0,0.936632,22.862373,-0.063368,0
CUST_007758,17.18,28.91,533.73,29,11.73,11,0.22,16.28,1.06,0,1.682771,18.461778,0.682771,1
CUST_001786,36.06,41.79,630.2,8,5.74,22,0.88,34.79,1.13,0,1.158902,15.080163,0.159179,0
CUST_009244,33.27,68.29,1284.36,22,35.02,10,0.08,34.74,0.88,2,2.0526,18.807439,1.0526,1
CUST_003800,22.3,19.11,456.01,3,-3.2,52,0.81,24.5,0.92,0,0.856951,23.862376,-0.143498,0
CUST_001639,21.53,18.66,303.66,6,-2.87,141,0.73,22.15,0.96,0,0.866698,16.273312,-0.133302,0
CUST_009299,22.11,49.55,1135.8,25,27.44,178,0.05,21.2,0.88,1,2.241067,22.922301,1.241067,1
CUST_007456,34.11,13.51,206.52,23,-20.59,6,0.18,31.29,0.99,0,0.396072,15.286454,-0.603635,1
CUST_000040,29.42,25.8,592.26,7,-3.61,20,0.5,26.91,0.99,0,0.876954,22.955814,-0.122706,0
CUST_008326,34.48,39.84,991.65,25,5.36,196,0.2,32.15,1.15,1,1.155452,24.890813,0.155452,1
CUST_004048,29.33,20.83,347.59,3,-8.5,66,0.97,30.36,0.8,0,0.710194,16.68699,-0.289806,0
CUST_004388,26.07,26.11,579.07,8,0.04,44,0.99,26.98,1.05,0,1.001534,22.178093,0.001534,0
CUST_007002,19.81,56.62,777.98,20,36.81,219,0.3,22.24,1.14,1,2.858152,13.740374,1.858152,1
CUST_004027,34.19,37.48,618.91,5,3.28,229,0.92,31.46,1.12,0,1.096227,16.513074,0.095934,0
CUST_005685,22.39,49.03,758.95,31,26.65,4,0.53,20.75,1.05,1,2.189817,15.479298,1.190264,1
CUST_003425,24.67,32.98,721.49,4,8.3,152,0.99,24.46,1.16,0,1.336846,21.876592,0.336441,0
CUST_004674,15.39,15.99,299.64,7,0.6,29,0.81,15.46,1.04,1,1.038986,18.739212,0.038986,0
CUST_007322,19.17,6.38,100.0,26,-12.79,4,0.01,18.72,0.83,1,0.332812,15.673981,-0.667188,1
CUST_000972,17.74,15.68,307.99,4,-2.06,66,0.58,18.13,1.02,0,0.883878,19.642219,-0.116122,0
CUST_000498,27.29,28.17,581.6,11,0.87,145,0.87,28.35,1.04,0,1.032246,20.646077,0.03188,0
CUST_003521,18.38,15.0,245.94,5,-3.38,223,0.95,18.05,0.94,0,0.816104,16.396,-0.183896,0
CUST_004202,25.72,28.13,572.45,6,2.41,202,0.91,23.45,1.18,0,1.093701,20.35016,0.093701,0
CUST_003572,26.57,23.38,491.38,11,-3.18,144,0.72,26.39,0.89,0,0.87994,21.017109,-0.119684,0
CUST_009843,21.91,24.76,405.78,38,2.85,209,0.18,23.25,1.06,2,1.130078,16.38853,0.130078,1
CUST_000042,17.75,21.09,436.49,6,3.33,50,0.58,17.34,1.18,0,1.188169,20.696539,0.187606,0
CUST_001239,24.76,22.99,402.63,6,-1.77,137,0.93,23.45,0.98,0,0.928514,17.513267,-0.071486,0
CUST_008610,23.66,10.73,121.16,24,-12.94,7,0.28,22.26,1.13,1,0.453508,11.291705,-0.546915,1
CUST_002257,34.9,33.72,740.69,9,-1.18,140,0.92,34.7,1.12,0,0.966189,21.965896,-0.033811,0
CUST_000213,27.69,26.22,413.36,3,-1.47,17,0.83,26.31,0.87,0,0.946912,15.765065,-0.053088,0
CUST_001248,30.73,39.08,681.08,7,8.34,29,0.99,32.37,1.14,0,1.271721,17.42784,0.271396,0
CUST_002945,23.73,30.79,508.39,8,7.06,66,0.83,25.5,1.19,0,1.297514,16.51153,0.297514,0
CUST_002319,19.96,20.67,423.23,9,0.71,31,0.72,18.33,1.19,0,1.035571,20.475568,0.035571,0
CUST_003095,17.14,17.3,361.94,7,0.16,24,0.92,17.43,1.02,0,1.009335,20.921387,0.009335,0
CUST_009359,23.24,67.14,957.97,36,43.9,10,0.78,23.91,1.16,2,2.888985,14.268245,1.888985,1
CUST_006626,23.99,15.8,293.54,29,-8.19,7,0.05,22.36,0.97,1,0.658608,18.578481,-0.341392,1
CUST_004534,16.41,14.54,326.19,6,-1.87,22,0.71,15.24,0.84,0,0.886045,22.433975,-0.113955,0
CUST_002908,30.91,28.05,484.0,6,-2.86,50,0.75,29.33,0.96,0,0.907473,17.254902,-0.092527,0
CUST_005281,18.73,39.7,700.26,42,20.97,135,0.18,22.27,0.85,1,2.119594,17.638791,1.119594,1
CUST_006581,30.66,44.26,760.57,20,13.6,211,0.22,30.29,1.16,1,1.443575,17.184139,0.443575,1
CUST_000482,32.77,37.58,628.3,7,4.81,150,0.81,30.36,1.18,0,1.146781,16.718999,0.146781,0
CUST_001916,34.04,29.99,629.19,4,-4.05,138,0.47,31.96,0.92,0,0.881022,20.979993,-0.118978,0
CUST_003453,19.18,22.09,462.89,4,2.91,59,0.79,18.27,1.09,1,1.151721,20.954731,0.151721,0
CUST_007163,19.38,39.21,591.89,25,19.83,9,0.09,19.13,1.11,3,2.02322,15.095384,1.02322,1
CUST_008965,38.57,12.7,153.51,32,-25.87,8,0.15,29.95,0.82,2,0.329271,12.087402,-0.670729,1
CUST_005826,32.75,28.75,645.43,32,-4.01,4,0.15,32.15,0.84,1,0.877863,22.449739,-0.122443,1
CUST_002325,23.84,26.23,567.06,11,2.39,111,0.75,24.69,1.06,0,1.100252,21.618757,0.100252,0
CUST_004813,29.5,35.21,877.6,8,5.71,35,0.89,30.52,1.04,0,1.193559,24.924737,0.193559,0
CUST_007904,18.59,18.32,312.43,20,-0.27,167,0.11,18.66,0.87,0,0.985476,17.054039,-0.014524,1
CUST_008333,16.73,38.88,597.91,18,22.15,236,0.03,17.17,1.07,3,2.323969,15.378344,1.323969,1
CUST_001299,19.4,20.52,356.94,6,1.11,138,0.92,21.45,1.19,0,1.057732,17.394737,0.057216,0
CUST_002999,14.97,14.2,265.46,7,-0.77,58,0.85,16.45,0.97,0,0.948564,18.694366,-0.051436,0
CUST_003671,31.63,34.99,703.15,7,3.37,115,0.98,34.0,1.05,0,1.106228,20.095742,0.106544,0
CUST_000455,26.8,28.67,634.08,7,1.86,72,0.99,27.9,0.95,0,1.069776,22.116498,0.069403,0
CUST_005386,30.84,11.84,176.8,18,-19.0,2,0.36,23.89,0.96,0,0.383917,14.932432,-0.616083,1
CUST_005049,22.69,24.6,431.32,43,1.91,2,0.13,22.13,0.99,3,1.084178,17.533333,0.084178,1
CUST_008703,28.71,9.49,165.11,32,-19.23,11,0.13,22.18,0.83,1,0.330547,17.398314,-0.669801,1
CUST_002656,21.49,25.55,612.14,6,4.06,111,0.98,22.84,1.05,0,1.188925,23.958513,0.188925,0
CUST_004335,34.07,31.39,677.8,9,-2.68,80,0.95,34.05,0.83,0,0.921338,21.592864,-0.078662,0
CUST_009453,23.16,7.77,102.45,19,-15.4,6,0.32,19.81,0.84,0,0.335492,13.185328,-0.66494,1
CUST_001651,19.28,19.87,432.86,9,0.58,53,0.89,20.75,0.94,0,1.030602,21.7846,0.030083,0
CUST_001540,24.9,22.1,527.06,6,-2.8,68,0.89,27.45,0.97,0,0.88755,23.848869,-0.11245,0
CUST_004036,33.51,36.72,630.96,7,3.22,167,0.83,30.76,1.14,0,1.095792,17.183007,0.096091,0
CUST_009823,28.92,9.81,163.36,23,-19.11,167,0.35,27.1,0.85,1,0.339212,16.652396,-0.660788,1
CUST_002239,24.04,29.27,556.01,7,5.24,95,0.98,23.35,1.07,0,1.217554,18.9959,0.21797,0
CUST_000788,29.9,31.8,717.62,6,1.9,207,0.85,29.1,1.01,0,1.063545,22.566667,0.063545,0
CUST_000781,27.41,27.76,656.07,5,0.35,200,0.96,26.84,1.02,0,1.012769,23.633646,0.012769,0
CUST_002862,15.22,15.91,387.6,10,0.69,54,0.99,15.68,1.0,1,1.045335,24.362036,0.045335,0
CUST_009890,17.54,16.8,365.83,35,-0.75,135,0.48,16.19,0.87,3,0.957811,21.775595,-0.042759,1
CUST_008103,17.16,5.87,100.0,39,-11.29,10,0.17,15.24,0.86,2,0.342075,17.035775,-0.657925,1
CUST_004448,16.16,19.06,363.12,9,2.9,235,0.96,16.56,1.18,0,1.179455,19.051417,0.179455,0
CUST_002032,32.75,26.23,453.73,3,-6.52,194,0.96,32.73,0.84,0,0.800916,17.298132,-0.199084,0
CUST_000652,16.14,13.91,305.85,7,-2.23,66,0.71,17.69,1.01,0,0.861834,21.987779,-0.138166,0
CUST_006874,21.85,20.46,479.66,42,-1.4,233,0.29,23.21,0.82,0,0.936384,23.443793,-0.064073,1
CUST_002531,18.25,17.5,407.22,8,-0.75,36,0.92,20.24,0.9,0,0.958904,23.269714,-0.041096,0
CUST_001403,30.49,22.83,392.68,4,-7.66,153,0.91,28.35,0.85,0,0.74877,17.200175,-0.25123,0
CUST_001908,18.03,15.68,343.97,5,-2.35,107,0.87,17.23,0.88,0,0.869662,21.936862,-0.130338,0
CUST_005490,35.21,32.46,690.83,35,-2.76,3,0.22,33.21,0.82,0,0.921897,21.282502,-0.078387,1
CUST_000260,25.05,30.01,738.78,6,4.97,220,0.76,24.22,1.13,0,1.198004,24.617794,0.198403,0
CUST_001509,34.89,30.4,718.24,10,-4.49,101,0.97,32.29,0.81,0,0.87131,23.626316,-0.12869,0
CUST_007874,17.14,18.09,272.6,51,0.95,3,0.09,15.86,0.97,1,1.055426,15.069099,0.055426,1
CUST_007026,20.73,25.82,471.45,29,5.09,11,0.11,22.16,1.15,1,1.245538,18.259101,0.245538,1
CUST_000050,34.76,40.48,950.56,6,5.72,78,0.88,32.75,1.02,0,1.164557,23.482213,0.164557,0
CUST_004512,29.97,22.01,518.01,6,-7.96,164,0.85,32.89,0.83,0,0.734401,23.535211,-0.265599,0
CUST_002859,16.5,16.28,404.93,12,-0.22,205,0.99,15.77,1.05,0,0.986667,24.87285,-0.013333,0
CUST_009661,40.62,14.99,197.67,28,-25.63,9,0.08,31.73,0.92,1,0.36903,13.186791,-0.63097,1
CUST_006466,14.19,40.58,718.5,22,26.39,193,0.21,15.35,1.14,2,2.85976,17.705766,1.85976,1
CUST_000148,24.7,28.91,630.98,6,4.22,152,0.87,23.32,1.09,0,1.170445,21.825666,0.17085,0
CUST_004403,34.55,38.97,791.88,7,4.42,33,0.89,31.43,1.05,0,1.127931,20.320246,0.127931,0
CUST_009219,32.31,90.9,1817.27,19,58.6,179,0.5,32.53,1.13,1,2.81337,19.991969,1.81368,1
CUST_006479,15.12,35.11,771.08,16,19.99,10,0.48,16.03,1.1,1,2.32209,21.961834,1.32209,1
CUST_002457,18.07,15.3,320.6,8,-2.77,193,0.99,19.47,0.81,0,0.846707,20.954248,-0.153293,0
CUST_000151,19.53,17.44,288.21,11,-2.08,173,0.91,18.63,0.97,0,0.892985,16.525803,-0.106503,0
CUST_008268,30.28,77.93,1479.8,27,47.65,11,0.49,31.67,1.03,1,2.573646,18.988836,1.573646,1
CUST_002906,14.45,12.09,258.54,5,-2.36,119,0.91,15.17,0.81,0,0.836678,21.384615,-0.163322,0
CUST_007074,18.94,55.52,1243.03,21,36.59,178,0.03,20.89,1.17,0,2.931362,22.388869,1.93189,1
CUST_005041,18.8,21.04,470.64,35,2.24,153,0.18,17.18,1.11,0,1.119149,22.368821,0.119149,1
CUST_004036,33.51,36.72,630.96,7,3.22,167,0.83,30.76,1.14,0,1.095792,17.183007,0.096091,0
CUST_006035,18.23,20.22,320.44,44,1.99,134,0.06,17.81,1.02,0,1.109161,15.847676,0.109161,1
CUST_004350,36.9,36.08,704.05,1,-0.82,95,0.65,34.67,1.05,0,0.977778,19.513581,-0.022222,0
CUST_003030,20.68,21.25,475.33,12,0.58,27,0.96,19.44,0.91,0,1.027563,22.368471,0.028046,0
CUST_004799,31.07,33.17,736.27,6,2.1,115,0.85,31.0,1.01,0,1.067589,22.196865,0.067589,0
CUST_002335,14.59,14.1,238.46,3,-0.49,158,0.84,15.54,1.05,0,0.966415,16.912057,-0.033585,0
CUST_007960,23.23,19.67,368.72,58,-3.55,143,0.29,23.35,0.82,1,0.84675,18.745297,-0.15282,1
CUST_004948,25.5,28.52,536.86,3,3.03,62,0.96,28.15,0.99,0,1.118431,18.823983,0.118824,0
CUST_003021,24.45,24.92,579.71,12,0.47,186,0.8,26.06,0.89,0,1.019223,23.262841,0.019223,0
CUST_005775,33.65,13.14,183.83,25,-20.51,10,0.01,32.27,0.98,1,0.39049,13.990107,-0.60951,1
CUST_005929,21.72,20.67,460.87,35,-1.05,167,0.08,19.88,1.03,2,0.951657,22.296565,-0.048343,1
CUST_001084,19.09,15.96,254.02,2,-3.13,70,0.95,18.84,0.91,0,0.83604,15.91604,-0.16396,0
CUST_009383,25.06,59.47,866.32,40,34.41,195,0.16,30.75,0.95,3,2.373105,14.567345,1.373105,1
CUST_004402,18.47,18.73,425.5,6,0.26,34,0.89,17.4,1.05,0,1.014077,22.717565,0.014077,0
CUST_005778,24.96,26.62,411.3,42,1.66,232,0.63,25.91,1.01,1,1.066506,15.450789,0.066506,1
CUST_006499,26.53,53.66,905.18,18,27.13,5,0.15,26.47,0.87,1,2.022616,16.868804,1.022616,1
CUST_004010,22.11,22.34,391.34,5,0.22,68,0.79,21.74,0.89,0,1.010403,17.517457,0.00995,0
CUST_005303,12.97,27.5,504.88,16,14.53,7,0.05,15.68,0.85,0,2.120278,18.359273,1.120278,1
CUST_000406,29.57,27.52,432.54,3,-2.05,67,0.9,29.9,0.83,0,0.930673,15.717297,-0.069327,0
CUST_006781,21.62,57.01,997.03,26,35.39,11,0.07,24.05,1.05,1,2.63691,17.488686,1.63691,1
CUST_001837,24.97,18.86,348.46,7,-6.11,130,0.99,23.81,0.86,0,0.755306,18.47614,-0.244694,0
CUST_002317,33.69,31.75,650.99,5,-1.95,214,0.97,31.43,0.89,0,0.942416,20.503622,-0.057881,0
CUST_005818,23.0,55.44,1179.81,26,32.44,174,0.42,25.03,0.96,1,2.410435,21.280844,1.410435,1
CUST_001408,37.14,34.05,555.83,10,-3.09,49,0.83,33.91,0.92,0,0.916801,16.323935,-0.083199,0
CUST_006594,20.0,18.3,353.94,56,-1.7,7,0.39,21.17,0.92,1,0.915,19.340984,-0.085,1
CUST_008185,19.01,16.73,416.88,46,-2.28,8,0.2,17.49,0.82,0,0.880063,24.918111,-0.119937,1
CUST_008808,15.4,41.85,859.63,33,26.45,6,0.19,16.29,1.09,3,2.717532,20.540741,1.717532,1
CUST_000980,19.46,24.36,605.68,8,4.9,24,1.0,20.01,1.14,0,1.251799,24.863711,0.251799,0
CUST_002709,17.24,16.39,375.21,12,-0.85,237,0.64,18.92,1.09,1,0.950696,22.892617,-0.049304,0
CUST_008440,24.09,23.81,415.76,29,-0.29,150,0.03,25.09,0.94,1,0.988377,17.461571,-0.012038,1
CUST_002757,23.64,21.45,405.24,9,-2.2,32,0.84,25.25,0.86,0,0.90736,18.892308,-0.093063,0
CUST_000589,33.91,45.15,1028.01,7,11.25,54,0.79,34.53,1.16,0,1.331466,22.768771,0.331761,0
CUST_002508,33.96,39.74,881.41,12,5.78,174,0.59,31.64,1.07,0,1.1702,22.179416,0.1702,0
CUST_001788,32.63,37.55,859.06,6,4.92,186,0.51,31.83,1.18,0,1.150781,22.877763,0.150781,0
CUST_004906,16.35,20.19,449.69,5,3.84,120,0.55,16.66,1.2,1,1.234862,22.272907,0.234862,0
CUST_000343,32.8,34.22,674.6,8,1.42,202,0.91,31.74,1.15,1,1.043293,19.713618,0.043293,0
CUST_001171,20.64,23.98,542.86,6,3.34,156,0.7,21.91,1.04,0,1.161822,22.638032,0.161822,0
CUST_001025,34.84,29.83,464.01,6,-5.01,12,0.97,34.13,0.89,0,0.8562,15.555146,-0.1438,0
CUST_009623,28.8,67.16,1490.26,36,38.35,7,0.08,34.95,0.93,1,2.331944,22.189696,1.331597,1
CUST_008786,24.45,11.35,148.72,26,-13.1,11,0.22,21.45,1.16,2,0.464213,13.103084,-0.535787,1
CUST_004638,32.43,43.36,1082.34,7,10.93,148,0.94,33.01,1.17,0,1.337034,24.961716,0.337034,0
CUST_000777,25.83,21.85,414.45,7,-3.98,23,1.0,23.92,0.89,0,0.845916,18.967963,-0.154084,0
CUST_002930,32.4,40.61,895.82,8,8.21,107,0.98,31.92,1.14,0,1.253395,22.059099,0.253395,0
CUST_005012,25.78,10.78,140.04,22,-15.0,11,0.18,21.11,1.05,1,0.418154,12.990724,-0.581846,1
CUST_001825,31.03,37.75,591.58,9,6.72,189,0.95,29.5,1.13,0,1.216565,15.670993,0.216565,0
CUST_002235,29.48,34.28,698.92,7,4.8,184,0.98,30.48,1.19,0,1.162822,20.388565,0.162822,0
CUST_002852,14.57,14.72,350.76,10,0.15,15,0.95,16.01,0.99,0,1.010295,23.828804,0.010295,0
CUST_006201,27.69,72.82,1267.4,22,45.13,8,0.05,33.18,1.05,1,2.62983,17.404559,1.62983,1
CUST_007615,30.28,60.84,1182.54,43,30.56,3,0.04,31.08,0.8,0,2.009247,19.436884,1.009247,1
CUST_008549,35.6,13.8,160.03,27,-21.8,6,0.68,27.6,0.97,2,0.38764,11.596377,-0.61236,1
CUST_007007,33.74,55.87,1131.12,27,22.12,168,0.01,32.61,0.91,1,1.655898,20.24557,0.655602,1
CUST_001872,27.69,30.96,524.06,5,3.27,192,0.86,29.17,1.2,0,1.118093,16.927003,0.118093,0
CUST_004707,17.87,19.06,313.79,7,1.19,113,0.97,18.23,0.95,0,1.066592,16.463274,0.066592,0
CUST_008659,27.68,13.28,210.5,31,-14.39,215,0.01,26.48,1.2,2,0.479769,15.850904,-0.51987,1
CUST_008741,20.89,17.96,383.52,54,-2.93,9,0.49,23.1,0.89,2,0.859742,21.35412,-0.140258,1
CUST_005557,25.26,11.02,120.14,36,-14.24,7,0.3,20.07,1.09,2,0.436263,10.901996,-0.563737,1
CUST_002737,18.79,18.48,459.84,3,-0.3,210,0.99,18.67,1.04,0,0.983502,24.883117,-0.015966,0
CUST_009714,14.28,7.66,135.73,31,-6.62,2,0.12,15.67,0.95,0,0.536415,17.719321,-0.463585,1
CUST_004317,25.02,19.73,400.2,7,-5.28,204,0.79,26.3,0.88,0,0.788569,20.283832,-0.211031,0
CUST_005646,32.2,46.37,714.32,39,14.17,8,0.13,31.55,1.13,3,1.440062,15.404788,0.440062,1
CUST_006841,25.86,26.2,422.69,29,0.34,2,0.37,26.66,0.97,2,1.013148,16.133206,0.013148,1
CUST_008992,22.45,10.66,135.64,33,-11.8,11,0.13,17.28,1.19,1,0.474833,12.724203,-0.525612,1
CUST_009668,24.34,35.72,673.36,41,11.38,2,0.28,22.64,1.02,0,1.467543,18.851064,0.467543,1
CUST_002478,24.61,20.3,460.46,4,-4.31,47,0.88,24.65,0.96,0,0.824868,22.682759,-0.175132,0
CUST_009380,20.89,20.97,380.53,26,0.08,211,0.28,23.16,0.92,1,1.00383,18.1464,0.00383,1
CUST_008387,27.17,64.93,1288.35,42,37.76,5,0.02,27.4,0.96,1,2.389768,19.842138,1.389768,1
CUST_006831,23.65,66.33,979.96,20,42.68,130,0.32,24.4,1.12,3,2.804651,14.774009,1.804651,1
CUST_002449,25.87,22.92,358.57,4,-2.96,214,1.0,24.96,0.8,0,0.885968,15.644415,-0.114418,0
CUST_006120,22.78,20.32,394.79,46,-2.46,5,0.22,21.58,0.89,0,0.892011,19.428642,-0.107989,1
CUST_003576,25.88,23.65,430.86,3,-2.24,140,0.5,25.14,1.07,0,0.913833,18.218182,-0.086553,0
CUST_001999,21.22,23.3,574.86,10,2.08,39,0.86,20.7,1.0,0,1.098021,24.672103,0.098021,0
CUST_002014,15.96,15.96,388.29,7,0.0,69,0.93,17.08,0.9,0,1.0,24.328947,0.0,0
CUST_001485,32.17,26.6,498.05,5,-5.58,202,0.92,31.88,0.93,0,0.826857,18.723684,-0.173454,0
CUST_002829,20.35,19.64,348.33,2,-0.72,233,0.92,22.41,1.13,0,0.965111,17.735743,-0.035381,0
CUST_007555,18.76,8.7,119.55,37,-10.06,124,0.2,17.8,1.16,1,0.463753,13.741379,-0.536247,1
CUST_009362,25.53,61.44,1291.14,38,35.91,5,0.01,31.37,0.96,2,2.40658,21.014648,1.40658,1
CUST_008918,20.63,49.78,845.06,42,29.16,1,0.01,20.79,0.97,3,2.412991,16.975894,1.413476,1
CUST_001652,18.07,24.04,547.78,13,5.98,187,0.67,20.01,1.18,0,1.330382,22.78619,0.330935,0
CUST_009945,30.42,69.36,1128.26,24,38.94,237,0.04,30.65,0.84,1,2.280079,16.266724,1.280079,1
CUST_001023,22.98,28.82,568.71,5,5.83,176,0.99,24.91,1.17,0,1.254134,19.733171,0.253699,0
CUST_008733,17.7,35.76,793.29,23,18.06,6,0.38,18.71,0.81,2,2.020339,22.183725,1.020339,1
CUST_008235,18.36,41.43,643.46,32,23.07,159,0.23,20.76,0.9,0,2.256536,15.531258,1.256536,1
CUST_008436,28.38,44.73,986.89,42,16.36,219,0.03,30.14,1.13,2,1.57611,22.063268,0.576462,1
CUST_006289,27.58,9.02,105.98,34,-18.56,193,0.04,23.09,0.82,1,0.327049,11.749446,-0.672951,1
CUST_009901,30.68,12.27,158.66,22,-18.41,5,0.5,27.32,1.0,1,0.399935,12.930725,-0.600065,1
CUST_009130,39.19,13.88,184.97,26,-25.32,6,0.0,30.96,0.89,2,0.354172,13.326369,-0.646083,1
CUST_004662,15.41,12.52,226.75,7,-2.89,173,0.89,15.71,0.82,0,0.812459,18.111022,-0.187541,0
CUST_002302,28.5,23.91,575.04,7,-4.59,131,0.9,28.9,0.96,0,0.838947,24.050188,-0.161053,0
CUST_004397,32.71,28.94,586.06,8,-3.76,214,0.71,34.75,1.01,0,0.884745,20.250864,-0.11495,0
CUST_003280,20.02,20.62,450.71,4,0.6,192,0.92,21.4,1.11,1,1.02997,21.857905,0.02997,0
CUST_007733,16.74,16.61,263.35,36,-0.13,1,0.07,16.57,0.89,3,0.992234,15.854907,-0.007766,1
CUST_002756,17.39,18.5,332.1,8,1.11,228,0.53,16.43,1.06,0,1.06383,17.951351,0.06383,0
CUST_001291,25.65,28.02,603.38,4,2.37,88,0.85,25.73,1.02,0,1.092398,21.533904,0.092398,0
CUST_005487,24.05,8.13,100.0,21,-15.92,2,0.02,23.88,0.84,3,0.338046,12.300123,-0.661954,1
CUST_004900,25.02,26.04,610.17,4,1.02,108,1.0,26.48,1.04,0,1.040767,23.432028,0.040767,0
CUST_004642,16.91,17.14,377.72,4,0.23,237,0.76,16.16,1.12,1,1.013601,22.03734,0.013601,0
CUST_000543,24.22,30.14,672.85,3,5.92,55,0.96,26.5,1.19,0,1.244426,22.324154,0.244426,0
CUST_008037,27.97,12.69,198.33,43,-15.28,238,0.29,26.53,1.13,0,0.4537,15.628842,-0.5463,1
CUST_005611,23.84,27.13,591.7,27,3.29,8,0.23,23.58,0.94,0,1.138003,21.809805,0.138003,1
CUST_004939,28.66,20.01,471.77,4,-8.65,79,0.8,26.84,0.81,0,0.698186,23.576712,-0.301814,0
CUST_007748,21.26,62.34,954.79,33,41.07,186,0.28,24.66,1.17,2,2.932267,15.315849,1.931797,1
CUST_002199,17.91,19.57,423.79,12,1.67,197,0.91,17.91,1.06,0,1.092686,21.655084,0.093244,0
CUST_002223,31.24,27.22,510.28,8,-4.02,228,0.78,32.05,0.88,0,0.871319,18.74651,-0.128681,0
CUST_002435,26.1,23.31,455.2,6,-2.78,126,0.39,24.22,1.0,0,0.893103,19.5281,-0.106513,0
CUST_003360,17.44,20.65,402.56,5,3.21,114,0.98,17.94,1.07,0,1.18406,19.494431,0.18406,0
CUST_005282,18.74,45.59,961.46,24,26.84,168,0.02,19.32,0.97,1,2.432764,21.089274,1.432231,1
CUST_003172,31.69,33.07,719.24,4,1.38,232,0.8,29.2,0.95,0,1.043547,21.749017,0.043547,0
CUST_006574,27.5,29.16,651.9,49,1.67,189,0.06,25.61,1.01,1,1.060364,22.355967,0.060727,1
CUST_009249,32.33,34.82,813.42,33,2.49,177,0.08,32.59,1.07,0,1.077018,23.360712,0.077018,1
CUST_001322,18.7,19.94,401.08,8,1.24,136,0.81,18.68,1.1,0,1.06631,20.114343,0.06631,0
CUST_000999,35.1,41.33,772.26,8,6.24,95,0.83,34.29,1.15,0,1.177493,18.685217,0.177778,0
CUST_006635,17.24,39.93,724.66,26,22.69,10,0.06,17.75,0.93,1,2.316125,18.148259,1.316125,1
CUST_002526,15.92,16.45,375.36,6,0.53,202,0.93,15.59,0.91,0,1.033291,22.818237,0.033291,0
CUST_005936,27.55,11.86,161.33,25,-15.69,8,0.25,21.4,1.08,1,0.43049,13.602867,-0.56951,1
CUST_004052,18.53,20.4,336.89,8,1.87,41,0.89,18.68,0.98,0,1.100917,16.514216,0.100917,0
CUST_004536,28.82,31.48,693.5,8,2.67,31,0.81,27.88,1.11,0,1.092297,22.02986,0.092644,0
CUST_007174,23.11,7.71,120.92,35,-15.4,4,0.27,18.32,0.83,2,0.333622,15.683528,-0.666378,1
CUST_009951,24.01,65.57,1123.24,15,41.55,234,0.09,27.64,1.09,1,2.730945,17.130395,1.730529,1
CUST_009944,24.64,25.28,608.12,42,0.64,187,0.14,27.12,1.09,0,1.025974,24.05538,0.025974,1
CUST_003956,24.81,22.36,351.9,6,-2.45,234,0.88,24.16,0.96,0,0.901249,15.737925,-0.098751,0
CUST_009912,32.87,14.59,173.94,28,-18.28,210,0.22,26.79,1.11,3,0.44387,11.921864,-0.55613,1
CUST_007582,32.66,13.06,153.04,44,-19.6,11,0.51,25.66,1.0,3,0.399878,11.718224,-0.600122,1
CUST_006316,26.81,64.52,929.14,17,37.71,224,0.19,33.09,0.96,3,2.406565,14.400806,1.406565,1
CUST_005206,16.45,6.69,100.0,37,-9.76,2,0.09,15.97,1.02,0,0.406687,14.947683,-0.593313,1
CUST_003502,29.25,29.14,694.11,6,-0.11,57,0.6,26.96,1.09,0,0.996239,23.819835,-0.003761,0
CUST_006933,15.26,38.6,829.31,17,23.34,11,0.52,18.8,1.01,3,2.529489,21.484715,1.529489,1
CUST_002004,16.93,18.87,291.6,13,1.94,120,0.85,16.58,1.04,0,1.114589,15.4531,0.114589,0
CUST_004539,20.81,17.14,422.73,11,-3.67,40,0.71,22.14,0.88,0,0.823642,24.663361,-0.176358,0
CUST_001659,23.38,27.49,450.02,10,4.1,69,0.76,23.46,1.05,0,1.175791,16.370316,0.175364,0
CUST_006331,18.44,43.98,744.49,27,25.55,6,0.34,18.57,0.95,3,2.385033,16.927922,1.385575,1
CUST_004641,22.48,27.33,571.4,4,4.85,195,0.83,21.2,1.07,0,1.215747,20.907428,0.215747,0
CUST_009407,19.13,8.04,145.84,32,-11.1,10,0.05,20.93,0.84,1,0.420282,18.139303,-0.58024,1
CUST_007124,23.81,37.81,638.29,15,13.99,143,0.13,26.12,0.98,1,1.587988,16.881513,0.587568,1
CUST_003247,26.89,19.45,434.3,4,-7.44,162,0.88,29.55,0.84,0,0.723317,22.329049,-0.276683,0
CUST_007826,30.94,12.12,200.84,43,-18.83,214,0.21,26.83,0.98,0,0.391726,16.570957,-0.608597,1
CUST_002871,25.71,30.9,629.76,9,5.2,64,0.98,28.54,1.14,0,1.201867,20.380583,0.202256,0
CUST_003864,23.0,17.19,410.88,8,-5.81,129,0.99,25.09,0.84,0,0.747391,23.902269,-0.252609,0
CUST_006865,31.69,26.51,621.51,34,-5.18,216,0.22,29.46,0.86,0,0.836541,23.444361,-0.163459,1
CUST_007166,23.41,20.89,366.41,43,-2.52,162,0.4,22.03,0.9,0,0.892354,17.539971,-0.107646,1
CUST_004646,20.81,25.66,451.26,6,4.85,141,0.91,21.69,1.09,0,1.233061,17.586126,0.233061,0
CUST_004416,20.96,22.82,349.64,5,1.87,50,1.0,20.9,1.17,0,1.08874,15.321648,0.089218,0
CUST_005274,27.32,58.68,887.71,39,31.35,198,0.19,29.93,0.86,1,2.147877,15.127982,1.147511,1
CUST_009983,38.66,12.96,202.0,34,-25.69,9,0.11,30.87,0.84,0,0.33523,15.58642,-0.664511,1
CUST_003671,31.63,34.99,703.15,7,3.37,115,0.98,34.0,1.05,0,1.106228,20.095742,0.106544,0
CUST_000190,20.77,17.13,321.95,7,-3.63,235,0.89,21.18,0.85,0,0.824747,18.794513,-0.174771,0
CUST_000985,28.66,23.16,486.48,10,-5.5,237,0.75,27.53,0.91,0,0.808095,21.005181,-0.191905,0
CUST_003059,19.68,24.13,513.42,8,4.45,106,0.67,19.07,1.14,0,1.226118,21.277248,0.226118,0
CUST_001548,34.16,38.72,882.13,13,4.56,14,0.45,33.02,1.13,0,1.133489,22.782283,0.133489,0
CUST_000601,26.05,23.04,466.72,5,-3.01,161,0.77,25.18,0.97,0,0.884453,20.256944,-0.115547,0
CUST_008913,35.3,16.27,213.57,24,-19.03,226,0.04,27.63,1.15,3,0.460907,13.126613,-0.539093,1
CUST_002871,25.71,30.9,629.76,9,5.2,64,0.98,28.54,1.14,0,1.201867,20.380583,0.202256,0
CUST_000121,32.79,38.45,739.17,8,5.66,156,0.95,30.32,1.12,0,1.172614,19.224187,0.172614,0
CUST_004295,20.11,21.65,357.43,4,1.55,168,0.88,19.08,1.03,0,1.076579,16.509469,0.077076,0
CUST_003180,19.05,16.26,367.26,10,-2.79,12,0.96,21.11,0.81,0,0.853543,22.586716,-0.146457,0
CUST_009866,16.79,36.2,770.17,15,19.42,204,0.01,15.54,1.01,2,2.156045,21.275414,1.156641,1
CUST_008087,31.25,64.99,1082.11,16,33.73,3,0.05,34.24,0.83,1,2.07968,16.650408,1.07936,1
CUST_002144,21.94,21.91,522.66,8,-0.02,235,0.94,20.66,1.03,0,0.998633,23.854861,-0.000912,0
CUST_001507,16.56,15.23,272.35,10,-1.33,155,0.56,17.62,0.96,0,0.919686,17.882469,-0.080314,0
CUST_002127,33.98,38.59,594.49,7,4.61,183,0.38,33.93,1.11,0,1.135668,15.405286,0.135668,0
CUST_002557,23.54,21.42,527.66,8,-2.12,219,0.99,22.99,0.92,0,0.909941,24.633987,-0.090059,0
CUST_003239,15.87,18.62,420.76,6,2.75,13,0.68,16.78,1.18,0,1.173283,22.597207,0.173283,0
CUST_001349,17.86,22.57,442.14,3,4.71,38,0.77,16.82,1.11,1,1.263718,19.589721,0.263718,0
CUST_009027,27.66,49.92,939.53,15,22.27,185,0.04,30.13,0.95,2,1.804772,18.820713,0.805134,1
CUST_000617,22.97,23.29,363.53,5,0.31,160,0.9,21.02,0.89,0,1.013931,15.608845,0.013496,0
CUST_004775,16.28,13.84,272.97,8,-2.44,152,0.84,16.77,0.83,1,0.850123,19.723266,-0.149877,0
CUST_003152,20.41,16.23,401.48,10,-4.18,59,0.8,20.05,0.86,0,0.795198,24.736907,-0.204802,0
CUST_004922,16.92,15.55,304.46,11,-1.37,220,0.48,18.06,1.02,0,0.919031,19.579421,-0.080969,0
CUST_003198,15.33,12.77,288.31,6,-2.56,149,0.94,16.81,0.97,0,0.833007,22.577134,-0.166993,0
CUST_003352,18.28,20.85,461.71,9,2.57,191,0.94,19.95,1.12,0,1.140591,22.144365,0.140591,0
CUST_002998,36.17,30.09,740.45,7,-6.08,168,0.96,34.65,0.93,0,0.831905,24.607843,-0.168095,0
CUST_001578,19.03,19.22,352.75,5,0.19,101,0.49,20.71,0.88,1,1.009984,18.353278,0.009984,0
CUST_003692,28.88,22.46,425.56,9,-6.42,118,0.67,31.08,0.85,0,0.777701,18.947462,-0.222299,0
CUST_006700,34.25,12.14,187.01,30,-22.11,8,0.23,26.41,0.89,0,0.354453,15.404448,-0.645547,1
CUST_000491,15.36,13.48,258.44,7,-1.87,91,0.96,16.74,0.81,0,0.877604,19.172107,-0.121745,0
CUST_002265,32.38,43.14,748.83,5,10.76,172,0.93,32.56,1.17,0,1.332304,17.358136,0.332304,0
CUST_006536,15.85,32.54,614.24,15,16.69,4,0.33,16.25,0.82,1,2.052997,18.87646,1.052997,1
CUST_000721,16.28,14.49,309.04,8,-1.79,115,0.98,16.0,0.87,0,0.890049,21.327812,-0.109951,0
CUST_000579,23.98,24.43,577.69,5,0.45,35,0.64,23.47,1.05,0,1.018766,23.646746,0.018766,0
CUST_001484,16.11,18.95,364.3,5,2.84,195,1.0,17.66,1.12,0,1.176288,19.224274,0.176288,0
CUST_005568,23.17,9.06,155.13,18,-14.11,5,0.0,18.16,0.98,1,0.391023,17.122517,-0.608977,1
CUST_004044,20.66,17.06,397.03,9,-3.6,202,0.63,19.58,0.85,0,0.82575,23.272567,-0.17425,0
CUST_004946,26.7,24.67,443.45,1,-2.03,221,0.98,26.79,1.06,0,0.92397,17.975274,-0.07603,0
CUST_000576,23.04,21.58,493.37,8,-1.46,25,0.53,23.34,0.94,0,0.936632,22.862373,-0.063368,0
CUST_008019,24.54,9.6,136.69,26,-14.93,188,0.06,21.32,0.98,3,0.391198,14.238542,-0.608394,1
CUST_006957,19.13,12.44,246.39,30,-6.69,2,0.18,18.27,1.18,0,0.650288,19.80627,-0.349712,1
CUST_006734,35.64,39.24,781.31,25,3.6,1,0.14,32.51,1.08,2,1.10101,19.91106,0.10101,1
CUST_006675,32.73,15.76,320.74,30,-16.97,5,0.03,32.82,0.88,0,0.481515,20.351523,-0.518485,1
CUST_008313,16.98,17.5,392.59,32,0.52,137,0.21,15.5,0.98,1,1.030624,22.433714,0.030624,1
CUST_008486,22.93,20.45,322.83,50,-2.48,10,0.02,21.63,0.93,1,0.891845,15.786308,-0.108155,1
CUST_001518,15.01,14.76,330.06,5,-0.25,194,0.67,15.78,1.01,0,0.983344,22.361789,-0.016656,0
CUST_004242,24.38,24.15,428.58,5,-0.23,139,0.89,23.35,1.1,0,0.990566,17.746584,-0.009434,0
CUST_000263,26.94,23.99,570.05,9,-2.95,237,0.94,29.93,0.92,0,0.890497,23.761984,-0.109503,0
CUST_003068,17.77,16.39,273.43,7,-1.38,152,0.92,17.85,1.05,0,0.922341,16.682733,-0.077659,0
CUST_007268,24.98,32.02,654.99,20,7.04,10,0.18,25.63,1.05,2,1.281825,20.455653,0.281825,1
CUST_007234,22.33,46.05,706.33,19,23.72,231,0.34,26.06,0.82,1,2.062248,15.338328,1.062248,1
CUST_008725,18.1,7.48,108.03,27,-10.62,225,0.19,15.23,1.03,1,0.41326,14.442513,-0.58674,1
CUST_004453,25.18,29.38,497.79,10,4.2,171,0.98,24.54,1.18,0,1.166799,16.943159,0.166799,0
CUST_008513,17.0,41.41,891.96,23,24.41,7,0.18,18.35,0.89,0,2.435882,21.539725,1.435882,1
CUST_000749,20.61,18.52,313.39,9,-2.09,159,0.93,20.84,1.04,0,0.898593,16.921706,-0.101407,0
CUST_002685,34.33,31.99,610.03,9,-2.33,190,0.83,32.79,0.85,1,0.931838,19.069397,-0.067871,0
CUST_004273,15.37,20.89,463.39,2,5.51,189,0.57,15.42,1.19,0,1.359141,22.182384,0.358491,0
CUST_002780,14.9,12.92,201.58,10,-1.98,18,0.62,15.15,0.84,0,0.867114,15.602167,-0.132886,0
CUST_004697,17.22,17.33,332.56,3,0.1,104,0.97,18.91,1.03,0,1.006388,19.189844,0.005807,0
CUST_004107,16.17,18.98,468.15,6,2.81,195,0.99,15.98,1.09,0,1.173779,24.665437,0.173779,0
CUST_000826,22.07,23.33,459.28,11,1.27,169,0.94,23.35,1.1,0,1.057091,19.686241,0.057544,0
CUST_000662,21.07,25.68,636.69,11,4.61,136,0.92,23.35,1.08,0,1.218794,24.793224,0.218794,0
CUST_000141,31.56,36.2,571.18,10,4.64,174,0.9,34.96,1.07,0,1.147022,15.778453,0.147022,0
CUST_008005,25.08,55.07,1099.35,30,29.99,8,0.44,25.33,0.88,2,2.195774,19.962775,1.195774,1
CUST_003326,29.1,24.45,385.22,9,-4.65,25,0.85,29.42,0.96,0,0.840206,15.755419,-0.159794,0
CUST_009644,33.33,26.45,449.74,33,-6.88,164,0.17,31.1,0.84,0,0.793579,17.003403,-0.206421,1
CUST_000425,19.53,24.25,588.41,8,4.72,179,0.76,18.52,1.11,1,1.241679,24.26433,0.241679,0
CUST_009050,34.17,15.13,243.23,31,-19.04,1,0.18,29.27,1.11,1,0.442786,16.076008,-0.557214,1
CUST_009146,34.36,15.49,171.0,42,-18.87,140,0.21,29.37,1.13,2,0.450815,11.03938,-0.549185,1
CUST_004898,27.89,28.7,486.74,4,0.81,35,0.82,29.96,1.1,0,1.029043,16.959582,0.029043,0
CUST_001763,24.39,28.09,650.4,11,3.7,140,0.88,23.82,1.18,0,1.151702,23.154147,0.151702,0
CUST_006639,19.51,8.36,203.9,41,-11.15,5,0.23,20.75,1.13,0,0.428498,24.389952,-0.571502,1
CUST_001706,21.73,23.04,365.67,3,1.31,77,0.91,20.7,1.19,0,1.060285,15.871094,0.060285,0
CUST_001591,16.49,15.08,323.94,8,-1.4,121,0.92,16.73,0.8,0,0.914494,21.481432,-0.0849,0
CUST_001707,28.23,26.68,403.45,7,-1.54,224,0.53,31.14,0.92,0,0.945094,15.121814,-0.054552,0
CUST_004370,22.42,18.66,425.55,9,-3.76,131,0.88,21.61,0.89,0,0.832293,22.805466,-0.167707,0
CUST_005796,27.98,11.19,145.56,33,-16.78,231,0.15,24.26,1.0,0,0.399929,13.008043,-0.599714,1
CUST_001422,15.61,12.75,258.78,9,-2.86,79,0.94,15.03,0.89,0,0.816784,20.296471,-0.183216,0
CUST_009789,19.28,16.93,309.1,49,-2.35,7,0.28,17.84,0.96,1,0.878112,18.257531,-0.121888,1
CUST_000853,14.89,15.8,305.29,5,0.91,145,0.94,15.4,1.02,0,1.061115,19.322152,0.061115,0
CUST_002511,17.16,21.04,327.28,6,3.89,36,0.89,16.17,1.11,0,1.226107,15.555133,0.22669,0
CUST_006265,33.97,14.73,244.77,15,-19.23,5,0.01,28.08,1.08,1,0.433618,16.617108,-0.566088,1
CUST_005520,21.41,53.64,734.8,16,32.23,3,0.25,22.03,1.0,0,2.505371,13.698732,1.505371,1
CUST_009372,31.56,12.06,202.82,35,-19.5,1,0.12,26.51,0.96,0,0.382129,16.817579,-0.617871,1
CUST_001764,30.52,27.7,452.36,7,-2.82,239,0.94,31.78,1.05,1,0.907602,16.330686,-0.092398,0
CUST_001871,27.49,31.88,643.93,12,4.39,206,0.6,25.83,1.09,0,1.159694,20.198557,0.159694,0
CUST_008395,23.15,25.96,408.05,37,2.81,2,0.11,22.37,1.06,3,1.121382,15.718413,0.121382,1
CUST_004497,27.02,28.08,541.63,8,1.06,222,0.89,27.4,1.11,1,1.03923,19.288818,0.03923,0
CUST_001394,17.48,14.76,356.62,10,-2.72,185,0.94,17.51,0.83,0,0.844394,24.161247,-0.155606,0
CUST_001151,35.01,30.75,588.98,7,-4.26,34,0.84,33.29,0.94,0,0.87832,19.153821,-0.12168,0
CUST_001297,23.13,18.69,349.44,4,-4.44,144,0.62,23.44,0.94,0,0.808042,18.696629,-0.191958,0
CUST_003148,14.35,11.78,208.24,5,-2.57,90,0.39,15.86,0.94,0,0.820906,17.677419,-0.179094,0
CUST_005821,20.12,19.07,313.5,29,-1.05,8,0.19,20.58,0.98,2,0.947813,16.439434,-0.052187,1
CUST_005771,16.62,42.69,607.55,37,26.07,123,0.09,17.72,1.03,2,2.568592,14.23167,1.568592,1
CUST_007810,31.23,55.3,1240.28,26,24.07,5,0.02,28.89,0.93,3,1.770733,22.42821,0.770733,1
CUST_000198,25.0,24.98,584.15,11,-0.02,76,0.75,24.19,0.92,0,0.9992,23.384708,-0.0008,0
CUST_007116,25.08,25.44,520.76,47,0.36,226,0.22,25.15,1.07,0,1.014354,20.470126,0.014354,1
CUST_003365,34.05,26.11,485.62,5,-7.94,47,0.98,31.56,0.83,0,0.766814,18.599004,-0.233186,0
CUST_004939,28.66,20.01,471.77,4,-8.65,79,0.8,26.84,0.81,0,0.698186,23.576712,-0.301814,0
CUST_002764,28.24,21.71,479.23,10,-6.54,16,0.96,28.86,0.88,1,0.768768,22.074159,-0.231586,0
CUST_005668,19.89,58.67,1135.78,26,38.79,10,0.09,24.22,1.18,1,2.949723,19.358786,1.950226,1
CUST_007910,18.41,25.91,457.16,42,7.5,7,0.04,19.56,0.96,1,1.407387,17.644153,0.407387,1
CUST_000838,16.08,15.38,325.78,4,-0.7,79,0.67,17.8,1.07,0,0.956468,21.182055,-0.043532,0
CUST_004100,31.27,38.55,794.21,4,7.28,107,0.9,29.76,1.15,0,1.232811,20.602075,0.232811,0
CUST_000913,17.14,19.64,465.12,3,2.5,32,0.84,17.46,1.19,0,1.145858,23.682281,0.145858,0
CUST_005077,25.61,46.19,825.76,21,20.58,10,0.36,24.68,0.91,0,1.803592,17.877463,0.803592,1
CUST_009742,28.34,83.54,1557.75,32,55.21,1,0.04,31.76,1.18,1,2.947777,18.646756,1.94813,1
CUST_001387,17.31,19.98,373.85,6,2.66,205,0.96,17.07,1.01,1,1.154246,18.711211,0.153668,0
CUST_009807,20.12,22.01,431.69,37,1.89,7,0.01,18.89,1.13,0,1.093936,19.613358,0.093936,1
CUST_004183,20.13,20.81,342.69,9,0.67,225,0.98,20.23,1.17,0,1.03378,16.467564,0.033284,0
CUST_006674,19.85,8.35,178.15,20,-11.51,132,0.4,19.82,1.06,2,0.420655,21.335329,-0.579849,1
CUST_008553,26.98,54.69,1133.55,33,27.71,123,0.14,33.22,0.81,2,2.027057,20.726824,1.027057,1
CUST_002604,24.72,20.96,492.59,7,-3.76,218,0.75,25.9,0.96,0,0.847896,23.501431,-0.152104,0
CUST_009031,17.86,7.46,100.0,24,-10.4,215,0.03,17.3,1.04,2,0.417693,13.404826,-0.582307,1
CUST_001688,16.99,16.81,265.78,3,-0.18,102,0.93,15.45,0.89,0,0.989406,15.810827,-0.010594,0
CUST_003403,32.28,27.64,671.06,7,-4.65,126,0.84,32.95,1.0,0,0.856258,24.278582,-0.144052,0
CUST_006801,26.07,55.46,954.42,24,29.39,6,0.25,27.6,0.96,1,2.127349,17.20916,1.127349,1
CUST_009819,20.77,55.28,1219.6,18,34.51,193,0.14,24.17,1.06,0,2.661531,22.062229,1.661531,1
CUST_002895,35.83,47.11,780.38,5,11.27,165,0.88,33.01,1.17,0,1.31482,16.56506,0.314541,0
CUST_009689,20.19,49.4,1068.95,25,29.2,6,0.07,22.67,0.98,3,2.446756,21.638664,1.446261,1
CUST_007161,28.51,13.34,170.56,35,-15.17,193,0.09,23.98,1.17,2,0.467906,12.785607,-0.532094,1
CUST_005417,16.22,17.16,319.61,28,0.94,221,0.29,16.3,1.16,1,1.057953,18.625291,0.057953,1
CUST_005062,27.19,72.34,1201.8,42,45.15,155,0.03,27.92,1.06,0,2.660537,16.613215,1.660537,1
CUST_003055,25.74,27.26,519.25,11,1.52,69,0.69,27.22,1.12,1,1.059052,19.048056,0.059052,0
CUST_000211,31.16,35.45,616.82,6,4.29,204,0.96,28.99,1.05,0,1.137677,17.399718,0.137677,0
CUST_002833,25.1,21.3,512.6,2,-3.8,219,0.78,23.2,0.81,0,0.848606,24.065728,-0.151394,0
CUST_007690,32.38,13.01,225.15,15,-19.37,3,0.04,26.3,1.0,1,0.401791,17.305919,-0.598209,1
CUST_004203,17.55,20.39,453.87,9,2.84,72,0.75,16.29,1.17,0,1.161823,22.259441,0.161823,0
CUST_000485,23.56,22.34,483.44,7,-1.22,211,0.61,24.42,1.03,0,0.948217,21.640107,-0.051783,0
CUST_003722,24.02,19.86,337.86,5,-4.16,22,0.65,24.11,0.92,0,0.826811,17.012085,-0.173189,0
CUST_002790,30.22,29.4,641.29,6,-0.82,26,0.97,27.56,1.08,0,0.972866,21.812585,-0.027134,0
CUST_000889,20.74,18.55,322.87,7,-2.18,135,0.78,21.22,1.04,1,0.894407,17.405391,-0.105111,0
CUST_006670,26.12,63.27,876.22,30,37.15,10,0.02,29.91,0.97,1,2.422282,13.848902,1.422282,1
CUST_008737,21.7,51.39,1146.24,39,29.69,228,0.04,24.75,0.95,0,2.368203,22.304729,1.368203,1
CUST_008274,26.74,22.64,445.73,38,-4.1,213,0.11,24.74,0.93,3,0.846672,19.687721,-0.153328,1
CUST_009592,28.46,83.53,1269.48,17,55.08,232,0.02,28.96,1.17,2,2.934996,15.197893,1.935348,1
CUST_000728,23.16,23.95,438.26,5,0.79,101,0.91,24.68,1.08,0,1.034111,18.298956,0.034111,0
CUST_001513,21.24,22.56,396.61,5,1.32,28,0.82,19.42,0.95,0,1.062147,17.58023,0.062147,0
CUST_006190,20.37,55.95,963.31,30,35.58,2,0.49,24.02,1.1,1,2.746686,17.217337,1.746686,1
CUST_009952,34.69,13.76,178.83,19,-20.93,4,0.03,28.53,0.99,0,0.396656,12.996366,-0.603344,1
CUST_009272,15.43,33.32,595.54,40,17.9,136,0.42,15.5,0.86,1,2.15943,17.873349,1.160078,1
CUST_006652,36.75,14.48,174.6,34,-22.27,167,0.46,30.82,0.98,1,0.394014,12.058011,-0.605986,1
CUST_000197,28.08,25.63,429.13,7,-2.45,234,0.92,30.54,0.83,0,0.912749,16.74327,-0.087251,0
CUST_007243,28.69,57.96,945.1,28,29.27,166,0.32,28.84,0.81,1,2.020216,16.306073,1.020216,1
CUST_001620,26.74,24.15,497.73,5,-2.59,214,0.65,26.04,1.04,0,0.903141,20.609938,-0.096859,0
CUST_004950,19.69,23.19,532.35,7,3.5,120,0.87,18.18,1.05,0,1.177755,22.956016,0.177755,0
CUST_000655,14.41,10.68,253.27,10,-3.73,166,0.97,15.2,0.81,0,0.741152,23.714419,-0.258848,0
CUST_001963,19.6,18.63,413.3,7,-0.97,197,0.91,20.27,0.86,0,0.95051,22.184648,-0.04949,0
CUST_006567,28.3,28.88,619.47,26,0.58,7,0.05,26.08,1.13,1,1.020495,21.449792,0.020495,1
CUST_003780,20.06,19.81,312.52,11,-0.25,12,0.82,21.53,0.95,0,0.987537,15.775871,-0.012463,0
CUST_006695,29.59,27.17,598.85,57,-2.42,11,0.21,32.1,0.96,0,0.918216,22.040854,-0.081784,1
CUST_003546,31.75,32.52,597.49,4,0.77,168,0.83,30.46,1.14,0,1.024252,18.373001,0.024252,0
CUST_004589,36.29,30.21,531.8,5,-6.08,101,0.93,34.0,0.81,0,0.832461,17.603443,-0.167539,0
CUST_001607,33.16,31.86,583.81,8,-1.3,174,0.8,34.95,0.96,0,0.960796,18.324231,-0.039204,0
CUST_008555,18.97,7.93,131.44,27,-11.04,202,0.28,15.36,1.05,0,0.418028,16.575032,-0.581972,1
CUST_004603,29.9,35.73,758.02,7,5.84,20,0.85,28.54,1.12,0,1.194983,21.215225,0.195318,0
CUST_002657,23.08,16.14,306.62,3,-6.94,15,1.0,22.29,0.82,0,0.699307,18.997522,-0.300693,0
CUST_006152,20.53,9.15,112.52,25,-11.38,4,0.16,16.36,1.11,1,0.445689,12.297268,-0.554311,1
CUST_003522,21.34,16.66,372.65,6,-4.69,61,0.47,21.32,0.83,0,0.780694,22.367947,-0.219775,0
CUST_002216,20.11,20.81,423.94,7,0.69,56,0.91,20.19,1.0,0,1.034809,20.371937,0.034311,0
CUST_007634,26.12,39.5,925.6,24,13.38,4,0.06,28.04,1.09,1,1.512251,23.432911,0.512251,1
CUST_007911,31.8,80.62,1371.15,39,48.82,174,0.13,33.83,1.01,3,2.53522,17.007566,1.53522,1
CUST_001073,16.43,17.54,304.14,4,1.11,162,0.88,15.85,1.06,0,1.067559,17.339795,0.067559,0
CUST_000348,31.11,31.68,604.03,5,0.58,35,0.95,28.64,1.16,0,1.018322,19.066604,0.018644,0
CUST_006583,38.38,12.38,141.36,18,-26.0,124,0.13,33.07,0.81,2,0.322564,11.418417,-0.677436,1
CUST_005507,15.53,16.07,291.43,34,0.54,1,0.0,15.04,0.95,2,1.034771,18.135034,0.034771,1
CUST_007061,26.39,11.15,182.68,15,-15.24,1,0.02,22.99,1.06,3,0.422509,16.383857,-0.577491,1
CUST_001612,32.57,35.63,635.5,8,3.07,65,0.96,31.55,1.07,0,1.093951,17.836093,0.094259,0
CUST_003014,34.06,39.63,903.04,5,5.57,80,0.89,31.69,1.04,0,1.163535,22.786778,0.163535,0
CUST_003282,31.76,34.18,679.07,2,2.43,165,0.47,33.34,1.1,0,1.076196,19.867466,0.076511,0
CUST_002636,21.27,16.61,390.21,6,-4.66,43,0.96,22.66,0.88,0,0.780912,23.492474,-0.219088,0
CUST_005891,21.57,9.0,109.89,43,-12.57,1,0.02,21.55,1.04,1,0.417246,12.21,-0.582754,1
CUST_000703,27.63,31.8,648.5,3,4.17,184,0.95,28.87,1.17,0,1.150923,20.393082,0.150923,0
CUST_002566,22.38,28.52,630.31,4,6.15,66,0.84,21.69,1.17,0,1.274352,22.100631,0.274799,0
CUST_007134,31.1,77.53,1737.11,35,46.44,11,0.01,34.47,1.0,3,2.492926,22.405649,1.493248,1
CUST_000949,34.05,29.81,722.71,5,-4.24,171,0.89,33.61,1.02,0,0.875477,24.243878,-0.124523,0
CUST_002261,31.13,35.2,565.71,9,4.07,239,0.69,28.83,1.11,0,1.130742,16.071307,0.130742,0
CUST_008154,17.13,6.1,100.0,40,-11.03,11,0.02,15.08,0.89,2,0.3561,16.393443,-0.6439,1
CUST_008183,24.62,67.9,1506.18,42,43.28,11,0.22,29.43,1.1,3,2.75792,22.182327,1.75792,1
CUST_004212,16.16,20.02,429.87,8,3.86,234,0.92,16.79,1.1,0,1.238861,21.472028,0.238861,0
CUST_002793,17.28,17.48,385.08,8,0.2,175,0.77,17.23,0.98,0,1.011574,22.029748,0.011574,0
CUST_002411,20.6,23.42,396.45,6,2.82,93,0.57,19.32,1.17,0,1.136893,16.927839,0.136893,0
CUST_009778,18.71,21.26,407.04,38,2.54,2,0.22,19.6,1.06,0,1.136291,19.145814,0.135756,1
CUST_000915,31.63,31.28,742.48,7,-0.35,182,0.78,31.92,0.96,0,0.988935,23.736573,-0.011065,0
CUST_008172,28.2,9.8,170.21,26,-18.4,10,0.14,22.03,0.87,2,0.347518,17.368367,-0.652482,1
CUST_004518,27.54,35.05,781.2,11,7.51,57,0.88,29.2,1.13,0,1.272694,22.28816,0.272694,0
CUST_004377,27.98,28.41,564.56,4,0.43,35,0.95,30.95,1.17,1,1.015368,19.871876,0.015368,0
CUST_006630,18.03,39.69,640.67,33,21.66,197,0.54,19.17,0.88,0,2.201331,16.141849,1.201331,1
CUST_000715,21.78,27.94,686.9,7,6.16,157,0.94,21.68,1.18,0,1.282828,24.584825,0.282828,0
CUST_009891,29.11,69.87,1120.2,18,40.75,6,0.04,33.41,0.96,1,2.400206,16.032632,1.399863,1
CUST_001786,36.06,41.79,630.2,8,5.74,22,0.88,34.79,1.13,0,1.158902,15.080163,0.159179,0
CUST_001051,25.6,24.86,397.94,7,-0.74,71,0.79,24.78,0.92,0,0.971094,16.007241,-0.028906,0
CUST_001956,19.24,16.04,295.53,6,-3.2,35,0.93,19.64,0.89,0,0.83368,18.424564,-0.16632,0
CUST_006833,24.33,70.52,1277.62,39,46.19,230,0.06,28.01,1.16,1,2.898479,18.11713,1.898479,1
CUST_002036,21.71,21.18,462.03,4,-0.53,118,1.0,21.97,0.85,0,0.975587,21.814448,-0.024413,0
CUST_008690,23.77,48.86,1065.83,34,25.09,9,0.11,29.1,0.82,2,2.055532,21.813958,1.055532,1
CUST_008767,14.42,36.03,727.56,42,21.61,10,0.04,16.22,1.0,1,2.498613,20.193172,1.498613,1
CUST_006775,19.84,20.25,419.04,31,0.41,5,0.32,20.41,0.99,1,1.020665,20.693333,0.020665,1
CUST_009427,22.8,39.78,713.6,15,16.99,6,0.0,22.66,1.17,2,1.744737,17.938663,0.745175,1
CUST_008068,31.96,70.84,1102.68,31,38.88,146,0.4,32.81,0.89,0,2.216521,15.565782,1.216521,1
CUST_003917,33.76,30.08,636.14,10,-3.68,130,0.98,34.49,0.9,0,0.890995,21.148271,-0.109005,0
CUST_003499,33.25,31.58,673.62,10,-1.67,40,0.56,33.29,0.98,0,0.949774,21.330589,-0.050226,0
CUST_001501,25.09,25.47,394.45,8,0.38,124,0.97,27.88,0.93,0,1.015145,15.486847,0.015145,0
CUST_000702,17.14,16.97,370.61,3,-0.17,239,0.81,16.91,0.87,0,0.990082,21.839128,-0.009918,0
CUST_001282,26.16,26.18,499.54,8,0.01,87,0.92,26.71,0.91,0,1.000765,19.080978,0.000382,0
CUST_008844,24.88,54.62,1165.57,19,29.74,138,0.16,25.72,1.18,2,2.195338,21.339619,1.195338,1
CUST_002769,23.37,18.74,338.52,4,-4.63,128,0.7,21.36,0.84,0,0.801883,18.064034,-0.198117,0
CUST_001528,23.73,24.37,488.63,11,0.64,90,0.87,23.49,0.96,0,1.02697,20.050472,0.02697,0
CUST_009151,25.26,9.12,118.72,36,-16.14,1,0.2,22.29,0.9,1,0.361045,13.017544,-0.638955,1
CUST_006657,18.7,20.99,464.55,29,2.29,8,0.5,17.98,1.14,1,1.12246,22.131968,0.12246,1
CUST_004875,29.67,33.21,610.5,10,3.54,103,0.97,27.16,1.16,0,1.119312,18.383017,0.119312,0
CUST_004707,17.87,19.06,313.79,7,1.19,113,0.97,18.23,0.95,0,1.066592,16.463274,0.066592,0
CUST_001996,31.76,28.51,608.47,11,-3.25,54,0.85,33.02,1.0,0,0.89767,21.342336,-0.10233,0
CUST_003518,21.84,22.86,411.52,9,1.01,176,0.48,21.04,1.18,0,1.046703,18.00175,0.046245,0
CUST_000357,34.39,40.42,719.37,5,6.03,34,0.74,33.71,1.16,0,1.175342,17.797378,0.175342,0
CUST_009706,26.35,12.25,150.38,44,-14.1,215,0.05,24.49,1.16,0,0.464896,12.275918,-0.535104,1
CUST_006770,32.2,37.24,593.97,57,5.04,177,0.45,29.54,1.08,0,1.156522,15.949785,0.156522,1
CUST_007056,16.68,14.62,316.42,57,-2.06,10,0.12,17.75,0.92,2,0.876499,21.642955,-0.123501,1
CUST_006262,37.15,11.96,139.52,27,-25.19,166,0.08,29.83,0.8,1,0.321938,11.665552,-0.678062,1
CUST_003790,30.19,26.25,408.06,9,-3.93,24,0.86,30.78,0.81,0,0.869493,15.545143,-0.130176,0
CUST_003324,32.33,30.43,736.41,5,-1.9,227,0.93,33.65,0.99,0,0.941231,24.200131,-0.058769,0
CUST_003564,14.56,15.58,286.45,7,1.02,151,0.9,15.27,1.0,0,1.070055,18.385751,0.070055,0
CUST_009894,18.24,8.2,121.9,17,-10.04,7,0.51,15.41,1.12,1,0.449561,14.865854,-0.550439,1
CUST_008394,27.7,49.38,835.26,22,21.68,5,0.01,25.22,1.01,1,1.782671,16.914945,0.782671,1
CUST_009271,20.18,44.53,943.83,33,24.35,2,0.06,19.69,0.86,1,2.20664,21.195374,1.20664,1
CUST_008216,28.2,67.91,1672.45,17,39.72,1,0.16,25.82,0.89,2,2.408156,24.627448,1.408511,1
CUST_003378,29.21,29.43,595.0,7,0.22,37,0.9,29.19,1.05,0,1.007532,20.217465,0.007532,0
CUST_008678,26.81,14.3,331.87,21,-12.51,10,0.03,27.11,1.03,2,0.533383,23.207692,-0.466617,1
CUST_004200,25.68,28.45,513.47,8,2.77,36,0.86,23.35,1.16,0,1.107866,18.048155,0.107866,0
CUST_005704,30.53,26.3,503.87,37,-4.23,3,0.15,28.43,0.95,2,0.861448,19.158555,-0.138552,1
CUST_003830,17.83,16.7,370.19,5,-1.12,158,0.75,17.37,0.99,0,0.936624,22.167066,-0.062815,0
CUST_000372,35.33,35.91,645.02,5,0.58,103,0.98,32.93,1.07,0,1.016417,17.962128,0.016417,0
CUST_009648,21.67,40.39,818.15,29,18.73,5,0.34,23.13,1.07,0,1.863867,20.256252,0.864329,1
CUST_005983,25.49,55.23,834.27,42,29.74,177,0.02,29.49,0.87,0,2.166732,15.105378,1.166732,1
CUST_009916,29.49,13.73,230.45,38,-15.76,10,0.07,23.33,1.16,1,0.465582,16.784414,-0.534418,1
CUST_005884,24.72,56.53,790.3,26,31.81,11,0.06,28.22,0.91,1,2.286812,13.980188,1.286812,1
CUST_000766,24.58,17.71,328.54,14,-6.88,172,0.74,24.63,0.82,0,0.720504,18.551101,-0.279902,0
CUST_005016,26.01,28.96,479.48,34,2.95,1,0.24,26.62,1.19,0,1.113418,16.55663,0.113418,1
CUST_001761,32.63,34.58,619.99,6,1.95,129,0.45,34.87,0.95,0,1.059761,17.92915,0.059761,0
CUST_008547,17.34,9.49,178.43,34,-7.85,139,0.36,16.4,0.94,3,0.54729,18.801897,-0.45271,1
CUST_004416,20.96,22.82,349.64,5,1.87,50,1.0,20.9,1.17,0,1.08874,15.321648,0.089218,0
CUST_000579,23.98,24.43,577.69,5,0.45,35,0.64,23.47,1.05,0,1.018766,23.646746,0.018766,0
CUST_003476,23.16,23.78,430.57,7,0.62,118,0.96,22.83,1.1,0,1.02677,18.106392,0.02677,0
CUST_001394,17.48,14.76,356.62,10,-2.72,185,0.94,17.51,0.83,0,0.844394,24.161247,-0.155606,0
CUST_005363,22.5,20.79,397.72,27,-1.72,122,0.05,20.62,1.16,3,0.924,19.130351,-0.076444,1
CUST_003042,25.3,27.7,519.59,9,2.4,217,0.95,25.09,1.11,0,1.094862,18.757762,0.094862,0
CUST_008590,37.84,18.15,296.64,20,-19.69,134,0.04,34.46,1.2,1,0.479651,16.343802,-0.520349,1
CUST_005699,20.6,53.9,1123.12,24,33.3,210,0.05,23.12,1.05,0,2.616505,20.837106,1.616505,1
CUST_008248,27.44,56.45,1048.6,36,29.01,7,0.62,29.88,0.82,1,2.057216,18.575731,1.057216,1
CUST_007884,27.74,11.98,160.25,36,-15.75,11,0.08,21.68,1.08,1,0.431867,13.376461,-0.567772,1
CUST_004596,26.75,23.98,584.29,4,-2.77,144,0.82,25.33,0.81,0,0.896449,24.365721,-0.103551,0
CUST_008781,21.12,9.87,148.16,38,-11.25,196,0.09,16.88,1.17,0,0.46733,15.011145,-0.53267,1
CUST_008283,29.76,54.75,1362.82,28,24.99,5,0.13,27.29,1.03,0,1.839718,24.891689,0.839718,1
CUST_003317,30.29,27.7,453.61,7,-2.59,200,0.94,31.42,0.94,0,0.914493,16.375812,-0.085507,0
CUST_005366,15.47,29.07,669.3,19,13.6,3,0.14,16.98,1.18,2,1.879121,23.023736,0.879121,1
CUST_005269,26.73,28.41,581.31,27,1.68,134,0.03,27.49,1.0,0,1.062851,20.461457,0.062851,1
CUST_002441,31.67,32.63,574.75,8,0.96,237,0.56,34.03,1.04,0,1.030313,17.614159,0.030313,0
CUST_001804,29.01,32.18,604.68,2,3.18,36,0.94,28.05,0.97,0,1.109273,18.790553,0.109617,0
CUST_004968,26.9,30.75,701.02,5,3.85,109,0.49,25.58,1.15,0,1.143123,22.797398,0.143123,0
CUST_003547,16.92,13.48,272.73,8,-3.44,61,0.85,15.92,0.9,0,0.79669,20.232196,-0.20331,0
CUST_001081,19.54,18.7,298.11,5,-0.83,146,0.94,19.62,1.06,0,0.957011,15.941711,-0.042477,0
CUST_007745,30.36,21.4,378.51,37,-8.96,224,0.05,30.79,1.18,3,0.704875,17.687383,-0.295125,1
CUST_008287,30.55,90.0,1897.77,18,59.44,3,0.02,32.87,1.18,1,2.94599,21.086333,1.945663,1
CUST_008474,17.51,23.88,430.95,38,6.38,6,0.15,16.96,1.15,0,1.363792,18.046482,0.364363,1
CUST_002926,23.27,23.95,495.82,2,0.68,55,0.87,24.21,0.97,0,1.029222,20.702296,0.029222,0
CUST_000158,18.47,14.51,356.29,9,-3.97,223,0.82,16.81,0.81,0,0.785598,24.55479,-0.214943,0
CUST_009734,26.55,57.74,1119.66,44,31.19,169,0.27,29.08,0.87,1,2.174765,19.39141,1.174765,1
CUST_002643,21.31,24.91,373.78,8,3.6,52,0.87,23.14,1.05,0,1.168935,15.005219,0.168935,0
CUST_005485,19.07,44.77,724.85,18,25.7,223,0.33,21.77,0.94,1,2.347666,16.190529,1.347666,1
CUST_004652,22.58,21.75,478.43,3,-0.83,181,0.66,24.42,1.06,0,0.963242,21.996782,-0.036758,0
CUST_009062,43.06,16.19,243.58,38,-26.87,11,0.13,34.13,0.94,1,0.375987,15.04509,-0.624013,1
CUST_008533,35.38,14.55,178.32,29,-20.83,6,0.12,32.56,1.03,1,0.411249,12.25567,-0.588751,1
CUST_001057,24.32,24.36,576.32,3,0.05,172,0.79,25.03,0.9,0,1.001645,23.658456,0.002056,0
CUST_003238,17.94,21.72,342.69,7,3.78,166,0.99,17.27,1.08,0,1.210702,15.777624,0.210702,0
CUST_003699,27.92,26.52,637.97,8,-1.39,206,0.82,26.26,0.87,0,0.949857,24.056184,-0.049785,0
CUST_005788,21.57,48.71,714.9,38,27.14,2,0.04,24.91,0.9,0,2.258229,14.676658,1.258229,1
CUST_003595,18.58,14.9,230.08,5,-3.68,174,0.58,17.54,0.82,0,0.801938,15.441611,-0.198062,0
CUST_006063,24.48,11.61,184.99,38,-12.86,146,0.06,22.76,1.19,1,0.474265,15.933678,-0.525327,1
CUST_002390,30.24,23.23,374.68,10,-7.0,27,0.84,32.33,0.82,0,0.768188,16.129143,-0.231481,0
CUST_007048,36.02,14.1,220.82,32,-21.92,11,0.14,28.44,0.98,1,0.391449,15.660993,-0.608551,1
CUST_000178,20.74,23.02,372.36,10,2.28,121,0.86,22.09,1.0,0,1.109932,16.1755,0.109932,0
CUST_000302,31.98,27.16,512.31,5,-4.82,148,0.49,32.34,0.9,0,0.849281,18.862666,-0.150719,0
CUST_002411,20.6,23.42,396.45,6,2.82,93,0.57,19.32,1.17,0,1.136893,16.927839,0.136893,0
CUST_003583,29.07,25.88,485.19,5,-3.19,125,0.75,31.31,0.84,0,0.890265,18.747682,-0.109735,0
CUST_002762,23.85,18.78,420.83,7,-5.08,72,0.95,23.61,0.82,0,0.787421,22.408413,-0.212998,0
CUST_006458,16.04,10.81,207.28,21,-5.23,1,0.44,15.57,1.18,0,0.67394,19.174838,-0.32606,1
CUST_004610,27.33,20.0,461.33,6,-7.33,207,0.8,25.81,0.82,0,0.731797,23.0665,-0.268203,0
CUST_006423,25.69,66.09,1307.36,34,40.4,1,0.1,29.28,1.03,2,2.572596,19.78151,1.572596,1
CUST_004187,27.41,26.08,442.06,6,-1.33,31,0.92,27.63,0.97,0,0.951478,16.950153,-0.048522,0
CUST_008822,17.42,39.24,552.04,26,21.82,238,0.01,18.02,0.9,1,2.252583,14.068298,1.252583,1
CUST_007972,13.9,40.51,595.5,27,26.62,137,0.01,16.41,1.17,1,2.914388,14.700074,1.915108,1
CUST_002854,19.08,13.88,298.83,11,-5.19,95,0.77,20.6,0.82,0,0.727463,21.529539,-0.272013,0
CUST_002830,32.6,32.83,626.78,8,0.23,182,0.84,31.91,0.98,0,1.007055,19.091684,0.007055,0
CUST_001914,22.78,20.04,430.47,5,-2.74,155,0.96,25.2,0.89,0,0.879719,21.480539,-0.120281,0
CUST_004787,22.59,27.87,501.19,5,5.28,38,0.77,21.0,1.15,0,1.233732,17.983136,0.233732,0
CUST_003509,14.61,12.74,212.69,6,-1.87,44,0.47,15.93,0.81,0,0.872005,16.694662,-0.127995,0
CUST_008532,17.77,15.71,317.37,54,-2.07,234,0.27,18.6,0.92,1,0.884074,20.201782,-0.116488,1
CUST_000748,24.92,21.77,330.68,10,-3.16,201,0.54,23.71,0.95,0,0.873596,15.189711,-0.126806,0
CUST_007476,35.51,42.98,829.3,30,7.46,233,0.3,33.05,1.17,1,1.210363,19.295021,0.210082,1
CUST_000695,32.38,32.71,495.97,8,0.33,137,0.97,32.28,0.93,0,1.010191,15.162641,0.010191,0
CUST_008403,16.63,49.63,1108.33,33,33.0,169,0.08,17.6,1.19,0,2.984366,22.331856,1.984366,1
CUST_003703,26.4,28.07,643.94,9,1.67,201,0.75,27.35,1.03,0,1.063258,22.940506,0.063258,0
CUST_003060,17.02,14.18,220.9,7,-2.84,155,0.87,18.46,0.9,0,0.833137,15.578279,-0.166863,0
CUST_005767,29.84,76.55,1134.45,41,46.7,199,0.16,34.3,1.03,3,2.565349,14.819726,1.565013,1
CUST_009321,19.61,35.25,630.74,44,15.64,11,0.09,21.07,0.83,1,1.797552,17.893333,0.797552,1
CUST_000533,17.81,15.26,306.88,3,-2.55,157,0.77,18.15,0.9,0,0.856822,20.110092,-0.143178,0
CUST_005351,19.58,15.48,358.9,35,-4.1,11,0.29,20.01,1.03,1,0.790603,23.184755,-0.209397,1
CUST_008475,33.05,13.51,260.24,32,-19.53,4,0.1,31.57,1.08,1,0.408775,19.262768,-0.590923,1
CUST_004876,33.52,36.25,861.25,8,2.73,230,0.84,32.38,1.0,0,1.081444,23.758621,0.081444,0
CUST_004725,30.82,35.44,689.93,6,4.62,104,0.79,30.13,1.0,0,1.149903,19.467551,0.149903,0
CUST_005636,16.16,5.95,100.0,23,-10.21,11,0.05,15.45,0.92,1,0.368193,16.806723,-0.631807,1
CUST_009834,21.64,7.48,105.92,15,-14.16,1,0.53,21.25,0.86,0,0.345656,14.160428,-0.654344,1
CUST_004794,26.32,28.35,545.39,9,2.02,83,0.93,25.46,1.02,0,1.077128,19.237743,0.076748,0
CUST_003208,26.25,27.48,459.33,14,1.23,140,0.93,29.1,0.94,0,1.046857,16.715066,0.046857,0
CUST_009002,30.71,12.27,203.63,36,-18.44,8,0.06,24.53,1.0,3,0.399544,16.595762,-0.600456,1
CUST_005644,29.43,12.95,222.88,31,-16.48,8,0.0,24.16,1.1,2,0.440027,17.210811,-0.559973,1
CUST_001811,21.9,22.75,518.98,7,0.85,23,0.91,22.98,1.13,0,1.038813,22.812308,0.038813,0
CUST_004524,16.15,21.16,512.29,7,5.0,91,0.93,17.43,1.16,0,1.310217,24.210302,0.309598,0
CUST_009255,21.52,63.39,1270.88,15,41.87,178,0.03,26.61,1.18,1,2.945632,20.048588,1.945632,1
CUST_002284,30.18,28.99,532.85,6,-1.2,99,0.91,32.01,1.11,0,0.96057,18.380476,-0.039761,0
CUST_001603,16.88,15.93,335.11,4,-0.95,72,0.83,18.09,1.0,1,0.94372,21.036409,-0.05628,0
CUST_008756,13.86,28.93,630.35,28,15.07,123,0.4,16.91,0.83,0,2.087302,21.788801,1.087302,1
CUST_001646,31.45,30.2,465.44,7,-1.25,83,0.97,30.37,0.93,0,0.960254,15.411921,-0.039746,0
CUST_002587,22.78,21.1,399.78,6,-1.67,232,0.73,22.16,0.99,0,0.926251,18.946919,-0.07331,0
CUST_004679,17.9,14.74,245.56,7,-3.17,95,0.99,16.68,0.95,0,0.823464,16.65943,-0.177095,0
CUST_005981,24.76,26.44,444.34,39,1.68,196,0.05,23.2,0.92,1,1.067851,16.805598,0.067851,1
CUST_006468,30.58,67.09,938.11,37,36.5,5,0.38,33.81,0.88,0,2.193918,13.982859,1.193591,1
CUST_004769,30.51,31.93,733.65,11,1.42,100,0.79,32.81,0.91,0,1.046542,22.976824,0.046542,0
CUST_002146,21.96,22.96,485.29,4,1.0,46,0.88,22.36,1.14,0,1.045537,21.136324,0.045537,0
CUST_002720,31.51,26.39,438.15,9,-5.12,128,0.99,33.66,0.94,0,0.837512,16.60288,-0.162488,0
CUST_005346,12.77,31.28,459.22,21,18.51,1,0.21,15.1,0.98,0,2.449491,14.680946,1.449491,1
CUST_000649,31.79,25.65,441.06,4,-6.14,185,0.56,30.63,0.94,0,0.806858,17.195322,-0.193142,0
CUST_002691,25.53,28.1,426.28,5,2.57,115,0.7,27.54,1.14,0,1.100666,15.170107,0.100666,0
CUST_007138,24.41,53.79,1181.25,39,29.39,11,0.04,25.14,0.88,2,2.203605,21.960402,1.204015,1
CUST_007193,30.39,63.76,1287.02,18,33.38,10,0.03,30.96,0.84,1,2.098059,20.185383,1.098388,1
CUST_003452,15.01,11.92,238.64,12,-3.09,148,0.96,16.5,0.86,0,0.794137,20.020134,-0.205863,0
CUST_000498,27.29,28.17,581.6,11,0.87,145,0.87,28.35,1.04,0,1.032246,20.646077,0.03188,0
CUST_002500,17.13,17.04,360.36,9,-0.1,228,0.5,16.49,1.12,0,0.994746,21.147887,-0.005838,0
CUST_008641,29.81,25.05,604.87,26,-4.76,228,0.02,31.73,0.88,0,0.840322,24.146507,-0.159678,1
CUST_002806,22.74,24.32,413.04,5,1.58,78,0.95,21.29,0.94,0,1.069481,16.983553,0.069481,0
CUST_003850,23.4,20.29,324.73,6,-3.11,71,0.84,25.15,0.99,0,0.867094,16.004436,-0.132906,0
CUST_001721,18.31,20.77,461.33,4,2.46,43,0.5,19.49,1.04,0,1.134353,22.211363,0.134353,0
CUST_008099,25.78,61.33,1114.94,19,35.55,5,0.32,25.43,0.93,1,2.378976,18.179358,1.378976,1
CUST_009086,24.01,43.57,971.64,29,19.56,2,0.01,22.79,0.99,3,1.814661,22.300666,0.814661,1
CUST_003617,36.59,27.55,530.07,7,-9.04,101,0.83,34.52,0.84,0,0.752938,19.24029,-0.247062,0
CUST_003011,34.57,23.9,553.32,7,-10.67,132,0.87,32.73,0.81,1,0.691351,23.151464,-0.308649,0
CUST_006003,21.83,8.16,115.64,15,-13.68,5,0.16,17.64,0.93,0,0.373798,14.171569,-0.626661,1
CUST_002573,31.24,36.13,668.2,4,4.89,125,0.92,33.84,1.05,0,1.15653,18.494326,0.15653,0
CUST_002419,26.93,32.14,759.82,13,5.21,118,0.63,28.57,1.18,0,1.193465,23.640946,0.193465,0
CUST_001034,19.17,17.09,404.43,13,-2.09,147,0.94,17.71,0.88,0,0.891497,23.664716,-0.109025,0
CUST_005536,30.78,12.93,180.73,26,-17.86,8,0.07,26.36,1.05,0,0.420078,13.977572,-0.580247,1
CUST_004982,21.75,23.06,552.89,10,1.31,211,0.96,23.68,1.09,0,1.06023,23.976149,0.06023,0
CUST_005940,13.93,29.23,609.55,16,15.3,201,0.0,15.64,0.84,1,2.098349,20.853575,1.098349,1
CUST_007609,20.66,7.47,125.75,15,-13.19,222,0.01,17.6,0.9,0,0.361568,16.834003,-0.638432,1
CUST_001825,31.03,37.75,591.58,9,6.72,189,0.95,29.5,1.13,0,1.216565,15.670993,0.216565,0
CUST_004193,30.83,32.24,790.21,5,1.42,231,0.96,29.98,1.01,0,1.045735,24.510236,0.046059,0
CUST_001103,24.49,29.98,455.04,7,5.5,77,0.99,22.31,1.15,0,1.224173,15.178119,0.224581,0
CUST_005475,22.85,27.72,455.9,40,4.87,122,0.29,23.71,1.15,1,1.213129,16.446609,0.213129,1
CUST_003135,17.65,23.55,486.93,13,5.9,163,0.88,17.38,1.2,0,1.334278,20.676433,0.334278,0
CUST_002124,16.18,13.92,289.67,9,-2.26,124,0.95,16.04,0.95,0,0.860321,20.809626,-0.139679,0
CUST_000640,33.79,32.52,651.3,9,-1.28,184,0.54,33.86,1.09,0,0.962415,20.027675,-0.037881,0
CUST_005621,22.72,19.48,355.92,32,-3.23,5,0.37,24.59,0.87,1,0.857394,18.271047,-0.142165,1
CUST_001975,19.07,17.41,415.41,10,-1.66,70,0.65,19.31,0.8,0,0.912952,23.860425,-0.087048,0
CUST_007990,21.69,52.69,945.18,15,31.0,6,0.16,24.79,0.97,1,2.42923,17.938508,1.42923,1
CUST_001711,26.9,27.49,569.78,2,0.58,97,0.92,28.46,1.04,0,1.021933,20.72681,0.021561,0
CUST_005744,24.33,30.94,767.74,31,6.61,132,0.0,23.75,1.19,2,1.271681,24.813833,0.271681,1
CUST_006615,30.0,12.63,203.13,33,-17.37,9,0.24,29.81,0.9,1,0.421,16.083135,-0.579,1
CUST_002540,32.96,26.25,506.33,6,-6.72,173,0.71,32.59,0.82,0,0.79642,19.288762,-0.203883,0
CUST_006852,25.81,25.19,404.07,45,-0.62,11,0.14,27.02,1.06,1,0.975978,16.040889,-0.024022,1
CUST_008838,20.09,26.68,439.08,27,6.59,127,0.17,18.74,1.18,1,1.328024,16.457271,0.328024,1
CUST_002745,24.1,25.68,388.51,10,1.58,77,0.75,26.26,1.18,0,1.06556,15.128894,0.06556,0
CUST_000890,27.88,26.56,398.49,6,-1.32,72,0.91,25.51,0.93,0,0.952654,15.003389,-0.047346,0
CUST_005639,18.31,43.95,791.71,43,25.64,4,0.13,18.96,0.96,2,2.400328,18.013879,1.400328,1
CUST_002441,31.67,32.63,574.75,8,0.96,237,0.56,34.03,1.04,0,1.030313,17.614159,0.030313,0
CUST_000103,32.14,40.32,861.37,11,8.18,161,0.97,34.69,1.17,0,1.254512,21.363343,0.254512,0
CUST_006230,32.8,12.27,187.73,32,-20.53,150,0.01,30.31,0.94,3,0.374085,15.299919,-0.625915,1
CUST_005328,25.45,24.02,511.64,34,-1.42,10,0.23,24.16,0.93,1,0.943811,21.300583,-0.055796,1
CUST_003845,19.52,13.7,327.79,5,-5.82,153,0.92,19.43,0.81,0,0.701844,23.926277,-0.298156,0
CUST_007695,19.71,7.34,100.0,26,-12.38,5,0.09,15.26,0.93,1,0.3724,13.623978,-0.628108,1
CUST_003333,37.17,33.05,637.9,7,-4.11,233,0.86,34.37,0.95,0,0.889158,19.301059,-0.110573,0
CUST_009548,18.62,43.56,990.67,20,24.95,5,0.05,18.3,0.81,1,2.33942,22.742654,1.339957,1
CUST_000678,35.26,39.06,850.64,1,3.8,141,0.8,32.88,1.11,0,1.107771,21.777778,0.107771,0
CUST_008791,32.85,14.99,164.83,30,-17.86,2,0.22,25.31,1.14,1,0.456317,10.995997,-0.543683,1
CUST_001593,20.14,22.06,521.0,8,1.92,191,0.75,20.54,1.18,1,1.095333,23.617407,0.095333,0
CUST_006733,15.59,31.48,607.41,27,15.89,233,0.06,16.28,0.93,1,2.019243,19.295108,1.019243,1
CUST_006332,16.22,44.4,823.33,29,28.17,3,0.13,19.94,1.09,2,2.737361,18.543468,1.736745,1
CUST_004817,29.84,28.47,564.13,4,-1.37,77,0.92,27.45,0.87,0,0.954088,19.814893,-0.045912,0
CUST_002248,33.9,28.22,584.37,10,-5.68,80,0.72,32.73,0.86,0,0.832448,20.707654,-0.167552,0
CUST_005167,30.93,37.5,635.82,44,6.58,6,0.01,32.88,1.15,2,1.212415,16.9552,0.212738,1
CUST_008561,27.4,70.62,1121.41,39,43.22,2,0.12,33.81,1.03,1,2.577372,15.879496,1.577372,1
CUST_000595,16.43,18.0,428.22,3,1.58,220,0.7,17.08,0.96,0,1.095557,23.79,0.096166,0
CUST_000580,18.51,16.68,264.09,8,-1.83,216,0.82,19.75,0.92,0,0.901135,15.832734,-0.098865,0
CUST_008637,17.16,45.66,994.04,43,28.5,1,0.02,17.44,1.06,2,2.660839,21.770477,1.660839,1
CUST_004894,35.86,36.52,832.54,6,0.65,142,0.78,34.74,1.14,0,1.018405,22.796824,0.018126,0
CUST_004557,18.68,20.03,432.32,7,1.34,22,0.92,19.22,1.17,0,1.07227,21.583625,0.071734,0
CUST_001089,28.72,24.07,413.72,6,-4.65,183,0.69,27.14,0.92,0,0.838092,17.188201,-0.161908,0
CUST_001015,20.23,21.02,389.62,2,0.79,176,0.99,19.49,1.12,1,1.039051,18.53568,0.039051,0
CUST_005471,24.2,16.78,278.83,30,-7.41,5,0.2,24.35,1.2,3,0.693388,16.616806,-0.306198,1
CUST_001986,25.04,30.68,739.27,9,5.64,123,0.71,25.11,1.13,0,1.22524,24.096154,0.22524,0
CUST_000163,17.5,18.26,367.69,7,0.76,27,0.95,16.57,1.02,0,1.043429,20.136364,0.043429,0
CUST_002555,29.11,27.47,665.41,11,-1.64,164,0.86,28.91,1.02,0,0.943662,24.223153,-0.056338,0
CUST_005893,22.28,60.48,1031.6,27,38.19,5,0.61,27.12,1.09,2,2.714542,17.056878,1.714093,1
CUST_004969,26.34,28.9,618.61,7,2.55,233,0.74,24.61,0.96,0,1.097191,21.40519,0.096811,0
CUST_006411,33.77,33.16,577.46,46,-0.61,4,0.02,34.94,1.05,1,0.981937,17.414355,-0.018063,1
CUST_007806,15.87,39.48,684.59,31,23.62,153,0.12,17.48,1.0,0,2.487713,17.340172,1.488343,1
CUST_003660,28.72,22.99,450.05,11,-5.73,237,0.89,30.24,0.85,0,0.800487,19.575903,-0.199513,0
CUST_000103,32.14,40.32,861.37,11,8.18,161,0.97,34.69,1.17,0,1.254512,21.363343,0.254512,0
CUST_004235,15.85,18.29,431.63,7,2.44,180,0.64,17.07,1.11,0,1.153943,23.599235,0.153943,0
CUST_006397,14.19,13.48,334.48,47,-0.71,9,0.33,15.19,0.9,1,0.949965,24.813056,-0.050035,1
CUST_007479,21.25,8.5,112.59,35,-12.75,134,0.68,16.9,1.0,2,0.4,13.245882,-0.6,1
CUST_003680,26.36,28.9,475.94,6,2.54,13,0.95,25.04,0.98,0,1.096358,16.468512,0.096358,0
CUST_007558,32.75,11.1,117.07,29,-21.66,9,0.07,32.15,0.85,0,0.338931,10.546847,-0.661374,1
CUST_006510,42.52,14.28,227.05,19,-28.24,7,0.01,33.85,0.84,1,0.335842,15.89986,-0.664158,1
CUST_000536,29.15,24.97,483.9,6,-4.18,132,0.99,29.83,0.95,0,0.856604,19.379255,-0.143396,0
CUST_004716,21.07,18.53,376.85,3,-2.55,155,0.88,20.21,1.02,0,0.879449,20.337291,-0.121025,0
CUST_007004,21.81,46.67,918.89,44,24.85,150,0.26,24.95,0.86,1,2.139844,19.689094,1.139386,1
CUST_009225,35.0,18.52,429.76,28,-16.47,1,0.13,34.9,1.13,1,0.529143,23.205184,-0.470571,1
CUST_003335,22.06,20.58,335.04,13,-1.48,40,0.88,23.2,1.07,0,0.93291,16.279883,-0.06709,0
CUST_002472,15.02,15.86,238.23,3,0.84,50,0.98,15.37,1.02,0,1.055925,15.020807,0.055925,0
CUST_005666,20.3,47.55,676.59,17,27.25,6,0.11,23.19,0.94,2,2.342365,14.229022,1.342365,1
CUST_004844,19.65,16.93,371.53,6,-2.71,235,0.82,20.2,0.9,0,0.861578,21.945068,-0.137913,0
CUST_003192,28.18,25.17,561.77,9,-3.0,223,0.75,30.63,0.93,0,0.893187,22.319031,-0.106458,0
CUST_006725,24.09,10.06,151.13,26,-14.03,4,0.03,22.18,1.15,1,0.417601,15.022863,-0.582399,1
CUST_002601,33.69,35.35,647.03,8,1.66,147,0.85,33.2,1.18,0,1.049273,18.303536,0.049273,0
CUST_001499,21.68,21.18,521.68,10,-0.5,206,0.95,23.35,1.02,1,0.976937,24.630784,-0.023063,0
CUST_002391,31.77,26.49,585.53,6,-5.28,146,0.61,29.45,0.87,0,0.833805,22.103813,-0.166195,0
CUST_007838,14.69,30.07,646.91,26,15.37,4,0.11,18.22,0.82,1,2.046971,21.513469,1.04629,1
CUST_003589,25.13,20.89,382.07,10,-4.24,17,0.58,25.2,0.92,0,0.831277,18.289612,-0.168723,0
CUST_000424,21.91,26.37,658.66,5,4.46,56,0.95,23.35,1.09,0,1.20356,24.977626,0.20356,0
CUST_008417,31.88,11.34,186.42,38,-20.54,239,0.12,26.4,0.89,3,0.355709,16.439153,-0.644291,1
CUST_008093,24.27,59.04,1054.44,29,34.76,4,0.31,26.85,0.97,0,2.432633,17.859756,1.432221,1
CUST_000987,22.51,23.63,482.29,6,1.12,127,0.9,22.03,0.94,0,1.049756,20.410072,0.049756,0
CUST_006211,25.82,30.84,527.8,58,5.02,3,0.29,25.76,1.15,2,1.194423,17.114137,0.194423,1
CUST_000962,21.01,18.21,420.57,9,-2.8,172,0.98,22.25,0.9,0,0.86673,23.095552,-0.13327,0
CUST_009671,18.39,36.59,591.42,29,18.2,1,0.26,17.72,0.93,3,1.989668,16.163433,0.989668,1
CUST_004205,25.07,26.17,412.14,10,1.1,224,1.0,26.98,1.04,0,1.043877,15.748567,0.043877,0
CUST_005943,26.6,20.89,433.88,30,-5.72,205,0.26,27.77,0.84,0,0.785338,20.769746,-0.215038,1
CUST_009368,22.41,9.03,142.83,24,-13.38,155,0.19,18.25,1.01,0,0.402945,15.817276,-0.597055,1
CUST_007427,26.71,9.46,101.2,15,-17.25,120,0.15,21.68,0.89,2,0.354174,10.697674,-0.645826,1
CUST_007585,36.44,12.53,177.82,30,-23.91,155,0.14,29.4,0.86,2,0.343853,14.19154,-0.656147,1
CUST_005494,26.94,12.35,152.31,33,-14.59,141,0.03,22.67,1.15,0,0.458426,12.332794,-0.541574,1
CUST_008836,34.41,36.29,638.12,30,1.88,8,0.08,33.1,1.06,1,1.054635,17.583907,0.054635,1
CUST_005384,16.91,37.43,822.58,26,20.52,148,0.23,20.34,0.89,1,2.213483,21.976489,1.213483,1
CUST_009133,18.76,44.45,737.37,42,25.69,168,0.18,21.85,0.95,0,2.369403,16.588751,1.369403,1
CUST_007407,17.97,41.68,796.83,21,23.7,1,0.17,20.13,0.93,1,2.319421,19.117802,1.318865,1
CUST_005370,35.01,14.86,209.32,43,-20.15,3,0.1,34.02,1.06,1,0.42445,14.086137,-0.57555,1
CUST_006593,16.76,19.17,297.57,27,2.41,10,0.01,15.56,0.95,3,1.143795,15.522692,0.143795,1
CUST_003456,34.01,46.29,770.87,7,12.28,22,0.96,33.55,1.19,0,1.36107,16.653057,0.36107,0
CUST_002211,30.48,26.29,447.15,3,-4.18,49,0.77,32.71,0.99,0,0.862533,17.008368,-0.137139,0
CUST_003594,20.49,19.37,455.89,10,-1.13,45,0.95,20.22,0.89,0,0.945339,23.53588,-0.055149,0
CUST_002222,20.69,19.97,307.49,7,-0.72,137,0.79,19.28,0.85,0,0.965201,15.397596,-0.034799,0
CUST_002168,19.95,19.22,440.96,7,-0.73,186,0.75,20.15,0.88,0,0.963409,22.942768,-0.036591,0
CUST_000345,37.63,34.84,578.25,7,-2.78,182,0.84,34.91,1.07,0,0.925857,16.597302,-0.073877,0
CUST_008321,24.77,10.95,143.4,29,-13.82,193,0.02,23.88,1.1,3,0.442067,13.09589,-0.557933,1
CUST_000474,22.33,24.86,478.33,10,2.53,106,0.86,20.61,1.19,0,1.1133,19.240949,0.1133,0
CUST_000587,30.38,26.3,565.41,6,-4.07,177,0.91,31.51,0.83,0,0.865701,21.498479,-0.13397,0
CUST_009023,17.29,13.86,214.76,57,-3.43,1,0.15,19.19,0.82,0,0.801619,15.494949,-0.198381,1
CUST_001867,34.1,33.02,531.66,10,-1.08,223,0.99,32.2,0.95,0,0.968328,16.101151,-0.031672,0
CUST_001071,32.06,34.75,860.17,10,2.69,123,0.99,32.95,0.98,0,1.083905,24.753094,0.083905,0
CUST_007942,24.44,9.01,107.98,15,-15.42,5,0.04,19.0,0.92,0,0.368658,11.984462,-0.630933,1
CUST_002765,22.36,27.85,615.57,3,5.5,125,0.89,21.59,1.18,0,1.245528,22.103052,0.245975,0
CUST_002080,20.72,20.2,465.37,10,-0.52,17,0.72,22.22,1.12,0,0.974903,23.038119,-0.025097,0
CUST_000258,27.57,28.05,618.51,10,0.48,145,0.99,28.65,0.93,0,1.01741,22.050267,0.01741,0
CUST_009749,20.64,54.99,984.96,44,34.35,1,0.21,25.71,1.07,1,2.664244,17.91162,1.664244,1
CUST_004712,17.11,13.67,319.69,8,-3.44,62,0.28,17.08,0.93,0,0.798948,23.386247,-0.201052,0
CUST_006431,18.95,24.9,617.76,42,5.95,10,0.29,17.26,1.07,0,1.313984,24.809639,0.313984,1
CUST_006500,12.77,33.09,456.42,21,20.32,6,0.2,15.27,1.04,1,2.591229,13.793291,1.591229,1
CUST_004006,19.93,20.0,466.93,8,0.07,227,0.48,21.02,0.93,0,1.003512,23.3465,0.003512,0
CUST_009964,17.45,8.36,107.05,38,-9.08,178,0.15,17.24,1.2,0,0.479083,12.805024,-0.520344,1
CUST_006563,16.52,16.17,248.12,43,-0.35,167,0.31,15.61,0.94,1,0.978814,15.344465,-0.021186,1
CUST_008470,20.16,9.78,219.34,16,-10.38,8,0.01,20.16,1.09,1,0.485119,22.427403,-0.514881,1
CUST_008527,17.25,12.77,305.44,44,-4.48,1,0.17,17.01,0.91,0,0.74029,23.918559,-0.25971,1
CUST_003104,25.82,23.38,392.79,7,-2.44,43,0.9,27.78,0.96,0,0.9055,16.800257,-0.0945,0
CUST_000631,16.7,12.73,280.9,5,-3.97,27,0.63,16.17,0.86,0,0.762275,22.065986,-0.237725,0
CUST_008070,17.99,36.05,582.86,26,18.06,136,0.16,20.95,0.8,0,2.003891,16.1681,1.003891,1
CUST_009875,16.28,14.69,225.37,46,-1.59,5,0.12,16.06,0.87,2,0.902334,15.341729,-0.097666,1
CUST_007977,31.54,12.09,153.96,42,-19.45,9,0.02,24.98,0.96,1,0.383323,12.734491,-0.616677,1
CUST_000323,27.31,24.3,585.52,5,-3.01,145,0.84,29.39,0.81,0,0.889784,24.095473,-0.110216,0
CUST_006722,27.31,24.82,532.31,53,-2.49,8,0.1,26.0,0.87,0,0.908825,21.446817,-0.091175,1
CUST_006257,24.62,21.35,349.88,49,-3.27,133,0.21,24.56,0.95,3,0.867181,16.387822,-0.132819,1
CUST_007373,15.87,45.03,776.41,37,29.16,227,0.11,16.79,1.13,1,2.837429,17.242061,1.837429,1
CUST_009168,27.28,47.3,868.3,28,20.03,159,0.22,27.45,0.99,1,1.733871,18.357294,0.734238,1
CUST_008718,19.94,51.57,757.84,21,31.64,7,0.69,21.95,1.03,2,2.586259,14.695366,1.58676,1
CUST_007090,35.86,43.33,753.4,39,7.47,172,0.32,32.9,1.07,3,1.20831,17.387491,0.20831,1
CUST_007704,22.22,49.4,933.35,30,27.18,5,0.29,27.59,0.89,1,2.223222,18.893725,1.223222,1
CUST_003969,25.76,25.2,537.77,6,-0.56,12,0.82,23.49,1.03,0,0.978261,21.340079,-0.021739,0
CUST_002741,19.75,21.5,436.37,8,1.75,205,0.87,21.92,1.17,0,1.088608,20.296279,0.088608,0
CUST_002956,18.89,23.28,496.26,10,4.39,182,0.94,18.1,1.17,0,1.232398,21.31701,0.232398,0
CUST_006355,17.88,15.43,281.92,54,-2.45,158,0.24,16.35,0.81,1,0.862975,18.270901,-0.137025,1
CUST_004182,29.94,28.28,620.36,7,-1.66,36,0.86,29.78,0.85,0,0.944556,21.936351,-0.055444,0
CUST_001949,18.0,22.71,484.15,2,4.71,228,0.98,18.99,1.11,0,1.261667,21.318802,0.261667,0
CUST_001838,24.37,24.95,557.16,14,0.57,192,0.95,24.04,0.9,0,1.0238,22.331062,0.023389,0
CUST_000307,31.8,27.22,542.21,7,-4.58,24,0.8,33.3,0.86,0,0.855975,19.919544,-0.144025,0
CUST_009874,29.53,63.05,1102.82,43,33.52,8,0.34,33.52,0.85,0,2.135117,17.491197,1.135117,1
CUST_003190,34.12,34.89,527.35,7,0.77,142,0.44,31.81,1.08,0,1.022567,15.114646,0.022567,0
CUST_002796,33.58,32.1,734.07,6,-1.47,90,0.75,33.61,0.86,0,0.955926,22.868224,-0.043776,0
CUST_003732,29.15,29.02,464.71,5,-0.13,29,0.9,28.21,1.11,0,0.99554,16.013439,-0.00446,0
CUST_000004,33.08,34.09,793.86,4,1.01,157,0.89,30.5,1.18,0,1.030532,23.287181,0.030532,0
CUST_003364,27.63,21.34,520.93,11,-6.29,174,0.65,30.42,0.82,0,0.772349,24.410965,-0.227651,0
CUST_005575,24.62,11.56,232.67,26,-13.06,7,0.14,22.45,1.13,0,0.469537,20.127163,-0.530463,1
CUST_003202,33.71,34.82,545.84,6,1.11,176,0.53,32.29,0.93,0,1.032928,15.676048,0.032928,0
CUST_003203,31.77,27.52,505.15,6,-4.24,217,0.74,31.74,0.86,0,0.866226,18.355741,-0.133459,0
CUST_009182,15.38,16.7,282.39,30,1.32,8,0.12,16.68,1.19,2,1.085826,16.909581,0.085826,1
CUST_007204,33.87,15.16,236.66,17,-18.71,11,0.26,30.49,1.12,0,0.447594,15.610818,-0.552406,1
CUST_000276,26.54,29.13,711.13,12,2.59,131,0.45,26.95,1.15,0,1.097589,24.41229,0.097589,0
CUST_004288,26.58,28.28,603.52,7,1.7,105,0.75,24.21,0.93,0,1.063958,21.340877,0.063958,0
CUST_000656,28.69,25.18,510.59,9,-3.5,199,0.85,28.19,0.89,0,0.877658,20.277601,-0.121994,0
CUST_000662,21.07,25.68,636.69,11,4.61,136,0.92,23.35,1.08,0,1.218794,24.793224,0.218794,0
CUST_007288,30.87,11.87,129.53,39,-19.0,144,0.23,29.41,0.96,1,0.384516,10.912384,-0.615484,1
CUST_007649,40.66,14.12,174.06,19,-26.54,1,0.12,32.85,0.87,2,0.34727,12.327195,-0.65273,1
CUST_001357,28.66,28.52,441.6,10,-0.14,56,0.8,26.69,0.91,1,0.995115,15.483871,-0.004885,0
CUST_001238,20.09,20.03,467.81,2,-0.07,149,0.92,19.6,1.06,0,0.997013,23.355467,-0.003484,0
CUST_002642,26.91,22.01,417.38,6,-4.9,134,0.93,29.11,0.94,0,0.817912,18.963199,-0.182088,0
CUST_007752,29.06,25.85,508.93,44,-3.21,1,0.11,28.96,0.83,0,0.889539,19.687814,-0.110461,1
CUST_006019,23.68,23.97,535.45,43,0.29,3,0.02,25.62,1.06,0,1.012247,22.33834,0.012247,1
CUST_003769,24.14,26.01,629.28,4,1.87,206,0.64,22.06,0.98,0,1.077465,24.193772,0.077465,0
CUST_002778,27.32,22.74,476.3,8,-4.57,187,0.98,26.16,0.83,0,0.832357,20.945471,-0.167277,0
CUST_003271,19.25,19.21,315.64,7,-0.04,198,0.78,19.89,0.92,0,0.997922,16.431026,-0.002078,0
CUST_006938,27.32,34.2,745.76,30,6.89,1,0.08,25.66,0.86,1,1.25183,21.805848,0.252196,1
CUST_006751,20.73,20.94,370.0,33,0.21,7,0.0,21.89,1.05,1,1.01013,17.669532,0.01013,1
CUST_009402,30.69,14.61,154.42,21,-16.08,11,0.06,24.24,1.19,2,0.476051,10.569473,-0.523949,1
CUST_005949,21.91,13.41,245.25,25,-8.5,11,0.09,21.82,0.83,2,0.612049,18.288591,-0.387951,1
CUST_005279,27.86,27.5,472.65,52,-0.36,4,0.04,28.09,1.05,3,0.987078,17.187273,-0.012922,1
CUST_003220,26.77,27.23,636.06,10,0.46,212,0.41,27.8,0.93,0,1.017183,23.358795,0.017183,0
CUST_003516,23.09,19.99,319.75,9,-3.1,154,0.55,24.25,0.91,0,0.865743,15.995498,-0.134257,0
CUST_001430,17.69,17.3,347.7,7,-0.39,153,0.62,17.53,0.99,0,0.977954,20.098266,-0.022046,0
CUST_001775,33.75,30.42,661.12,6,-3.33,208,0.93,33.55,0.96,0,0.901333,21.73307,-0.098667,0
CUST_007035,29.47,67.67,1098.38,22,38.19,173,0.08,29.79,0.92,1,2.296233,16.231417,1.295894,1
CUST_007520,23.09,29.83,539.44,38,6.74,8,0.01,22.38,1.12,2,1.291901,18.083808,0.291901,1
CUST_005635,29.59,25.46,439.98,56,-4.12,211,0.43,26.95,0.86,0,0.860426,17.281225,-0.139236,1
CUST_005746,19.75,22.03,545.22,43,2.28,234,0.2,20.49,1.14,0,1.115443,24.748979,0.115443,1
CUST_007475,22.94,7.85,100.0,15,-15.09,206,0.09,21.59,0.86,2,0.342197,12.738854,-0.657803,1
CUST_007246,26.48,11.16,163.97,29,-15.31,133,0.49,23.57,1.05,0,0.42145,14.692652,-0.578172,1
CUST_003597,35.35,38.5,920.72,3,3.15,140,0.97,33.98,0.97,0,1.089109,23.914805,0.089109,0
CUST_002088,20.71,19.26,443.63,10,-1.45,179,0.87,19.22,0.99,0,0.929986,23.033749,-0.070014,0
CUST_007051,29.99,60.25,1164.52,24,30.25,213,0.26,31.69,0.9,1,2.009003,19.328133,1.00867,1
CUST_008174,25.87,25.78,473.57,41,-0.09,1,0.11,27.04,1.05,1,0.996521,18.369666,-0.003479,1
CUST_006748,29.07,9.96,115.5,37,-19.11,5,0.04,24.75,0.86,1,0.342621,11.596386,-0.657379,1
CUST_008600,16.28,35.69,797.94,28,19.41,4,0.14,17.7,1.0,1,2.19226,22.357523,1.19226,1
CUST_006002,30.65,11.42,213.84,18,-19.23,6,0.16,28.62,1.07,1,0.372594,18.725044,-0.627406,1
CUST_009352,33.99,13.18,195.18,27,-20.81,172,0.24,27.09,0.97,0,0.387761,14.808801,-0.612239,1
CUST_001799,18.15,15.43,284.38,8,-2.72,186,0.95,17.45,0.97,0,0.850138,18.430331,-0.149862,0
CUST_003979,32.98,29.92,578.44,5,-3.06,150,0.81,33.01,0.98,0,0.907216,19.332888,-0.092784,0
CUST_008229,24.68,60.6,1305.77,33,35.91,1,0.02,28.49,0.98,1,2.455429,21.54736,1.455024,1
CUST_007008,38.69,15.93,169.05,23,-22.77,1,0.25,34.22,1.03,1,0.411734,10.612053,-0.588524,1
CUST_003050,29.27,20.75,344.04,6,-8.53,174,0.84,27.04,0.82,0,0.708917,16.580241,-0.291425,0
CUST_001662,25.65,23.46,524.1,10,-2.2,212,0.89,28.29,1.06,0,0.91462,22.340153,-0.08577,0
CUST_008606,27.09,10.9,121.34,20,-16.2,165,0.29,25.89,1.01,1,0.402362,11.13211,-0.598007,1
CUST_003763,28.82,29.89,659.46,5,1.07,220,0.98,31.42,1.17,0,1.037127,22.062897,0.037127,0
CUST_002150,17.55,20.64,493.19,4,3.08,110,0.9,18.82,1.02,0,1.176068,23.894864,0.175499,0
CUST_003910,26.12,30.57,470.5,7,4.44,156,0.4,26.76,1.18,0,1.170368,15.390906,0.169985,0
CUST_009943,23.9,24.81,400.61,54,0.91,11,0.13,24.24,1.07,2,1.038075,16.147118,0.038075,1
CUST_002771,31.7,29.93,489.19,9,-1.76,96,0.93,29.23,0.94,0,0.944164,16.34447,-0.055521,0
CUST_004572,17.2,13.17,242.31,8,-4.03,206,0.76,15.94,0.88,0,0.765698,18.398633,-0.234302,0
CUST_002167,23.52,16.75,406.61,9,-6.77,31,0.88,23.25,0.81,1,0.71216,24.275224,-0.28784,0
CUST_001829,31.52,39.9,989.11,6,8.37,182,0.66,30.76,1.14,0,1.265863,24.789724,0.265546,0
CUST_005615,26.72,10.51,224.42,21,-16.21,7,0.3,27.74,1.06,1,0.393338,21.352997,-0.606662,1
CUST_005740,20.61,20.74,451.77,49,0.14,186,0.12,18.8,0.94,2,1.006308,21.782546,0.006793,1
CUST_000156,34.54,36.53,841.96,13,1.99,15,0.73,31.59,1.09,0,1.057614,23.048453,0.057614,0
CUST_009963,21.24,23.03,571.89,34,1.79,2,0.21,22.81,1.04,1,1.084275,24.832393,0.084275,1
CUST_002997,28.69,28.71,456.51,6,0.02,135,0.92,27.96,1.06,0,1.000697,15.900731,0.000697,0
CUST_009051,40.54,19.3,259.44,18,-21.23,4,0.08,33.07,1.19,1,0.476073,13.442487,-0.52368,1
CUST_003506,25.19,25.05,482.69,5,-0.14,38,0.86,27.18,1.02,0,0.994442,19.269062,-0.005558,0
CUST_000318,21.2,20.37,306.08,10,-0.82,86,0.65,19.35,1.05,1,0.960849,15.026019,-0.038679,0
CUST_009883,36.74,37.92,813.74,37,1.18,8,0.0,33.59,0.99,0,1.032118,21.459388,0.032118,1
CUST_004593,24.3,22.44,394.36,11,-1.86,101,0.86,25.35,0.99,0,0.923457,17.573975,-0.076543,0
CUST_002762,23.85,18.78,420.83,7,-5.08,72,0.95,23.61,0.82,0,0.787421,22.408413,-0.212998,0
CUST_002890,35.41,42.65,822.77,4,7.23,18,0.79,33.62,1.18,0,1.204462,19.291208,0.20418,0
CUST_002422,27.89,28.86,479.68,6,0.97,181,1.0,26.66,0.97,0,1.034779,16.620929,0.034779,0
CUST_000003,14.47,17.97,371.6,7,3.5,178,0.85,15.27,1.18,0,1.24188,20.678909,0.24188,0
CUST_004750,14.93,13.64,241.15,7,-1.29,55,0.74,15.83,0.8,0,0.913597,17.679619,-0.086403,0
CUST_007241,18.04,6.61,100.44,43,-11.44,229,0.13,15.89,0.92,1,0.366408,15.195159,-0.634146,1
CUST_007811,18.33,22.06,465.02,37,3.73,186,0.13,17.09,1.12,1,1.203492,21.079782,0.203492,1
CUST_002804,28.46,28.84,568.27,6,0.39,191,0.95,27.64,1.13,0,1.013352,19.70423,0.013703,0
CUST_007638,39.85,17.84,222.24,26,-22.01,2,0.13,31.91,1.12,3,0.447679,12.457399,-0.552321,1
CUST_003940,16.19,15.87,355.16,6,-0.33,150,0.78,15.36,0.89,0,0.980235,22.379332,-0.020383,0
CUST_009516,19.42,18.33,352.57,43,-1.08,205,0.28,17.93,1.04,1,0.943872,19.234588,-0.055613,1
CUST_004566,31.56,29.48,577.13,12,-2.08,211,0.76,34.12,0.86,0,0.934094,19.577001,-0.065906,0
CUST_000111,18.66,20.52,417.09,3,1.86,149,0.65,20.44,1.1,0,1.099678,20.326023,0.099678,0
CUST_003260,25.15,23.71,404.06,8,-1.44,171,0.98,24.27,1.06,0,0.942744,17.041755,-0.057256,0
CUST_001307,17.36,17.86,342.19,12,0.5,229,0.95,18.35,0.98,0,1.028802,19.159574,0.028802,0
CUST_009184,24.24,61.63,1355.31,44,37.39,184,0.05,29.3,1.02,1,2.542492,21.991076,1.542492,1
CUST_002933,33.67,32.31,491.11,5,-1.36,12,0.62,33.32,0.85,0,0.959608,15.199938,-0.040392,0
CUST_006951,22.3,12.89,217.15,29,-9.41,191,0.08,24.0,0.8,2,0.578027,16.846393,-0.421973,1
CUST_000983,22.46,25.08,585.54,6,2.61,30,0.98,20.57,1.01,0,1.116652,23.34689,0.116207,0
CUST_001711,26.9,27.49,569.78,2,0.58,97,0.92,28.46,1.04,0,1.021933,20.72681,0.021561,0
CUST_004340,20.34,17.23,373.38,4,-3.11,148,0.52,18.78,0.99,0,0.847099,21.670342,-0.152901,0
CUST_008159,34.45,12.27,230.97,33,-22.18,10,0.14,33.37,1.13,0,0.356168,18.823961,-0.643832,1
CUST_000718,32.87,38.0,927.05,6,5.13,101,0.98,30.73,1.16,0,1.156069,24.396053,0.156069,0
CUST_001572,34.25,28.28,430.71,4,-5.97,98,0.69,31.15,0.85,0,0.825693,15.230198,-0.174307,0
CUST_003167,31.42,26.34,453.11,9,-5.07,145,0.95,29.99,0.97,0,0.83832,17.202354,-0.161362,0
CUST_007505,27.4,47.76,843.71,37,20.36,6,0.04,29.41,1.06,0,1.743066,17.66562,0.743066,1
CUST_003700,19.43,18.52,432.35,8,-0.9,53,0.93,19.14,0.95,0,0.953165,23.345032,-0.04632,0
CUST_000667,31.91,29.18,643.55,7,-2.73,144,0.98,29.4,0.83,0,0.914447,22.054489,-0.085553,0
CUST_007836,25.16,8.31,139.8,24,-16.86,9,0.04,26.35,0.85,1,0.330286,16.823105,-0.670111,1
CUST_001376,29.76,28.24,460.62,10,-1.51,101,0.87,29.62,0.91,0,0.948925,16.310907,-0.050739,0
CUST_005669,16.61,45.76,645.18,40,29.15,5,0.2,20.2,1.1,0,2.754967,14.099213,1.754967,1
CUST_004811,34.29,36.37,871.57,5,2.08,72,0.97,32.7,1.05,0,1.060659,23.963981,0.060659,0
CUST_000085,29.48,25.1,581.37,8,-4.38,175,0.76,29.35,0.96,0,0.851425,23.162151,-0.148575,0
CUST_001186,33.7,29.93,464.2,7,-3.77,185,0.81,33.66,1.0,0,0.888131,15.509522,-0.111869,0
CUST_006116,16.02,29.74,713.33,22,13.72,188,0.25,16.17,0.96,0,1.856429,23.985541,0.856429,1
CUST_006956,19.07,37.02,774.87,38,17.95,237,0.05,19.84,1.2,0,1.941269,20.931118,0.941269,1
CUST_004792,15.61,16.83,401.34,9,1.21,80,0.77,15.0,0.99,0,1.078155,23.846702,0.077514,0
CUST_009357,19.95,17.14,289.6,36,-2.8,4,0.2,19.92,0.85,2,0.859148,16.896149,-0.140351,1
CUST_001681,28.28,20.99,398.29,4,-7.29,45,0.66,29.39,0.82,0,0.742221,18.975226,-0.257779,0
CUST_006171,21.93,64.69,933.43,25,42.76,7,0.16,23.73,1.18,2,2.94984,14.429278,1.94984,1
CUST_004707,17.87,19.06,313.79,7,1.19,113,0.97,18.23,0.95,0,1.066592,16.463274,0.066592,0
CUST_002457,18.07,15.3,320.6,8,-2.77,193,0.99,19.47,0.81,0,0.846707,20.954248,-0.153293,0
CUST_000871,20.15,17.0,414.14,9,-3.15,122,0.72,18.98,0.88,0,0.843672,24.361176,-0.156328,0
CUST_003196,31.72,28.17,540.79,4,-3.54,136,0.99,33.17,0.97,0,0.888083,19.197373,-0.111602,0
CUST_002571,16.91,21.4,438.6,9,4.49,20,0.66,17.67,1.12,0,1.265523,20.495327,0.265523,0
CUST_004294,24.31,22.28,510.96,6,-2.03,70,0.9,23.82,1.06,0,0.916495,22.933573,-0.083505,0
CUST_003034,20.84,17.99,434.82,8,-2.85,146,1.0,23.08,0.99,0,0.863244,24.170094,-0.136756,0
CUST_004405,16.32,20.24,365.44,10,3.92,37,0.95,16.1,1.08,0,1.240196,18.055336,0.240196,0
CUST_006121,14.99,36.69,741.65,27,21.7,223,0.52,16.05,0.98,0,2.447632,20.213955,1.447632,1
CUST_000821,18.27,20.0,465.48,9,1.73,29,0.97,17.06,0.97,0,1.094691,23.274,0.094691,0
CUST_008097,35.7,36.62,609.43,40,0.92,7,0.01,33.79,1.05,1,1.02577,16.641999,0.02577,1
CUST_007544,22.43,7.3,115.64,39,-15.13,217,0.33,17.67,0.81,2,0.325457,15.841096,-0.674543,1
CUST_001554,21.87,16.97,330.32,7,-4.9,35,0.95,20.36,0.86,0,0.775949,19.464938,-0.224051,0
CUST_003511,16.12,16.92,336.15,10,0.8,186,0.98,17.77,1.17,0,1.049628,19.867021,0.049628,0
CUST_004914,18.5,23.25,367.21,10,4.75,86,0.43,18.4,1.18,0,1.256757,15.793978,0.256757,0
CUST_004190,26.61,23.14,548.36,5,-3.48,74,0.9,25.66,1.0,0,0.869598,23.697494,-0.130778,0
CUST_003287,21.5,20.43,439.96,7,-1.07,33,0.9,22.92,1.07,0,0.950233,21.534998,-0.049767,0
CUST_008621,23.86,17.35,430.13,34,-6.51,10,0.29,25.61,1.03,3,0.727158,24.791354,-0.272842,1
CUST_005697,23.04,54.54,1281.14,27,31.49,7,0.17,21.98,0.97,1,2.367187,23.489916,1.366753,1
CUST_005572,30.21,11.72,133.27,21,-18.49,221,0.07,24.94,0.97,1,0.387951,11.37116,-0.612049,1
CUST_005072,27.11,9.41,156.84,36,-17.71,183,0.16,21.59,0.87,1,0.347104,16.667375,-0.653264,1
CUST_003946,20.85,18.66,406.71,14,-2.19,53,0.7,19.11,0.9,0,0.894964,21.79582,-0.105036,0
CUST_001015,20.23,21.02,389.62,2,0.79,176,0.99,19.49,1.12,1,1.039051,18.53568,0.039051,0
CUST_003935,23.7,24.07,368.73,7,0.38,12,0.87,25.68,1.1,0,1.015612,15.319069,0.016034,0
CUST_000403,36.18,37.22,760.63,4,1.04,28,0.52,33.75,1.16,0,1.028745,20.436056,0.028745,0
CUST_005808,23.83,24.63,381.43,39,0.8,7,0.09,23.25,0.96,0,1.033571,15.486399,0.033571,1
CUST_003988,16.56,15.67,390.03,5,-0.89,133,0.82,17.26,0.92,0,0.946256,24.890236,-0.053744,0
CUST_006907,21.63,26.16,534.28,42,4.52,218,0.17,21.2,1.13,1,1.209431,20.423547,0.208969,1
CUST_006584,20.86,61.54,1292.34,36,40.67,10,0.14,25.31,1.18,1,2.950144,21.0,1.949664,1
CUST_000931,24.85,23.73,485.43,8,-1.12,162,0.61,27.41,1.11,0,0.95493,20.456384,-0.04507,0
CUST_007624,24.37,21.83,380.33,27,-2.54,135,0.17,22.31,1.13,0,0.895773,17.422355,-0.104227,1
CUST_009392,21.75,8.87,133.63,20,-12.88,8,0.17,18.68,1.02,2,0.407816,15.065389,-0.592184,1
CUST_004477,32.62,33.06,664.94,6,0.44,141,0.96,30.52,1.04,0,1.013489,20.113128,0.013489,0
CUST_000154,32.62,36.05,701.29,4,3.43,172,0.98,34.16,1.01,0,1.10515,19.453259,0.10515,0
CUST_002575,15.4,14.5,251.69,9,-0.9,68,0.91,15.05,0.83,0,0.941558,17.357931,-0.058442,0
CUST_005153,23.57,17.24,430.5,59,-6.33,3,0.02,22.64,0.81,0,0.731438,24.970998,-0.268562,1
CUST_008082,27.21,57.37,1202.9,44,30.16,194,0.04,28.08,0.84,0,2.108416,20.967405,1.108416,1
CUST_003963,16.43,18.26,391.5,8,1.83,202,0.97,15.6,1.14,0,1.111382,21.440307,0.111382,0
CUST_002804,28.46,28.84,568.27,6,0.39,191,0.95,27.64,1.13,0,1.013352,19.70423,0.013703,0
CUST_003282,31.76,34.18,679.07,2,2.43,165,0.47,33.34,1.1,0,1.076196,19.867466,0.076511,0
CUST_007418,18.71,6.98,100.0,33,-11.73,7,0.11,16.02,0.93,0,0.373063,14.326648,-0.626937,1
CUST_008503,29.8,12.12,189.49,27,-17.68,223,0.33,26.65,1.02,2,0.406711,15.634488,-0.593289,1
CUST_000688,32.98,33.74,594.03,3,0.76,140,0.98,31.48,1.15,0,1.023044,17.606106,0.023044,0
CUST_009443,32.02,13.92,219.18,43,-18.1,2,0.0,34.9,1.01,2,0.434728,15.74569,-0.565272,1
CUST_002816,32.52,38.35,749.04,6,5.82,218,0.7,32.45,1.04,0,1.179274,19.531682,0.178967,0
CUST_004592,21.78,19.25,297.08,5,-2.53,221,0.79,23.99,0.84,0,0.883838,15.432727,-0.116162,0
CUST_004486,23.95,24.86,526.8,6,0.91,213,0.92,26.31,1.01,0,1.037996,21.190668,0.037996,0
CUST_009924,22.54,10.52,171.47,16,-12.02,226,0.1,20.71,1.17,3,0.466726,16.29943,-0.533274,1
CUST_009194,34.51,30.14,717.46,41,-4.38,9,0.21,32.16,0.91,2,0.87337,23.804247,-0.12692,1
CUST_005308,14.65,33.29,538.85,22,18.64,6,0.25,17.37,0.91,0,2.272355,16.186543,1.272355,1
CUST_009117,32.5,78.59,1104.59,26,46.09,166,0.03,34.96,0.97,0,2.418154,14.055096,1.418154,1
CUST_004525,24.86,28.7,492.14,8,3.84,148,0.99,23.26,1.2,0,1.154465,17.147735,0.154465,0
CUST_001344,16.26,11.66,283.1,9,-4.61,52,0.32,17.64,0.81,0,0.717097,24.279588,-0.283518,0
CUST_009663,33.84,12.4,138.3,24,-21.45,210,0.14,33.77,0.92,2,0.36643,11.153226,-0.633865,1
CUST_003614,17.55,18.67,316.6,3,1.13,198,0.66,19.0,1.02,0,1.063818,16.957686,0.064387,0
CUST_004666,19.83,15.66,335.58,1,-4.17,172,0.95,19.81,0.93,0,0.789713,21.429119,-0.210287,0
CUST_003550,17.58,14.66,258.93,6,-2.93,125,0.88,18.59,0.9,0,0.833902,17.662347,-0.166667,0
CUST_002509,30.05,33.54,609.32,11,3.5,219,0.97,30.98,1.17,0,1.11614,18.166965,0.116473,0
CUST_000364,15.03,15.25,359.16,4,0.23,22,0.89,15.72,1.06,0,1.014637,23.551475,0.015303,0
CUST_003663,24.94,22.74,506.49,6,-2.2,176,0.62,27.46,1.05,0,0.911788,22.273087,-0.088212,0
CUST_001762,22.46,30.17,523.72,5,7.7,145,0.93,24.15,1.17,0,1.343277,17.358966,0.342832,0
CUST_007805,14.31,40.03,736.47,25,25.72,221,0.04,16.61,1.12,0,2.797345,18.397952,1.797345,1
CUST_002906,14.45,12.09,258.54,5,-2.36,119,0.91,15.17,0.81,0,0.836678,21.384615,-0.163322,0
CUST_008289,26.69,21.16,460.56,34,-5.53,203,0.38,28.63,0.98,2,0.792806,21.765595,-0.207194,1
CUST_000892,16.36,17.78,425.81,10,1.42,107,0.78,17.21,0.98,0,1.086797,23.948819,0.086797,0
CUST_004886,15.57,16.02,379.36,7,0.44,44,0.88,15.94,1.13,0,1.028902,23.6804,0.028259,0
CUST_008015,25.33,65.0,1409.95,42,39.67,5,0.18,30.76,1.03,2,2.566127,21.691538,1.566127,1
CUST_000038,24.68,27.3,525.71,8,2.62,42,0.68,23.21,1.19,0,1.106159,19.256777,0.106159,0
CUST_005220,20.8,62.04,1233.81,36,41.24,10,0.02,21.65,1.19,3,2.982692,19.887331,1.982692,1
CUST_005272,29.18,12.39,173.19,36,-16.79,197,0.24,24.1,1.06,1,0.424606,13.978208,-0.575394,1
CUST_009314,21.13,23.35,353.77,47,2.22,4,0.2,19.27,1.04,1,1.105064,15.150749,0.105064,1
CUST_003545,28.33,29.54,599.66,4,1.21,34,0.99,30.4,0.91,0,1.042711,20.299932,0.042711,0
CUST_009479,28.53,67.22,1130.76,18,38.69,201,0.04,29.59,1.05,1,2.356116,16.821779,1.356116,1
CUST_002186,30.1,31.81,513.16,12,1.71,71,0.68,31.79,0.93,1,1.056811,16.132034,0.056811,0
CUST_008328,35.29,13.77,198.3,43,-21.52,219,0.31,28.04,0.98,0,0.390196,14.400871,-0.609804,1
CUST_003604,25.35,21.39,377.07,9,-3.96,16,0.9,25.83,0.88,0,0.843787,17.628331,-0.156213,0
CUST_008655,24.25,64.99,1061.37,31,40.74,2,0.21,25.86,1.07,0,2.68,16.331282,1.68,1
CUST_003050,29.27,20.75,344.04,6,-8.53,174,0.84,27.04,0.82,0,0.708917,16.580241,-0.291425,0
CUST_003769,24.14,26.01,629.28,4,1.87,206,0.64,22.06,0.98,0,1.077465,24.193772,0.077465,0
CUST_000530,30.99,22.46,470.2,7,-8.52,203,0.61,28.43,0.83,0,0.72475,20.934996,-0.274927,0
CUST_000574,28.19,37.26,764.83,6,9.06,72,0.59,29.48,1.16,0,1.321745,20.526838,0.321391,0
CUST_009730,26.71,46.87,869.05,32,20.16,195,0.05,25.21,0.96,3,1.754773,18.541711,0.754773,1
CUST_002515,20.62,16.96,259.49,9,-3.65,112,0.81,19.41,0.83,0,0.822502,15.300118,-0.177013,0
CUST_004223,35.53,26.31,655.86,8,-9.22,210,0.97,33.77,0.84,0,0.740501,24.928164,-0.259499,0
CUST_000455,26.8,28.67,634.08,7,1.86,72,0.99,27.9,0.95,0,1.069776,22.116498,0.069403,0
CUST_004483,26.35,32.69,749.01,8,6.35,207,0.96,26.27,1.19,0,1.240607,22.912511,0.240987,0
CUST_004911,25.01,22.1,479.43,7,-2.91,55,0.75,23.77,0.92,0,0.883647,21.693665,-0.116353,0
CUST_008865,36.38,15.46,181.36,41,-20.91,11,0.03,31.91,1.06,2,0.424959,11.730918,-0.574766,1
CUST_000635,22.83,31.23,733.13,10,8.4,239,0.78,23.72,1.19,0,1.367937,23.475184,0.367937,0
CUST_009138,16.78,14.16,300.99,25,-2.62,3,0.21,15.78,0.82,2,0.843862,21.256356,-0.156138,1
CUST_003385,24.33,25.35,585.73,8,1.02,15,0.91,22.69,0.96,0,1.041924,23.10572,0.041924,0
CUST_008447,17.57,7.94,129.13,27,-9.64,11,0.1,17.18,1.13,1,0.451907,16.263224,-0.548662,1
CUST_005741,31.05,12.36,135.06,32,-18.69,209,0.31,27.58,1.0,2,0.398068,10.927184,-0.601932,1
CUST_000142,13.96,11.34,245.63,7,-2.62,169,0.9,15.49,0.92,0,0.812321,21.660494,-0.187679,0
CUST_003465,16.69,17.81,373.67,3,1.13,121,0.9,17.39,0.95,0,1.067106,20.98091,0.067705,0
CUST_006047,27.82,53.46,1277.54,20,25.64,173,0.03,28.34,0.91,2,1.921639,23.897119,0.921639,1
CUST_004179,30.7,34.52,833.67,6,3.82,14,0.96,29.8,1.13,0,1.12443,24.150348,0.12443,0
CUST_005355,24.29,9.26,106.69,15,-15.04,1,0.03,21.91,0.95,0,0.381227,11.521598,-0.619185,1
CUST_001783,19.03,21.39,387.03,7,2.36,205,0.83,18.99,1.01,0,1.124015,18.093969,0.124015,0
CUST_004172,23.65,20.64,429.09,6,-3.01,125,0.94,22.64,0.94,0,0.872727,20.789244,-0.127273,0
CUST_009838,23.79,40.56,751.99,39,16.78,2,0.14,22.57,1.13,2,1.704918,18.540187,0.705338,1
CUST_002949,19.25,20.75,501.37,10,1.5,141,0.89,20.13,0.98,0,1.077922,24.16241,0.077922,0
CUST_007328,37.44,38.2,663.5,46,0.76,193,0.19,34.18,1.0,1,1.020299,17.36911,0.020299,1
CUST_009779,30.27,65.02,1027.05,40,34.75,4,0.07,30.78,0.86,1,2.148001,15.795909,1.148001,1
CUST_004343,20.89,15.12,333.72,4,-5.77,39,0.98,20.76,0.82,0,0.723791,22.071429,-0.276209,0
CUST_006600,21.54,59.48,1137.86,28,37.94,6,0.08,23.28,1.1,2,2.761374,19.130128,1.761374,1
CUST_000631,16.7,12.73,280.9,5,-3.97,27,0.63,16.17,0.86,0,0.762275,22.065986,-0.237725,0
CUST_001253,36.69,41.28,914.38,8,4.59,179,0.94,33.6,1.07,0,1.125102,22.150678,0.125102,0
CUST_009555,23.75,54.5,928.55,17,30.75,234,0.08,27.19,0.92,3,2.294737,17.037615,1.294737,1
CUST_002667,20.79,21.57,488.12,8,0.79,109,1.0,20.32,0.9,0,1.037518,22.629578,0.037999,0
CUST_007907,28.54,63.83,1002.55,41,35.29,230,0.32,29.26,0.89,1,2.23651,15.706564,1.23651,1
CUST_002107,30.45,32.95,812.58,6,2.5,88,0.73,31.08,1.18,0,1.082102,24.661002,0.082102,0
CUST_008994,19.9,57.18,1008.05,19,37.28,4,0.48,20.55,1.15,0,2.873367,17.629416,1.873367,1
CUST_001211,19.38,20.88,409.17,10,1.5,83,0.95,20.72,1.0,0,1.077399,19.596264,0.077399,0
CUST_009042,30.91,31.22,562.15,45,0.31,147,0.02,31.14,1.02,0,1.010029,18.006086,0.010029,1
CUST_007401,23.46,47.42,798.01,21,23.96,4,0.22,25.81,1.08,2,2.021313,16.828553,1.021313,1
CUST_009844,16.03,18.82,296.04,45,2.79,11,0.11,17.48,1.12,0,1.174049,15.730074,0.174049,1
CUST_007518,27.34,30.77,573.13,54,3.43,6,0.14,25.12,1.2,2,1.125457,18.626259,0.125457,1
CUST_007001,25.1,8.96,121.77,29,-16.13,184,0.2,22.82,0.89,1,0.356972,13.590402,-0.642629,1
CUST_000359,15.59,16.5,403.78,7,0.91,111,0.88,15.96,0.94,0,1.058371,24.471515,0.058371,0
CUST_000825,17.54,15.87,303.21,11,-1.67,25,0.94,17.55,0.82,0,0.904789,19.10586,-0.095211,0
CUST_004227,13.92,11.79,268.77,6,-2.13,105,0.82,15.42,0.86,0,0.846983,22.796438,-0.153017,0
CUST_000296,15.96,16.99,417.72,13,1.03,69,0.61,17.69,0.99,0,1.064536,24.586227,0.064536,0
CUST_000956,32.31,31.11,527.8,2,-1.21,88,0.93,31.19,1.05,0,0.96286,16.965606,-0.03745,0
CUST_003736,38.01,32.8,656.05,10,-5.22,140,0.64,34.95,0.87,0,0.862931,20.001524,-0.137332,0
CUST_003554,36.25,36.43,591.4,4,0.17,155,0.99,34.38,0.99,0,1.004966,16.233873,0.00469,0
CUST_006298,24.19,11.14,129.48,31,-13.05,3,0.77,23.22,1.15,1,0.460521,11.62298,-0.539479,1
CUST_003498,18.21,21.42,374.18,12,3.21,154,0.96,17.32,1.08,0,1.176277,17.468721,0.176277,0
CUST_002129,17.91,18.72,373.73,5,0.81,54,0.68,17.92,1.15,0,1.045226,19.964209,0.045226,0
CUST_003562,24.82,31.05,654.82,8,6.24,134,0.95,25.61,1.09,0,1.251007,21.089211,0.25141,0
CUST_003173,29.28,35.41,533.55,8,6.14,149,0.93,26.65,1.12,0,1.209358,15.067777,0.209699,0
CUST_002066,14.28,14.53,322.67,8,0.25,134,0.84,15.15,1.03,0,1.017507,22.207158,0.017507,0
CUST_002158,17.41,20.74,315.9,8,3.33,94,0.9,15.96,1.19,0,1.191269,15.231437,0.191269,0
CUST_003890,32.19,36.74,566.37,7,4.55,131,0.57,33.65,1.03,0,1.141348,15.415623,0.141348,0
CUST_000902,33.43,32.61,657.84,10,-0.82,214,0.91,30.57,1.11,0,0.975471,20.172953,-0.024529,0
CUST_000431,26.65,23.29,428.96,8,-3.36,38,0.95,28.91,0.86,0,0.873921,18.418205,-0.126079,0
CUST_000729,23.88,29.7,458.97,3,5.81,79,0.91,23.57,1.13,0,1.243719,15.453535,0.2433,0
CUST_003937,21.3,24.91,444.46,9,3.6,24,0.89,19.53,1.04,0,1.169484,17.842633,0.169014,0
CUST_002560,34.99,46.14,805.27,4,11.15,184,0.94,33.63,1.17,0,1.318662,17.452752,0.318662,0
CUST_000329,31.2,31.29,622.09,8,0.09,199,0.95,29.36,0.98,0,1.002885,19.881432,0.002885,0
CUST_000502,15.83,16.24,261.11,9,0.41,105,0.94,15.78,1.06,0,1.0259,16.078202,0.0259,0
CUST_007789,28.37,9.99,114.19,41,-18.39,6,0.01,24.03,0.88,1,0.352133,11.43043,-0.64822,1
CUST_004529,32.26,24.26,393.42,13,-8.0,194,0.68,30.77,0.81,0,0.752015,16.216818,-0.247985,0
CUST_004171,20.68,17.44,296.01,5,-3.25,207,0.98,21.21,0.86,0,0.843327,16.97305,-0.157157,0
CUST_009816,31.09,72.6,1253.57,31,41.51,4,0.63,28.87,0.82,0,2.335156,17.266804,1.335156,1
CUST_002458,19.35,17.07,322.53,8,-2.28,187,0.94,18.21,1.0,0,0.882171,18.894552,-0.117829,0
CUST_003784,29.67,21.33,505.0,3,-8.33,16,0.81,30.49,0.8,0,0.718908,23.675574,-0.280755,0
CUST_001470,33.07,43.76,920.39,6,10.68,48,0.89,31.96,1.2,0,1.323254,21.032678,0.322951,0
CUST_007346,29.9,9.78,149.6,15,-20.11,6,0.21,27.2,0.82,1,0.32709,15.296524,-0.672575,1
CUST_001398,17.23,22.37,523.69,6,5.14,71,0.86,18.02,1.18,0,1.298317,23.410371,0.298317,0
CUST_001177,25.52,30.33,757.92,4,4.81,159,0.95,25.22,1.16,0,1.18848,24.98912,0.18848,0
CUST_005640,13.94,29.34,561.05,15,15.41,2,0.21,16.99,0.84,1,2.104735,19.122359,1.105452,1
CUST_007110,29.49,9.51,142.23,32,-19.98,133,0.26,24.63,0.81,3,0.322482,14.955836,-0.677518,1
CUST_002325,23.84,26.23,567.06,11,2.39,111,0.75,24.69,1.06,0,1.100252,21.618757,0.100252,0
CUST_002952,33.01,31.38,761.61,11,-1.63,150,0.9,34.06,0.92,0,0.950621,24.270554,-0.049379,0
CUST_008968,30.02,82.55,1603.55,36,52.53,213,0.55,30.94,1.1,1,2.749833,19.425197,1.749833,1
CUST_009616,23.07,9.04,137.91,44,-14.03,2,0.04,21.78,0.99,1,0.391851,15.255531,-0.608149,1
CUST_007010,19.12,40.45,573.03,35,21.33,2,0.16,23.61,0.85,3,2.115586,14.166378,1.115586,1
CUST_002092,20.97,15.99,359.0,4,-4.98,235,0.93,23.05,0.84,0,0.762518,22.451532,-0.237482,0
CUST_003162,23.63,20.72,484.08,7,-2.91,127,0.57,25.08,1.01,0,0.876851,23.362934,-0.123149,0
CUST_005151,22.36,48.13,695.0,35,25.78,8,0.21,23.6,0.86,2,2.152504,14.440058,1.152952,1
CUST_009716,15.92,30.31,528.87,16,14.39,1,0.33,15.47,1.04,1,1.903894,17.448697,0.903894,1
CUST_005754,26.03,55.77,1208.07,17,29.74,131,0.53,26.76,1.05,2,2.142528,21.661646,1.142528,1
CUST_008025,14.13,32.51,492.25,34,18.39,3,0.16,16.97,0.92,0,2.300778,15.141495,1.301486,1
CUST_005914,35.07,16.47,194.32,15,-18.6,8,0.19,27.18,1.17,1,0.469632,11.798421,-0.530368,1
CUST_009253,20.33,51.2,1032.01,36,30.87,2,0.11,20.88,1.01,0,2.518446,20.156445,1.518446,1
CUST_001179,23.06,22.6,451.48,5,-0.46,175,0.78,24.61,1.14,0,0.980052,19.976991,-0.019948,0
CUST_009715,14.42,38.91,787.04,28,24.49,1,0.29,17.35,1.08,1,2.698336,20.227191,1.698336,1
CUST_007096,15.9,47.18,987.37,32,31.28,4,0.11,16.64,1.19,1,2.967296,20.927724,1.967296,1
CUST_001294,29.37,35.65,755.08,5,6.28,40,0.8,30.57,1.13,0,1.213824,21.180365,0.213824,0
CUST_008192,35.31,16.74,274.35,36,-18.57,226,0.16,28.68,1.18,0,0.474087,16.388889,-0.525913,1
CUST_004571,24.61,22.23,373.91,4,-2.38,43,0.93,24.01,0.89,0,0.903291,16.820063,-0.096709,0
CUST_000789,32.8,39.18,637.31,4,6.38,222,0.94,31.65,1.07,0,1.194512,16.266207,0.194512,0
CUST_006279,17.34,16.27,378.13,56,-1.07,186,0.39,18.45,0.87,0,0.938293,23.240934,-0.061707,1
CUST_000760,21.5,22.06,394.05,5,0.56,18,0.52,19.99,1.04,1,1.026047,17.862647,0.026047,0
CUST_002699,32.58,29.93,529.51,9,-2.65,16,0.91,31.07,0.99,0,0.918662,17.691614,-0.081338,0
CUST_006866,35.85,13.17,140.06,38,-22.68,221,0.08,34.41,0.92,0,0.367364,10.634776,-0.632636,1
CUST_004617,19.26,15.22,377.09,9,-4.04,107,0.68,19.42,0.9,0,0.790239,24.775953,-0.209761,0
CUST_000282,27.49,32.22,742.63,10,4.73,12,0.52,26.29,1.04,0,1.172063,23.048727,0.172063,0
CUST_007281,34.25,11.34,182.58,38,-22.92,5,0.01,31.48,0.83,0,0.331095,16.100529,-0.669197,1
CUST_002453,17.62,18.1,371.76,4,0.48,169,0.99,16.62,1.11,0,1.027242,20.539227,0.027242,0
CUST_000346,26.72,21.19,346.52,5,-5.54,217,0.92,26.23,0.87,0,0.793039,16.352997,-0.207335,0
CUST_005393,28.6,79.43,1553.65,25,50.83,10,0.07,31.56,1.11,0,2.777273,19.55999,1.777273,1
CUST_007595,36.73,13.24,147.7,39,-23.5,6,0.67,31.14,0.9,0,0.360468,11.155589,-0.639804,1
CUST_000393,29.62,27.26,663.29,5,-2.35,121,0.77,27.34,0.8,0,0.920324,24.331988,-0.079338,0
CUST_004693,34.13,34.67,727.28,6,0.54,74,0.74,32.08,1.18,0,1.015822,20.977214,0.015822,0
CUST_005776,27.42,9.9,163.63,16,-17.52,145,0.08,24.18,0.9,0,0.36105,16.528283,-0.63895,1
CUST_000264,24.64,18.45,311.76,3,-6.19,138,0.58,23.61,0.85,0,0.748782,16.897561,-0.251218,0
CUST_001464,19.77,18.42,423.08,8,-1.35,197,0.85,19.98,0.9,0,0.931715,22.968512,-0.068285,0
CUST_003813,26.51,28.14,454.66,3,1.63,180,0.85,28.52,0.98,1,1.061486,16.157072,0.061486,0
CUST_000261,18.22,22.45,375.3,6,4.24,47,0.77,19.66,1.08,0,1.232162,16.717149,0.232711,0
CUST_008003,30.06,23.28,519.31,42,-6.77,202,0.14,32.87,0.81,0,0.774451,22.307131,-0.225216,1
CUST_007454,20.62,41.72,684.85,37,21.1,227,0.08,20.61,0.91,3,2.023278,16.415388,1.023278,1
CUST_000157,21.13,20.67,467.34,7,-0.46,181,0.97,21.43,1.14,0,0.97823,22.609579,-0.02177,0
CUST_001615,27.74,22.33,524.47,7,-5.41,176,0.89,28.88,0.8,0,0.804975,23.487237,-0.195025,0
CUST_002978,34.23,32.36,551.21,8,-1.87,192,0.9,32.27,0.88,0,0.94537,17.033684,-0.05463,0
CUST_001763,24.39,28.09,650.4,11,3.7,140,0.88,23.82,1.18,0,1.151702,23.154147,0.151702,0
CUST_004398,24.76,31.03,746.14,5,6.27,108,0.64,25.9,1.17,0,1.253231,24.045762,0.253231,0
CUST_002502,16.56,16.5,255.76,9,-0.05,205,0.88,15.49,0.9,0,0.996377,15.500606,-0.003019,0
CUST_005480,31.99,12.16,191.14,32,-19.83,1,0.23,31.89,0.95,0,0.380119,15.71875,-0.619881,1
CUST_001879,19.88,19.81,484.3,8,-0.07,126,0.85,18.84,1.08,0,0.996479,24.447249,-0.003521,0
CUST_002074,18.54,14.18,340.09,10,-4.36,144,0.98,19.78,0.87,0,0.764833,23.98378,-0.235167,0
CUST_001026,22.27,18.04,398.01,3,-4.23,110,0.84,21.14,0.95,0,0.810058,22.062639,-0.189942,0
CUST_000822,15.21,17.64,355.22,7,2.43,112,0.99,15.5,1.03,0,1.159763,20.137188,0.159763,0
CUST_000410,24.2,23.82,367.34,11,-0.38,238,0.99,25.37,0.94,0,0.984298,15.421495,-0.015702,0
CUST_002572,24.63,24.89,530.23,6,0.26,223,0.52,25.5,1.07,0,1.010556,21.302933,0.010556,0
CUST_008821,34.36,33.89,805.35,33,-0.48,233,0.11,33.92,0.98,1,0.986321,23.763647,-0.01397,1
CUST_004185,30.71,36.49,590.34,8,5.78,140,0.93,32.56,1.04,0,1.188212,16.178131,0.188212,0
CUST_003895,15.22,13.26,300.93,13,-1.95,108,0.83,15.73,0.95,0,0.871222,22.69457,-0.128121,0
CUST_001216,22.65,23.93,517.22,4,1.28,58,0.91,22.01,1.09,0,1.056512,21.613874,0.056512,0
CUST_007466,17.53,21.26,326.71,53,3.73,196,0.09,19.37,1.1,0,1.212778,15.367357,0.212778,1
CUST_005403,18.68,28.21,432.64,38,9.53,7,0.32,19.67,0.87,1,1.510171,15.336406,0.510171,1
CUST_003436,27.68,24.96,465.5,8,-2.72,194,0.8,29.9,1.0,0,0.901734,18.64984,-0.098266,0
CUST_004627,19.47,19.43,467.78,8,-0.04,102,0.96,19.45,0.94,0,0.997946,24.075142,-0.002054,0
CUST_005593,35.13,70.74,1112.74,26,35.61,166,0.17,32.95,1.18,2,2.013664,15.729997,1.013664,1
CUST_007766,26.31,10.6,198.83,15,-15.72,139,0.07,25.37,1.02,1,0.402889,18.757547,-0.597491,1
CUST_000089,28.97,33.7,738.03,7,4.73,211,0.95,28.02,1.01,0,1.163272,21.9,0.163272,0
CUST_000896,27.75,24.73,454.58,3,-3.02,114,0.91,27.91,0.82,1,0.891171,18.381723,-0.108829,0
CUST_003153,25.84,24.25,585.21,14,-1.58,158,0.89,24.06,0.95,0,0.938467,24.132371,-0.061146,0
CUST_000624,30.3,36.82,713.43,7,6.52,212,0.95,29.89,1.13,0,1.215182,19.376154,0.215182,0
CUST_002290,22.08,21.38,389.08,7,-0.7,67,0.83,23.19,1.07,0,0.968297,18.198316,-0.031703,0
CUST_007173,18.68,6.42,102.46,20,-12.26,11,0.14,15.52,0.86,3,0.343683,15.959502,-0.656317,1
CUST_003602,29.79,24.1,521.78,7,-5.69,154,0.95,29.91,0.9,0,0.808996,21.650622,-0.191004,0
CUST_009514,34.1,15.48,213.34,37,-18.62,3,0.14,31.94,1.13,1,0.453959,13.781654,-0.546041,1
CUST_005290,32.92,36.57,833.11,24,3.64,176,0.51,31.44,1.09,1,1.110875,22.781241,0.110571,1
CUST_001393,30.49,23.39,546.46,4,-7.1,137,0.87,29.43,0.84,0,0.767137,23.362976,-0.232863,0
CUST_004510,31.49,31.28,475.04,8,-0.2,43,0.88,29.34,1.08,0,0.993331,15.186701,-0.006351,0
CUST_008784,17.5,50.26,989.94,37,32.76,4,0.3,17.7,1.15,1,2.872,19.696379,1.872,1
CUST_002297,30.48,35.7,858.15,7,5.22,230,0.76,30.82,1.03,0,1.17126,24.037815,0.17126,0
CUST_009400,19.77,24.9,504.5,38,5.13,152,0.1,20.29,1.18,2,1.259484,20.261044,0.259484,1
CUST_001902,22.68,28.41,579.62,8,5.73,43,0.86,25.04,1.17,0,1.252646,20.401971,0.252646,0
CUST_008454,26.39,78.54,1525.59,20,52.15,9,0.11,29.49,1.19,0,2.976127,19.42437,1.976127,1
CUST_008769,22.55,10.32,124.17,16,-12.24,134,0.6,17.75,1.14,0,0.45765,12.031977,-0.542794,1
CUST_003743,26.04,28.76,583.04,7,2.72,221,0.81,27.34,1.05,0,1.104455,20.272601,0.104455,0
CUST_001580,34.08,33.07,701.22,5,-1.01,39,0.9,32.79,0.88,0,0.970364,21.204112,-0.029636,0
CUST_000160,14.39,16.66,298.19,7,2.27,114,0.78,15.66,1.05,0,1.157748,17.898559,0.157748,0
CUST_003705,30.98,30.66,735.46,7,-0.32,77,0.62,29.18,1.08,0,0.989671,23.987606,-0.010329,0
CUST_008615,36.99,16.35,206.64,21,-20.64,2,0.08,29.39,1.1,1,0.442011,12.638532,-0.557989,1
CUST_008599,21.65,18.33,334.26,36,-3.32,10,0.38,22.94,1.02,1,0.846651,18.235679,-0.153349,1
CUST_002835,30.93,29.91,515.85,3,-1.02,215,0.8,28.39,0.88,0,0.967022,17.24674,-0.032978,0
CUST_007039,17.75,32.33,543.46,16,14.58,4,0.15,17.72,0.92,1,1.821408,16.809774,0.821408,1
CUST_004446,24.17,22.52,437.28,5,-1.65,149,0.44,25.44,0.83,0,0.931734,19.417407,-0.068266,0
CUST_000643,25.61,23.24,536.36,12,-2.37,127,0.86,23.48,1.0,0,0.907458,23.079174,-0.092542,0
CUST_008263,42.33,16.19,205.53,34,-26.15,130,0.17,34.59,0.96,1,0.382471,12.694873,-0.617765,1
CUST_001296,28.3,26.58,610.77,3,-1.73,213,0.82,31.39,0.88,0,0.939223,22.978555,-0.061131,0
CUST_007150,24.85,21.67,336.38,38,-3.18,2,0.12,24.46,1.06,0,0.872032,15.522843,-0.127968,1
CUST_009940,15.88,42.17,664.07,21,26.29,3,0.03,18.73,1.06,2,2.655542,15.747451,1.655542,1
CUST_009729,27.2,19.81,346.36,42,-7.39,10,0.13,24.87,1.06,1,0.728309,17.484099,-0.271691,1
CUST_001872,27.69,30.96,524.06,5,3.27,192,0.86,29.17,1.2,0,1.118093,16.927003,0.118093,0
CUST_002481,18.68,18.72,384.57,5,0.04,202,0.88,19.18,0.88,0,1.002141,20.543269,0.002141,0
CUST_000680,24.91,27.46,624.93,5,2.55,71,0.77,27.1,1.05,0,1.102369,22.75783,0.102369,0
CUST_005123,14.87,40.19,853.55,30,25.32,6,0.16,15.45,1.08,1,2.702757,21.23787,1.702757,1
CUST_002933,33.67,32.31,491.11,5,-1.36,12,0.62,33.32,0.85,0,0.959608,15.199938,-0.040392,0
CUST_000137,29.62,30.58,624.72,5,0.96,152,0.49,27.52,1.0,0,1.032411,20.429039,0.032411,0
CUST_002825,16.99,17.94,381.91,3,0.94,185,0.94,15.93,1.15,0,1.055915,21.288183,0.055327,0
CUST_000568,22.13,16.27,277.39,5,-5.86,160,0.77,21.02,0.81,0,0.735201,17.04917,-0.264799,0
CUST_006502,30.35,88.87,1650.7,35,58.52,8,0.04,33.78,1.17,1,2.928171,18.574322,1.928171,1
CUST_003071,32.34,29.16,505.14,9,-3.18,191,0.88,31.73,0.96,0,0.90167,17.323045,-0.09833,0
CUST_003489,19.91,18.33,383.49,3,-1.57,173,0.82,19.16,0.99,0,0.920643,20.92144,-0.078855,0
CUST_005431,37.52,12.53,143.54,23,-24.99,3,0.18,34.56,0.83,1,0.333955,11.455706,-0.666045,1
CUST_003726,21.25,19.43,293.09,6,-1.81,215,1.0,22.89,0.85,0,0.914353,15.084406,-0.085176,0
CUST_000070,22.33,23.09,475.6,6,0.76,93,0.83,24.6,1.04,0,1.034035,20.597661,0.034035,0
CUST_008884,22.23,8.71,143.01,19,-13.52,6,0.08,18.09,0.98,2,0.391813,16.419059,-0.608187,1
CUST_001746,27.39,25.8,548.28,12,-1.59,183,0.91,28.85,1.07,0,0.94195,21.251163,-0.05805,0
CUST_002503,17.24,19.54,391.74,6,2.3,126,0.88,16.81,1.04,0,1.133411,20.048106,0.133411,0
CUST_000554,23.54,21.94,493.64,11,-1.6,45,0.97,25.23,0.98,0,0.932031,22.499544,-0.067969,0
CUST_006669,24.69,69.28,1417.9,42,44.6,139,0.22,27.04,1.12,0,2.805994,20.466224,1.806399,1
CUST_003935,23.7,24.07,368.73,7,0.38,12,0.87,25.68,1.1,0,1.015612,15.319069,0.016034,0
CUST_001750,30.7,23.95,577.74,11,-6.75,119,0.93,33.11,0.82,0,0.78013,24.122756,-0.21987,0
CUST_005250,25.25,53.77,887.63,24,28.51,4,0.08,23.88,1.13,2,2.129505,16.507904,1.129109,1
CUST_003637,17.34,17.45,313.32,6,0.12,220,0.85,17.02,1.05,0,1.006344,17.955301,0.00692,0
CUST_008180,27.99,57.69,1063.49,28,29.7,7,0.05,34.29,0.82,3,2.061093,18.434564,1.061093,1
CUST_007299,20.37,10.03,249.58,22,-10.33,175,0.04,20.88,1.12,1,0.492391,24.88335,-0.507118,1
CUST_000957,18.78,14.71,282.18,6,-4.07,126,0.95,18.94,0.88,0,0.78328,19.182869,-0.21672,0
CUST_007575,24.6,8.83,129.17,35,-15.77,9,0.01,24.26,0.9,1,0.358943,14.628539,-0.641057,1
CUST_003975,21.83,22.55,458.53,5,0.71,126,0.98,19.91,1.01,0,1.032982,20.333925,0.032524,0
CUST_001509,34.89,30.4,718.24,10,-4.49,101,0.97,32.29,0.81,0,0.87131,23.626316,-0.12869,0
CUST_004625,28.6,29.72,464.95,9,1.13,80,0.91,26.27,1.02,0,1.039161,15.644347,0.03951,0
CUST_009846,18.76,51.53,860.34,16,32.77,5,0.01,19.58,1.1,1,2.746802,16.695905,1.746802,1
CUST_007860,21.35,51.16,1103.93,17,29.81,8,0.14,23.6,0.96,0,2.396253,21.577991,1.396253,1
CUST_000092,23.2,22.63,542.82,8,-0.57,227,0.91,25.65,1.09,0,0.975431,23.986743,-0.024569,0
CUST_009968,31.14,14.49,181.44,26,-16.65,9,0.05,29.44,1.16,1,0.465318,12.521739,-0.534682,1
CUST_008369,29.61,71.02,1173.28,24,41.4,203,0.06,31.85,0.96,1,2.398514,16.520417,1.398176,1
CUST_000274,24.96,25.13,454.35,2,0.17,36,0.9,27.2,0.9,0,1.006811,18.079984,0.006811,0
CUST_009463,29.16,9.53,149.38,34,-19.63,179,0.01,22.45,0.82,2,0.326818,15.674711,-0.673182,1
CUST_001137,25.3,25.1,462.52,8,-0.2,197,0.97,23.77,0.97,0,0.992095,18.427092,-0.007905,0
CUST_002607,25.32,32.37,671.87,7,7.05,128,0.83,24.02,1.11,0,1.278436,20.755947,0.278436,0
CUST_003380,32.85,38.39,851.86,5,5.55,48,0.57,29.93,1.1,0,1.168645,22.189633,0.16895,0
CUST_000953,17.1,18.15,387.65,14,1.05,168,0.79,18.4,1.12,0,1.061404,21.358127,0.061404,0
CUST_004091,17.89,20.54,486.8,9,2.65,169,1.0,18.18,1.2,0,1.148127,23.700097,0.148127,0
CUST_009238,17.91,6.97,115.92,21,-10.94,199,0.3,19.62,0.8,1,0.389168,16.631277,-0.610832,1
CUST_006118,26.86,10.4,150.85,44,-16.46,8,0.4,23.7,0.97,0,0.387193,14.504808,-0.612807,1
CUST_009452,24.71,31.05,590.85,49,6.35,11,0.1,25.63,1.19,1,1.256576,19.028986,0.256981,1
CUST_006333,38.17,15.4,262.83,16,-22.77,5,0.19,31.75,1.01,2,0.403458,17.066883,-0.596542,1
CUST_008944,15.51,17.47,310.58,53,1.96,1,0.09,15.87,1.13,1,1.12637,17.777905,0.12637,1
CUST_007998,25.53,8.87,154.1,21,-16.66,10,0.04,22.11,0.87,2,0.347434,17.373168,-0.652566,1
CUST_007917,22.08,10.49,179.56,18,-11.59,5,0.02,17.15,1.19,1,0.475091,17.117255,-0.524909,1
CUST_007648,26.13,38.37,677.95,40,12.24,9,0.31,28.67,1.14,1,1.468427,17.668752,0.468427,1
CUST_000076,26.15,24.4,407.37,7,-1.75,136,0.94,23.91,1.01,0,0.933078,16.695492,-0.066922,0
CUST_002232,34.41,39.32,634.64,6,4.91,239,0.9,34.44,1.06,0,1.142691,16.140387,0.142691,0
CUST_009771,16.58,39.44,582.24,34,22.85,159,0.05,18.59,0.95,2,2.37877,14.762677,1.378166,1
CUST_003421,29.7,27.48,652.85,13,-2.22,228,0.81,29.89,0.91,0,0.925253,23.757278,-0.074747,0
CUST_005180,31.7,12.2,158.87,25,-19.5,11,0.13,29.72,0.96,2,0.384858,13.022131,-0.615142,1
CUST_003494,18.63,15.84,333.69,9,-2.79,38,0.9,17.74,0.91,0,0.850242,21.066288,-0.149758,0
CUST_007507,15.18,36.98,542.73,16,21.8,228,0.12,17.07,0.97,3,2.4361,14.676312,1.4361,1
CUST_002056,33.22,26.0,409.91,9,-7.22,119,0.76,34.06,0.83,0,0.782661,15.765769,-0.217339,0
CUST_006616,22.18,25.14,464.17,50,2.96,4,0.01,21.86,1.12,3,1.133454,18.463405,0.133454,1
CUST_005528,26.92,19.69,371.09,20,-7.23,2,0.12,29.65,0.99,0,0.731426,18.846623,-0.268574,1
CUST_005422,25.39,74.29,1424.1,44,48.9,10,0.32,27.68,1.17,1,2.925955,19.169471,1.925955,1
CUST_003561,30.27,25.2,433.49,4,-5.07,61,0.56,28.68,0.84,0,0.832507,17.201984,-0.167493,0
CUST_006315,20.54,46.57,883.21,32,26.02,135,0.03,22.46,0.91,2,2.267283,18.965214,1.266796,1
CUST_000804,23.45,21.69,505.71,8,-1.75,177,0.57,25.93,0.84,0,0.924947,23.315353,-0.074627,0
CUST_001806,17.84,15.93,294.33,8,-1.91,206,0.67,19.03,0.87,0,0.892937,18.47646,-0.107063,0
CUST_003513,28.23,25.4,584.97,3,-2.83,46,0.73,29.57,0.99,0,0.899752,23.030315,-0.100248,0
CUST_000907,28.91,27.06,449.94,4,-1.85,176,0.98,30.41,0.89,0,0.936008,16.627494,-0.063992,0
CUST_006924,16.47,11.5,193.28,25,-4.97,8,0.08,16.04,0.81,1,0.698239,16.806957,-0.301761,1
CUST_006264,15.62,46.33,1016.15,21,30.71,4,0.07,18.41,1.19,1,2.966069,21.932873,1.966069,1
CUST_005359,22.44,60.44,1091.91,15,38.0,6,0.01,27.58,1.08,1,2.693405,18.066016,1.693405,1
CUST_005065,24.19,68.25,1126.21,15,44.06,9,0.04,26.31,1.13,0,2.821414,16.501245,1.821414,1
CUST_002670,29.01,27.31,596.91,5,-1.7,195,0.98,32.0,0.84,0,0.9414,21.856829,-0.0586,0
CUST_005649,32.37,28.73,494.37,56,-3.64,9,0.12,32.76,0.95,1,0.88755,17.207449,-0.11245,1
CUST_008090,31.1,42.34,865.27,25,11.24,133,0.09,29.85,0.83,2,1.361415,20.436231,0.361415,1
CUST_009790,32.07,67.22,994.19,42,35.15,2,0.03,33.48,0.84,0,2.09604,14.790092,1.09604,1
CUST_000038,24.68,27.3,525.71,8,2.62,42,0.68,23.21,1.19,0,1.106159,19.256777,0.106159,0
CUST_000459,20.87,17.49,266.66,9,-3.38,36,0.83,22.19,0.85,0,0.838045,15.246427,-0.161955,0
CUST_003986,26.03,28.83,679.0,10,2.8,76,0.9,27.25,1.03,0,1.107568,23.551856,0.107568,0
CUST_001242,15.98,15.09,376.85,12,-0.89,226,0.91,17.14,1.11,0,0.944305,24.973492,-0.055695,0
CUST_009769,15.06,34.04,532.12,19,18.98,175,0.03,17.81,0.9,0,2.260292,15.632197,1.260292,1
CUST_003642,31.24,39.87,925.86,2,8.63,181,0.76,28.43,1.2,0,1.276248,23.221971,0.276248,0
CUST_003423,17.26,22.21,385.48,4,4.96,13,0.97,16.65,1.2,1,1.28679,17.356146,0.28737,0
CUST_001444,31.29,33.34,687.47,10,2.06,149,0.85,31.41,1.13,0,1.065516,20.619976,0.065836,0
CUST_008656,33.3,26.25,412.1,35,-7.05,134,0.02,30.37,0.93,1,0.788288,15.699048,-0.211712,1
CUST_007094,28.46,24.41,589.5,43,-4.04,4,0.18,28.12,1.1,0,0.857695,24.149939,-0.141954,1
CUST_003347,29.15,30.51,499.34,10,1.36,217,0.98,26.95,1.03,0,1.046655,16.366437,0.046655,0
CUST_001622,24.06,26.61,489.89,8,2.55,39,0.85,23.55,1.09,0,1.105985,18.409996,0.105985,0
CUST_007568,14.43,39.92,786.3,43,25.49,4,0.29,16.24,1.11,1,2.766459,19.696894,1.766459,1
CUST_001249,16.71,16.24,264.49,6,-0.46,12,0.96,17.62,1.12,0,0.971873,16.28633,-0.027528,0
CUST_002534,31.43,24.29,573.93,10,-7.15,113,0.76,31.18,0.85,0,0.772829,23.628242,-0.22749,0
CUST_006918,25.73,31.86,513.95,53,6.12,230,0.08,27.62,1.18,0,1.238243,16.131513,0.237855,1
CUST_008054,29.34,27.58,550.68,58,-1.76,222,0.09,31.98,0.9,2,0.940014,19.966642,-0.059986,1
CUST_003008,24.57,27.21,472.26,11,2.64,226,0.75,25.75,1.01,0,1.107448,17.356119,0.107448,0
CUST_006062,13.38,31.06,555.8,20,17.68,3,0.07,15.92,0.93,2,2.321375,17.894398,1.321375,1
CUST_004266,23.27,25.77,480.54,5,2.5,25,0.78,21.56,1.05,0,1.107434,18.647264,0.107434,0
CUST_006944,38.82,14.09,225.0,38,-24.73,2,0.18,30.81,0.91,0,0.362957,15.968772,-0.637043,1
CUST_002098,14.79,14.39,302.52,6,-0.4,170,0.89,16.03,1.02,0,0.972955,21.022933,-0.027045,0
CUST_009295,14.45,34.21,539.46,27,19.76,1,0.13,17.15,0.95,1,2.367474,15.769073,1.367474,1
CUST_003773,30.42,28.16,480.2,5,-2.26,88,0.65,28.39,0.87,0,0.925707,17.052557,-0.074293,0
CUST_009004,29.73,13.01,156.44,30,-16.71,3,0.1,27.25,1.09,2,0.437605,12.024596,-0.562059,1
CUST_001184,26.45,21.02,379.52,8,-5.43,131,0.86,28.57,0.9,0,0.794707,18.055186,-0.205293,0
CUST_009347,28.76,10.89,128.32,27,-17.87,171,0.1,24.4,0.95,3,0.378651,11.783287,-0.621349,1
CUST_003586,24.32,28.05,695.82,9,3.73,47,0.99,23.56,1.0,0,1.153372,24.806417,0.153372,0
CUST_000419,19.28,22.92,395.19,7,3.64,157,0.94,19.25,1.04,0,1.188797,17.242147,0.188797,0
CUST_005249,32.07,64.88,1140.54,37,32.81,165,0.12,30.88,0.89,0,2.023075,17.579223,1.023075,1
CUST_000168,17.88,16.5,310.42,4,-1.38,86,0.83,18.83,0.96,1,0.922819,18.813333,-0.077181,0
CUST_004573,30.38,25.38,516.31,5,-5.0,73,0.81,28.01,0.94,0,0.835418,20.343184,-0.164582,0
CUST_008459,44.08,20.7,261.31,42,-23.39,3,0.06,34.54,1.17,0,0.469601,12.623671,-0.530626,1
CUST_000900,19.33,15.74,308.89,9,-3.58,107,0.91,18.23,0.81,0,0.814278,19.624524,-0.185204,0
CUST_008237,41.87,20.09,293.87,40,-21.78,7,0.17,33.99,1.2,2,0.479818,14.627675,-0.520182,1
CUST_001890,29.09,25.74,451.69,4,-3.35,164,0.88,28.85,1.04,0,0.88484,17.548174,-0.11516,0
CUST_002053,22.33,20.56,426.87,10,-1.77,227,0.97,21.75,0.91,0,0.920734,20.76216,-0.079266,0
CUST_008304,33.14,10.96,144.2,17,-22.18,224,0.05,25.55,0.83,1,0.330718,13.156934,-0.669282,1
CUST_009278,25.74,68.04,1335.36,18,42.29,4,0.26,29.86,1.06,0,2.643357,19.626102,1.642968,1
CUST_009930,16.57,46.58,629.43,31,30.01,198,0.11,17.95,1.12,1,2.811104,13.512881,1.811104,1
CUST_009641,25.44,10.75,150.58,15,-14.69,8,0.07,20.01,1.06,1,0.422563,14.007442,-0.577437,1
CUST_008543,20.41,45.98,711.82,44,25.57,148,0.04,19.21,1.18,2,2.252817,15.481079,1.252817,1
CUST_005698,23.43,68.53,955.32,44,45.11,4,0.16,24.75,1.17,1,2.924883,13.940172,1.925309,1
CUST_007613,36.41,13.03,191.37,16,-23.38,170,0.15,34.96,0.89,0,0.357869,14.686876,-0.642131,1
CUST_004560,28.76,30.78,709.49,6,2.02,48,0.99,29.24,1.06,0,1.070236,23.050357,0.070236,0
CUST_003637,17.34,17.45,313.32,6,0.12,220,0.85,17.02,1.05,0,1.006344,17.955301,0.00692,0
CUST_009977,17.7,35.55,559.79,25,17.84,7,0.17,21.66,0.8,2,2.008475,15.746554,1.00791,1
CUST_004303,36.32,37.6,929.32,6,1.29,233,0.99,34.74,0.94,0,1.035242,24.715957,0.035518,0
CUST_006908,19.43,8.39,103.5,30,-11.03,5,0.11,15.11,1.08,1,0.431806,12.336114,-0.567679,1
CUST_004934,26.01,24.71,415.0,7,-1.29,76,0.98,25.54,0.98,1,0.950019,16.79482,-0.049596,0
CUST_002564,20.68,23.69,559.06,4,3.0,184,0.9,22.55,1.03,0,1.145551,23.598987,0.145068,0
CUST_006792,19.91,40.84,732.09,42,20.93,4,0.2,22.16,0.82,2,2.051231,17.925808,1.051231,1
CUST_009103,16.73,15.88,350.55,55,-0.86,1,0.09,16.82,0.9,1,0.949193,22.074937,-0.051405,1
CUST_005027,29.96,13.68,156.6,36,-16.28,154,0.06,27.17,1.14,2,0.456609,11.447368,-0.543391,1
CUST_009747,20.69,58.61,1301.71,44,37.93,6,0.19,23.11,1.13,1,2.832769,22.209691,1.833253,1
CUST_009026,20.31,7.1,122.95,18,-13.21,239,0.21,19.92,0.87,0,0.349581,17.316901,-0.650419,1
CUST_001924,20.05,15.36,319.49,5,-4.68,46,0.95,18.69,0.87,0,0.766085,20.80013,-0.233416,0
CUST_003062,18.84,16.07,368.17,3,-2.77,139,0.99,20.28,0.94,0,0.852972,22.910392,-0.147028,0
CUST_009327,32.71,88.87,1898.07,21,56.16,10,0.33,33.91,1.09,2,2.716906,21.357826,1.716906,1
CUST_009745,14.63,31.27,639.02,40,16.64,10,0.03,15.56,0.85,1,2.137389,20.435561,1.137389,1
CUST_006445,17.47,35.29,479.24,27,17.82,4,0.13,17.95,0.81,2,2.020034,13.580051,1.020034,1
CUST_002931,34.95,32.89,741.22,4,-2.05,201,0.92,32.69,1.03,0,0.941059,22.536333,-0.058655,0
CUST_000250,23.41,27.86,419.77,7,4.46,190,0.7,22.1,1.11,0,1.19009,15.067121,0.190517,0
CUST_002290,22.08,21.38,389.08,7,-0.7,67,0.83,23.19,1.07,0,0.968297,18.198316,-0.031703,0
CUST_000760,21.5,22.06,394.05,5,0.56,18,0.52,19.99,1.04,1,1.026047,17.862647,0.026047,0
CUST_007863,36.43,13.65,219.33,43,-22.79,120,0.03,28.1,0.94,2,0.374691,16.068132,-0.625583,1
CUST_006340,20.01,26.9,648.41,41,6.88,5,0.23,19.47,0.84,2,1.344328,24.104461,0.343828,1
CUST_001571,19.44,23.05,462.44,6,3.61,141,0.98,17.88,1.17,0,1.1857,20.062473,0.1857,0
CUST_005364,19.7,40.52,887.32,26,20.81,175,0.2,20.84,1.18,1,2.056853,21.898322,1.056345,1
CUST_003820,18.46,18.18,346.99,5,-0.28,28,0.9,18.33,0.91,0,0.984832,19.086359,-0.015168,0
CUST_001566,23.39,22.47,396.9,10,-0.91,230,0.83,24.55,0.86,0,0.960667,17.663551,-0.038906,0
CUST_008526,28.67,72.81,1242.69,27,44.14,208,0.27,28.88,1.02,2,2.539588,17.067573,1.539588,1
CUST_008708,34.62,38.59,766.27,59,3.97,1,0.42,34.59,1.13,3,1.114674,19.856699,0.114674,1
CUST_005177,25.07,37.65,567.89,35,12.59,144,0.23,27.07,1.08,1,1.501795,15.0834,0.502194,1
CUST_006974,16.54,40.65,764.71,42,24.11,7,0.17,19.67,0.98,1,2.457678,18.812054,1.457678,1
CUST_002420,21.97,22.78,567.75,7,0.82,196,0.49,22.73,0.91,0,1.036868,24.923178,0.037324,0
CUST_004422,15.83,15.1,292.69,7,-0.73,132,0.72,16.46,0.95,0,0.953885,19.383444,-0.046115,0
CUST_001606,16.75,16.1,334.85,6,-0.65,22,0.82,16.61,1.04,0,0.961194,20.798137,-0.038806,0
CUST_007775,26.26,26.94,522.32,50,0.68,10,0.01,25.88,1.08,1,1.025895,19.38827,0.025895,1
CUST_005863,28.41,9.73,141.38,21,-18.68,11,0.09,22.23,0.86,1,0.342485,14.530319,-0.657515,1
CUST_003894,16.76,15.33,238.76,6,-1.42,172,0.91,15.31,0.86,0,0.914678,15.57469,-0.084726,0
CUST_005806,33.65,86.0,1340.18,38,52.35,2,0.18,33.98,1.02,3,2.555721,15.583488,1.555721,1
CUST_008071,24.58,24.93,478.4,32,0.35,229,0.1,26.2,1.01,0,1.014239,19.189731,0.014239,1
CUST_004172,23.65,20.64,429.09,6,-3.01,125,0.94,22.64,0.94,0,0.872727,20.789244,-0.127273,0
CUST_001625,30.46,29.46,727.72,9,-1.01,229,0.85,33.22,1.1,0,0.96717,24.701969,-0.033158,0
CUST_000581,34.33,32.63,489.78,9,-1.7,22,0.91,34.8,1.06,0,0.950481,15.010113,-0.049519,0
CUST_007222,29.0,61.04,1415.16,40,32.04,153,0.41,31.56,1.12,0,2.104828,23.184142,1.104828,1
CUST_009542,25.63,8.99,182.58,36,-16.64,5,0.37,27.93,0.81,1,0.350761,20.309232,-0.649239,1
CUST_001782,17.58,20.44,428.42,5,2.85,71,0.96,19.21,1.13,0,1.162685,20.959883,0.162116,0
CUST_004522,30.82,39.48,926.14,4,8.66,21,0.76,31.64,1.13,0,1.280986,23.45846,0.280986,0
CUST_003863,25.96,31.71,744.45,9,5.75,75,0.76,24.46,1.11,0,1.221495,23.476821,0.221495,0
CUST_000657,28.66,34.61,834.01,7,5.95,239,0.75,29.05,1.19,0,1.207606,24.097371,0.207606,0
CUST_004171,20.68,17.44,296.01,5,-3.25,207,0.98,21.21,0.86,0,0.843327,16.97305,-0.157157,0
CUST_007740,34.64,14.57,254.79,20,-20.07,4,0.14,26.9,1.05,1,0.420612,17.487303,-0.579388,1
CUST_004481,31.3,29.72,582.04,5,-1.59,115,0.99,29.48,1.11,0,0.949521,19.584118,-0.050799,0
CUST_002185,31.57,32.68,528.24,6,1.11,200,0.77,31.0,1.2,0,1.03516,16.164015,0.03516,0
CUST_003323,24.76,18.53,316.43,7,-6.22,98,0.89,22.53,0.87,0,0.748384,17.076632,-0.251212,0
CUST_008273,33.39,13.33,208.04,40,-20.06,210,0.12,31.7,1.0,0,0.399221,15.606902,-0.600779,1
CUST_000140,19.8,18.99,385.17,9,-0.81,124,0.43,20.97,0.9,0,0.959091,20.28278,-0.040909,0
CUST_005904,30.26,23.71,444.41,37,-6.55,6,0.15,28.27,0.82,1,0.783543,18.743568,-0.216457,1
CUST_000086,26.07,31.8,675.43,10,5.73,184,0.97,27.66,1.18,0,1.219793,21.239937,0.219793,0
CUST_009736,35.11,12.26,199.9,32,-22.85,202,0.48,29.99,0.87,0,0.349188,16.305057,-0.650812,1
CUST_007537,36.1,55.72,869.28,39,19.62,200,0.14,33.91,0.92,1,1.54349,15.600861,0.54349,1
CUST_000877,21.6,23.44,410.8,6,1.83,139,0.94,20.01,0.95,0,1.085185,17.525597,0.084722,0
CUST_004073,31.99,24.43,516.33,10,-7.56,176,0.66,34.83,0.85,1,0.763676,21.13508,-0.236324,0
CUST_004952,35.58,30.61,748.1,7,-4.98,202,0.89,33.35,0.83,0,0.860315,24.439726,-0.139966,0
CUST_004640,31.06,32.8,714.66,7,1.74,126,0.88,30.08,1.13,0,1.056021,21.788415,0.056021,0
CUST_003638,32.39,33.63,537.93,11,1.24,99,0.96,34.94,1.02,0,1.038283,15.99554,0.038283,0
CUST_004560,28.76,30.78,709.49,6,2.02,48,0.99,29.24,1.06,0,1.070236,23.050357,0.070236,0
CUST_003159,29.14,26.0,391.99,9,-3.14,65,0.98,30.18,0.84,0,0.892244,15.076538,-0.107756,0
CUST_004943,15.91,17.65,344.21,3,1.73,209,0.93,16.51,1.13,0,1.109365,19.501983,0.108737,0
CUST_001823,28.16,26.04,565.61,5,-2.12,38,0.88,28.29,0.9,0,0.924716,21.720814,-0.075284,0
CUST_004905,33.06,28.81,455.7,10,-4.25,136,0.89,32.11,0.85,0,0.871446,15.817425,-0.128554,0
CUST_002013,22.22,25.08,522.81,8,2.86,54,0.73,21.54,1.11,0,1.128713,20.845694,0.128713,0
CUST_004840,23.73,23.86,515.45,9,0.14,21,0.91,24.2,0.91,0,1.005478,21.603101,0.0059,0
CUST_003230,16.44,18.07,350.69,11,1.63,40,0.96,17.04,0.97,0,1.099148,19.407305,0.099148,0
CUST_002090,16.0,16.46,280.25,5,0.46,71,0.9,15.15,1.14,0,1.02875,17.026124,0.02875,0
CUST_004790,30.33,27.08,563.89,8,-3.25,93,0.99,33.0,0.81,0,0.892845,20.823117,-0.107155,0
CUST_000090,20.96,21.76,361.08,8,0.8,219,0.25,23.19,0.97,0,1.038168,16.59375,0.038168,0
CUST_008920,20.36,23.28,470.46,33,2.92,239,0.34,22.37,1.15,0,1.143418,20.208763,0.143418,1
CUST_005222,20.38,7.35,100.0,18,-13.03,167,0.2,18.36,0.9,1,0.360648,13.605442,-0.639352,1
CUST_008645,35.52,13.23,214.01,38,-22.29,5,0.13,30.51,0.93,3,0.372466,16.176115,-0.627534,1
CUST_009910,32.18,11.21,162.43,18,-20.97,5,0.18,31.3,0.87,1,0.348353,14.489741,-0.651647,1
CUST_007914,24.01,59.64,1195.57,42,35.63,5,0.01,25.0,0.99,1,2.483965,20.046445,1.483965,1
CUST_003244,28.54,26.0,407.89,3,-2.54,36,0.97,27.45,0.92,0,0.911002,15.688077,-0.088998,0
CUST_005687,43.32,18.67,257.38,35,-24.65,4,0.37,33.48,1.08,1,0.430979,13.785753,-0.569021,1
CUST_000531,20.36,22.13,474.13,7,1.76,235,0.99,20.81,1.11,0,1.086935,21.424763,0.086444,0
CUST_009379,22.89,7.9,100.0,39,-14.99,199,0.18,21.6,0.86,1,0.345129,12.658228,-0.654871,1
CUST_005809,37.1,12.52,146.31,32,-24.59,9,0.02,30.2,0.84,2,0.337466,11.686102,-0.662803,1
CUST_006755,18.47,46.42,901.83,39,27.94,148,0.0,19.98,1.0,0,2.513265,19.427617,1.512723,1
CUST_003598,30.6,31.11,693.14,9,0.51,12,0.99,28.14,1.06,1,1.016667,22.280296,0.016667,0
CUST_005030,28.66,9.83,106.76,36,-18.82,156,0.11,24.76,0.86,3,0.342987,10.860631,-0.656664,1
CUST_003618,17.66,16.42,334.3,9,-1.25,86,0.99,19.18,1.0,0,0.929785,20.359318,-0.070781,0
CUST_001724,18.8,21.21,338.45,10,2.42,55,0.76,19.41,1.07,0,1.128191,15.957096,0.128723,0
CUST_004398,24.76,31.03,746.14,5,6.27,108,0.64,25.9,1.17,0,1.253231,24.045762,0.253231,0
CUST_002252,34.64,39.22,661.84,10,4.59,90,0.95,32.09,1.02,0,1.132217,16.875064,0.132506,0
CUST_007100,19.96,7.79,100.0,19,-12.17,10,0.0,17.38,0.98,1,0.390281,12.83697,-0.609719,1
CUST_003429,29.0,22.89,510.7,7,-6.12,39,0.91,31.68,0.81,0,0.78931,22.311053,-0.211034,0
CUST_000928,27.25,29.79,564.63,9,2.54,147,0.71,25.23,1.03,0,1.093211,18.953676,0.093211,0
CUST_000739,26.41,26.17,536.39,7,-0.24,214,0.99,25.79,1.08,0,0.990913,20.49637,-0.009087,0
CUST_004058,34.18,33.37,833.63,5,-0.81,151,0.67,34.8,0.88,0,0.976302,24.98142,-0.023698,0
CUST_000597,21.39,24.25,414.61,9,2.86,218,0.84,19.85,1.07,0,1.133707,17.09732,0.133707,0
CUST_004841,19.4,24.53,372.97,8,5.13,16,0.89,17.97,1.15,1,1.264433,15.204647,0.264433,0
CUST_000058,25.93,23.4,554.71,6,-2.53,25,0.98,26.93,0.89,0,0.90243,23.705556,-0.09757,0
CUST_004550,21.2,18.92,323.85,9,-2.28,24,0.86,23.19,0.81,0,0.892453,17.116808,-0.107547,0
CUST_004319,27.91,23.87,436.67,7,-4.04,68,0.98,28.11,0.9,0,0.855249,18.293674,-0.144751,0
CUST_000054,22.68,21.78,337.89,5,-0.9,40,0.91,22.79,0.92,0,0.960317,15.513774,-0.039683,0
CUST_003589,25.13,20.89,382.07,10,-4.24,17,0.58,25.2,0.92,0,0.831277,18.289612,-0.168723,0
CUST_009287,27.4,13.11,219.33,25,-14.29,6,0.03,22.2,1.2,1,0.478467,16.729977,-0.521533,1
CUST_005690,25.34,68.74,1308.27,28,43.4,199,0.12,27.76,1.09,1,2.712707,19.03215,1.712707,1
CUST_008566,38.79,12.91,225.69,39,-25.88,9,0.24,31.89,0.83,1,0.332818,17.481797,-0.667182,1
CUST_008078,15.93,42.19,830.96,25,26.26,11,0.07,19.01,1.06,1,2.648462,19.695662,1.648462,1
CUST_005858,21.8,44.02,756.1,35,22.22,195,0.61,23.88,0.81,1,2.019266,17.176284,1.019266,1
CUST_006821,19.8,7.19,100.0,34,-12.61,1,0.18,16.05,0.91,0,0.363131,13.908206,-0.636869,1
CUST_007460,20.0,43.82,953.81,21,23.82,1,0.37,20.12,0.88,3,2.191,21.766545,1.191,1
CUST_009900,29.4,12.97,158.9,40,-16.43,4,0.09,26.77,1.1,1,0.441156,12.251349,-0.558844,1
CUST_006553,27.32,54.89,989.57,21,27.57,7,0.21,30.09,0.8,1,2.009151,18.028238,1.009151,1
CUST_006947,24.0,47.6,1135.0,20,23.6,230,0.0,22.97,0.83,2,1.983333,23.844538,0.983333,1
CUST_001374,33.6,32.28,667.17,3,-1.32,40,0.96,34.94,1.09,0,0.960714,20.668216,-0.039286,0
CUST_009705,23.55,10.64,184.79,41,-12.91,6,0.16,18.12,1.13,1,0.451805,17.367481,-0.548195,1
CUST_003951,33.83,30.49,750.74,9,-3.34,222,0.68,30.98,0.96,0,0.901271,24.622499,-0.098729,0
CUST_005560,27.51,72.05,1472.45,35,44.53,231,0.14,32.66,1.05,1,2.619048,20.436502,1.618684,1
CUST_003182,20.21,15.4,355.63,7,-4.81,212,0.49,22.44,0.85,1,0.761999,23.092857,-0.238001,0
CUST_002703,27.88,21.91,440.19,7,-5.97,162,0.88,29.74,0.91,0,0.785868,20.090826,-0.214132,0
CUST_006396,26.59,65.19,1035.38,42,38.6,184,0.26,29.38,0.98,1,2.451674,15.882497,1.451674,1
CUST_002088,20.71,19.26,443.63,10,-1.45,179,0.87,19.22,0.99,0,0.929986,23.033749,-0.070014,0
CUST_003346,34.34,34.86,552.45,3,0.51,112,0.78,32.91,0.91,0,1.015143,15.847676,0.014851,0
CUST_005195,21.06,42.34,628.88,32,21.28,198,0.17,22.79,0.8,0,2.010446,14.853094,1.010446,1
CUST_007372,29.77,65.03,1386.72,35,35.26,3,0.2,31.69,0.87,0,2.184414,21.324312,1.184414,1
CUST_006093,30.22,74.41,1421.35,26,44.19,8,0.03,32.19,0.98,1,2.462277,19.101599,1.462277,1
CUST_004321,16.25,19.57,332.86,7,3.32,139,0.93,16.11,1.18,0,1.204308,17.008687,0.204308,0
CUST_003887,31.2,29.58,584.05,9,-1.63,67,0.77,34.47,0.87,0,0.948077,19.74476,-0.052244,0
CUST_009156,20.71,50.41,796.53,31,29.7,193,0.21,22.82,0.97,1,2.43409,15.801032,1.43409,1
CUST_000051,25.82,23.2,380.53,9,-2.62,158,0.78,26.66,0.97,0,0.898528,16.402155,-0.101472,0
CUST_008451,23.34,63.79,1089.9,36,40.45,10,0.23,23.59,1.09,1,2.733076,17.08575,1.733076,1
CUST_002457,18.07,15.3,320.6,8,-2.77,193,0.99,19.47,0.81,0,0.846707,20.954248,-0.153293,0
CUST_007514,19.06,53.27,1057.83,36,34.21,5,0.22,21.43,1.12,1,2.794858,19.857894,1.794858,1
CUST_004583,32.76,27.2,469.65,10,-5.56,202,0.96,31.94,0.91,0,0.830281,17.266544,-0.169719,0
CUST_008746,25.99,9.04,121.43,42,-16.95,149,0.34,24.36,0.87,1,0.347826,13.432522,-0.652174,1
CUST_008416,20.73,36.36,766.7,17,15.63,4,0.32,20.46,0.89,3,1.75398,21.086359,0.75398,1
CUST_009035,33.48,27.58,516.45,40,-5.9,1,0.44,34.59,0.83,1,0.823775,18.725526,-0.176225,1
CUST_004324,35.78,33.75,739.91,3,-2.03,27,0.81,34.67,0.84,0,0.943264,21.923259,-0.056736,0
CUST_001804,29.01,32.18,604.68,2,3.18,36,0.94,28.05,0.97,0,1.109273,18.790553,0.109617,0
CUST_001481,22.38,23.72,507.83,10,1.34,121,0.88,23.8,0.99,0,1.059875,21.409359,0.059875,0
CUST_005183,16.41,41.58,626.15,22,25.16,199,0.03,17.69,1.01,2,2.533821,15.058923,1.533211,1
CUST_009737,22.65,10.26,142.69,40,-12.38,1,0.03,18.43,1.13,2,0.45298,13.907407,-0.546578,1
CUST_006703,30.29,80.01,1432.85,21,49.72,179,0.36,31.06,1.06,1,2.641466,17.908386,1.641466,1
CUST_004219,21.58,23.14,463.37,4,1.57,140,0.81,19.83,1.09,0,1.072289,20.024633,0.072753,0
CUST_008350,25.62,73.95,1052.84,32,48.33,177,0.1,28.55,1.15,1,2.886417,14.237187,1.886417,1
CUST_008759,25.11,45.42,1038.33,40,20.32,11,0.2,25.34,0.85,1,1.808841,22.860634,0.809239,1
CUST_003940,16.19,15.87,355.16,6,-0.33,150,0.78,15.36,0.89,0,0.980235,22.379332,-0.020383,0
CUST_006478,25.8,76.46,1672.87,28,50.66,149,0.22,26.74,1.19,0,2.963566,21.879022,1.963566,1
CUST_008667,26.63,27.53,498.03,27,0.9,175,0.25,29.4,1.1,1,1.033796,18.090447,0.033796,1
CUST_006867,27.64,55.88,954.33,21,28.25,210,0.47,29.26,0.81,2,2.021708,17.078203,1.022069,1
CUST_008713,18.04,6.68,107.47,26,-11.35,10,0.43,17.87,0.93,1,0.370288,16.088323,-0.629157,1
CUST_003387,21.83,25.28,444.43,8,3.45,237,1.0,23.23,1.02,0,1.158039,17.580301,0.158039,0
CUST_008309,42.09,15.13,240.58,15,-26.95,11,0.06,32.44,0.9,0,0.359468,15.900859,-0.640295,1
CUST_007551,18.95,18.04,336.82,25,-0.9,8,0.15,19.5,1.05,2,0.951979,18.670732,-0.047493,1
CUST_006570,18.45,14.55,250.24,34,-3.9,10,0.01,19.44,0.82,0,0.788618,17.198625,-0.211382,1
CUST_005408,29.99,10.65,163.25,33,-19.34,157,0.16,27.72,0.89,2,0.355118,15.328638,-0.644882,1
CUST_006685,32.58,13.01,137.96,24,-19.58,8,0.26,32.3,1.0,2,0.399325,10.604151,-0.600982,1
CUST_000963,20.2,18.36,416.42,6,-1.83,27,0.97,19.0,1.02,0,0.908911,22.680828,-0.090594,0
CUST_000794,37.2,34.17,795.96,7,-3.02,149,0.78,34.91,0.84,0,0.918548,23.294118,-0.081183,0
CUST_007955,19.14,17.15,387.12,57,-1.99,4,0.27,20.58,0.94,2,0.896029,22.572595,-0.103971,1
CUST_006319,31.88,34.91,733.56,41,3.03,8,0.02,32.45,1.03,1,1.095044,21.01289,0.095044,1
CUST_001259,21.63,21.3,417.36,7,-0.34,114,0.74,20.49,0.97,0,0.984743,19.594366,-0.015719,0
CUST_000941,20.16,17.73,426.15,5,-2.43,39,0.94,18.4,0.95,0,0.879464,24.035533,-0.120536,0
CUST_001197,23.95,21.25,396.93,10,-2.69,64,0.9,22.23,0.89,1,0.887265,18.679059,-0.112317,0
CUST_003843,23.39,24.86,620.84,7,1.47,41,0.74,22.29,1.04,0,1.062847,24.973451,0.062847,0
CUST_004054,28.42,31.44,627.54,11,3.02,53,0.8,31.42,1.1,0,1.106263,19.959924,0.106263,0
CUST_000738,16.46,12.55,240.7,8,-3.92,195,0.97,17.57,0.81,0,0.762454,19.179283,-0.238153,0
CUST_000764,30.02,29.87,644.34,8,-0.15,176,0.86,31.15,0.88,0,0.995003,21.571476,-0.004997,0
CUST_001415,34.76,31.09,714.27,7,-3.67,161,0.94,33.75,0.83,0,0.894419,22.974268,-0.105581,0
CUST_004492,23.26,21.22,521.42,7,-2.04,100,0.73,25.55,0.93,1,0.912296,24.572102,-0.087704,0
CUST_001672,22.24,27.22,517.04,4,4.98,12,0.67,20.5,1.17,0,1.223921,18.994857,0.223921,0
CUST_006182,34.63,52.07,963.16,17,17.44,219,0.23,34.13,0.92,1,1.50361,18.497407,0.50361,1
CUST_007841,28.92,12.14,176.35,31,-16.78,180,0.14,26.36,1.05,0,0.419779,14.526359,-0.580221,1
CUST_009852,15.78,13.96,321.68,50,-1.81,3,0.06,16.05,0.83,3,0.884664,23.04298,-0.114702,1
CUST_000154,32.62,36.05,701.29,4,3.43,172,0.98,34.16,1.01,0,1.10515,19.453259,0.10515,0
CUST_007892,30.7,20.64,405.99,18,-10.06,164,0.13,28.19,0.97,2,0.672313,19.670058,-0.327687,1
CUST_002114,31.19,34.64,526.98,6,3.45,32,0.62,33.1,0.99,0,1.110612,15.213048,0.110612,0
CUST_001191,15.45,16.3,364.67,9,0.86,29,0.87,16.08,1.01,0,1.055016,22.372393,0.055663,0
CUST_009445,31.89,28.37,546.71,39,-3.52,5,0.42,29.26,0.82,0,0.889621,19.270708,-0.110379,1
CUST_009700,30.18,49.0,893.7,35,18.83,226,0.08,32.17,1.19,1,1.623592,18.238776,0.623923,1
CUST_004299,30.89,32.63,557.25,4,1.74,55,0.93,32.73,0.98,0,1.056329,17.077842,0.056329,0
CUST_004413,23.33,24.71,427.71,2,1.38,29,0.99,25.69,1.11,0,1.059151,17.309187,0.059151,0
CUST_002646,17.24,14.23,244.73,10,-3.01,48,0.87,16.67,0.81,0,0.825406,17.198173,-0.174594,0
CUST_000401,18.17,20.48,334.02,9,2.31,93,0.71,19.21,1.0,0,1.127133,16.30957,0.127133,0
CUST_008530,21.32,24.25,417.59,45,2.93,9,0.3,20.62,1.16,0,1.13743,17.220206,0.13743,1
CUST_006827,35.81,16.56,236.49,26,-19.24,5,0.12,29.93,1.16,2,0.462441,14.280797,-0.53728,1
CUST_001550,27.85,23.67,540.49,2,-4.18,95,0.87,29.48,1.0,0,0.84991,22.83439,-0.15009,0
CUST_008030,29.94,14.16,149.35,20,-15.78,210,0.26,23.98,1.18,2,0.472946,10.547316,-0.527054,1
CUST_003651,32.57,30.48,646.71,7,-2.08,151,0.91,33.37,0.98,0,0.935831,21.21752,-0.063862,0
CUST_007462,26.56,46.82,949.36,29,20.26,164,0.09,25.55,0.92,0,1.762801,20.276805,0.762801,1
CUST_004515,23.09,26.31,522.26,7,3.22,206,0.69,21.98,1.07,0,1.139454,19.850247,0.139454,0
CUST_003398,31.01,26.01,642.15,12,-5.0,50,0.93,33.37,0.85,0,0.838762,24.688581,-0.161238,0
CUST_002481,18.68,18.72,384.57,5,0.04,202,0.88,19.18,0.88,0,1.002141,20.543269,0.002141,0
CUST_007317,19.28,54.87,813.87,20,35.59,126,0.53,21.88,1.14,0,2.845954,14.832695,1.845954,1
CUST_009493,19.06,21.64,512.83,34,2.59,233,0.1,19.02,1.15,3,1.135362,23.698244,0.135887,1
CUST_007037,27.86,65.34,947.82,29,37.48,6,0.43,33.59,0.94,2,2.345298,14.505969,1.345298,1
CUST_005304,26.08,8.61,121.45,21,-17.47,4,0.11,22.65,0.83,3,0.330138,14.105691,-0.669862,1
CUST_003058,20.96,18.44,423.34,11,-2.52,165,0.83,23.07,0.91,0,0.879771,22.957701,-0.120229,0
CUST_001210,18.08,17.21,338.31,5,-0.87,138,0.79,17.18,1.04,1,0.951881,19.657757,-0.048119,0
CUST_002114,31.19,34.64,526.98,6,3.45,32,0.62,33.1,0.99,0,1.110612,15.213048,0.110612,0
CUST_008115,25.57,60.25,1146.11,18,34.67,230,0.12,28.25,0.94,3,2.356277,19.022573,1.355886,1
CUST_009717,22.44,7.78,100.0,18,-14.66,131,0.24,22.17,0.87,0,0.346702,12.85347,-0.653298,1
CUST_002941,22.47,27.45,595.13,4,4.98,67,0.82,21.24,1.14,0,1.221629,21.68051,0.221629,0
CUST_002158,17.41,20.74,315.9,8,3.33,94,0.9,15.96,1.19,0,1.191269,15.231437,0.191269,0
CUST_009230,24.53,71.55,1604.27,19,47.02,2,0.08,26.84,1.17,1,2.916837,22.421663,1.916837,1
CUST_004823,28.92,27.13,588.47,8,-1.8,63,0.97,29.83,1.08,0,0.938105,21.690748,-0.062241,0
CUST_001396,22.7,24.97,381.8,8,2.27,194,0.98,20.98,1.07,0,1.1,15.290348,0.1,0
CUST_003877,24.39,25.97,642.15,5,1.58,49,0.92,26.54,1.07,0,1.064781,24.726608,0.064781,0
CUST_004853,25.78,21.37,533.84,7,-4.42,152,0.99,25.92,0.87,0,0.828937,24.980814,-0.171451,0
CUST_009456,43.73,19.18,250.32,25,-24.54,174,0.02,34.46,1.1,1,0.438601,13.051095,-0.561171,1
CUST_003599,20.06,19.93,409.77,5,-0.13,117,0.89,18.84,1.16,0,0.993519,20.560462,-0.006481,0
CUST_000749,20.61,18.52,313.39,9,-2.09,159,0.93,20.84,1.04,0,0.898593,16.921706,-0.101407,0
CUST_004361,32.68,33.22,568.24,4,0.55,83,0.98,33.07,1.0,0,1.016524,17.105358,0.01683,0
CUST_003915,16.31,17.01,258.22,3,0.7,160,0.83,16.45,0.97,0,1.042918,15.180482,0.042918,0
CUST_000190,20.77,17.13,321.95,7,-3.63,235,0.89,21.18,0.85,0,0.824747,18.794513,-0.174771,0
CUST_002726,31.94,37.38,761.9,9,5.44,115,0.88,34.75,1.1,0,1.170319,20.382558,0.170319,0
CUST_003202,33.71,34.82,545.84,6,1.11,176,0.53,32.29,0.93,0,1.032928,15.676048,0.032928,0
CUST_009992,19.74,22.24,440.16,25,2.51,8,0.03,19.11,0.87,1,1.126646,19.791367,0.127153,1
CUST_005141,29.03,9.97,172.79,41,-19.07,236,0.14,26.12,0.86,0,0.343438,17.330993,-0.656907,1
CUST_004636,33.57,43.06,730.89,5,9.49,75,0.84,31.16,1.12,0,1.282693,16.973758,0.282693,0
CUST_008399,15.26,35.36,569.1,43,20.1,180,0.09,18.39,0.93,0,2.317169,16.094457,1.317169,1
CUST_001442,22.85,23.03,435.68,3,0.18,161,0.42,21.18,1.11,0,1.007877,18.917933,0.007877,0
CUST_002929,16.01,18.2,366.68,12,2.18,53,0.91,16.79,1.0,0,1.13679,20.147253,0.136165,0
CUST_008924,29.64,13.16,169.8,34,-16.48,192,0.27,24.52,1.11,0,0.443995,12.902736,-0.556005,1
CUST_005241,20.83,9.05,141.36,22,-11.77,134,0.68,20.62,1.09,1,0.43447,15.61989,-0.56505,1
CUST_004013,16.51,17.54,358.01,9,1.03,168,0.95,15.7,1.07,0,1.062386,20.41106,0.062386,0
CUST_000025,26.18,26.13,569.87,9,-0.05,228,0.89,26.84,0.94,0,0.99809,21.809032,-0.00191,0
CUST_006005,32.2,12.16,183.77,31,-20.04,4,0.12,30.99,0.94,0,0.37764,15.112664,-0.62236,1
CUST_008520,33.02,33.32,793.88,43,0.29,5,0.06,31.5,1.09,0,1.009085,23.82593,0.008783,1
CUST_008867,19.42,39.69,653.74,23,20.27,9,0.2,23.69,0.82,0,2.043769,16.471151,1.043769,1
CUST_004501,20.13,16.91,402.13,3,-3.22,153,0.93,19.73,0.96,0,0.84004,23.780603,-0.15996,0
CUST_005221,31.23,34.76,694.21,37,3.53,11,0.06,32.98,1.11,1,1.113032,19.971519,0.113032,1
CUST_009803,27.9,79.67,1596.41,21,51.77,3,0.02,29.7,1.14,1,2.855556,20.037781,1.855556,1
CUST_000877,21.6,23.44,410.8,6,1.83,139,0.94,20.01,0.95,0,1.085185,17.525597,0.084722,0
CUST_007659,23.56,42.45,657.36,39,18.89,11,0.38,25.5,1.08,1,1.801783,15.485512,0.801783,1
CUST_004505,21.09,22.9,356.78,6,1.81,36,0.97,20.82,1.0,0,1.085823,15.579913,0.085823,0
CUST_006603,21.28,8.51,116.02,44,-12.77,8,0.05,18.42,1.0,1,0.399906,13.633373,-0.600094,1
CUST_008121,16.05,6.44,104.19,23,-9.6,142,0.05,16.95,1.13,1,0.401246,16.178571,-0.598131,1
CUST_004301,25.42,26.58,445.95,9,1.16,140,0.89,26.61,0.98,0,1.045633,16.777652,0.045633,0
CUST_008795,20.78,50.25,952.06,26,29.46,120,0.05,24.91,0.97,1,2.418191,18.946468,1.417709,1
CUST_006162,24.44,71.43,1444.27,36,46.99,164,0.14,26.26,1.17,1,2.922668,20.219376,1.922668,1
CUST_008818,29.38,80.94,1296.29,30,51.56,224,0.31,34.28,1.1,0,2.754935,16.015444,1.754935,1
CUST_002159,16.17,16.16,252.32,8,-0.01,226,0.77,15.41,1.1,0,0.999382,15.613861,-0.000618,0
CUST_005787,21.03,9.8,108.66,22,-11.23,11,0.06,17.7,1.17,0,0.466001,11.087755,-0.533999,1
CUST_004733,25.97,19.6,375.21,13,-6.37,192,0.91,25.3,0.87,0,0.754717,19.143367,-0.245283,0
CUST_002140,33.76,37.65,619.1,5,3.9,62,0.89,34.18,1.08,0,1.115225,16.443559,0.115521,0
CUST_001038,17.85,21.85,411.59,4,4.0,154,0.9,17.01,1.14,0,1.22409,18.837071,0.22409,0
CUST_003366,24.15,32.1,649.21,6,7.95,118,0.55,25.48,1.16,0,1.329193,20.224611,0.329193,0
CUST_007370,40.36,13.24,227.83,21,-27.12,4,0.06,34.63,0.82,3,0.328048,17.207704,-0.671952,1
CUST_000824,22.73,21.73,536.91,6,-1.0,32,0.79,20.8,0.87,0,0.956005,24.708237,-0.043995,0
CUST_000426,32.31,34.66,633.04,9,2.35,24,0.78,32.22,1.03,0,1.072733,18.264282,0.072733,0
CUST_005519,25.31,12.99,267.46,27,-12.33,227,0.45,25.81,0.94,1,0.513236,20.589684,-0.487159,1
CUST_005837,16.23,34.34,569.94,18,18.12,9,0.22,17.86,0.85,2,2.115835,16.596971,1.116451,1
CUST_008168,21.23,59.88,923.78,15,38.65,5,0.11,25.98,1.13,0,2.820537,15.427188,1.820537,1
CUST_001740,15.49,14.26,339.91,4,-1.23,226,0.88,17.14,1.06,0,0.920594,23.836606,-0.079406,0
CUST_001305,28.51,35.33,720.74,4,6.81,218,1.0,31.54,1.2,0,1.239214,20.400226,0.238864,0
CUST_003452,15.01,11.92,238.64,12,-3.09,148,0.96,16.5,0.86,0,0.794137,20.020134,-0.205863,0
CUST_007491,19.05,43.67,893.56,38,24.63,7,0.21,19.75,0.92,1,2.292388,20.461644,1.292913,1
CUST_007643,15.41,37.66,522.86,24,22.25,6,0.22,17.17,0.98,1,2.443868,13.883696,1.443868,1
CUST_007092,32.01,13.43,186.65,42,-18.58,10,0.12,31.7,1.05,1,0.419556,13.89799,-0.580444,1
CUST_007672,19.02,43.39,588.91,25,24.37,7,0.01,19.46,0.91,1,2.281283,13.572482,1.281283,1
CUST_006175,25.8,54.69,1008.04,42,28.89,6,0.43,32.21,0.85,1,2.119767,18.431889,1.119767,1
CUST_000343,32.8,34.22,674.6,8,1.42,202,0.91,31.74,1.15,1,1.043293,19.713618,0.043293,0
CUST_009854,18.27,21.98,522.74,29,3.72,7,0.1,19.19,1.18,0,1.203065,23.78253,0.203612,1
CUST_004646,20.81,25.66,451.26,6,4.85,141,0.91,21.69,1.09,0,1.233061,17.586126,0.233061,0
CUST_007413,17.63,33.07,548.25,15,15.44,11,0.39,18.07,1.13,0,1.87578,16.57847,0.87578,1
CUST_004464,20.32,18.74,348.24,2,-1.57,232,0.82,20.87,0.97,0,0.922244,18.582711,-0.077264,0
CUST_006537,17.32,49.59,688.52,43,32.27,149,0.24,18.94,1.15,0,2.863164,13.884251,1.863164,1
CUST_004601,22.64,23.39,404.54,6,0.75,50,0.83,21.34,1.19,0,1.033127,17.295425,0.033127,0
CUST_008347,22.55,17.95,322.47,53,-4.61,3,0.04,23.19,0.8,0,0.796009,17.964903,-0.204435,1
CUST_004728,27.36,30.9,752.11,7,3.54,195,0.49,28.14,1.13,0,1.129386,24.340129,0.129386,0
CUST_003260,25.15,23.71,404.06,8,-1.44,171,0.98,24.27,1.06,0,0.942744,17.041755,-0.057256,0
CUST_006324,34.69,12.03,168.37,21,-22.66,2,0.34,28.83,0.87,1,0.346786,13.995844,-0.653214,1
CUST_004566,31.56,29.48,577.13,12,-2.08,211,0.76,34.12,0.86,0,0.934094,19.577001,-0.065906,0
CUST_003507,33.9,30.46,697.15,3,-3.43,64,0.84,31.08,1.02,0,0.898525,22.887393,-0.10118,0
CUST_000169,29.86,27.68,683.8,6,-2.18,95,0.92,28.43,1.05,0,0.926993,24.703757,-0.073007,0
CUST_007428,15.12,6.95,127.65,41,-8.17,189,0.32,15.09,1.0,0,0.459656,18.366906,-0.540344,1
CUST_003252,14.13,15.5,238.99,5,1.37,155,0.96,15.32,1.05,0,1.096957,15.41871,0.096957,0
CUST_005549,32.33,30.99,734.24,34,-1.34,6,0.3,30.74,1.04,2,0.958552,23.692804,-0.041448,1
CUST_001295,16.0,14.43,321.82,8,-1.57,206,0.93,16.32,0.98,0,0.901875,22.302148,-0.098125,0
CUST_002344,27.81,36.58,641.57,11,8.77,157,0.99,28.05,1.19,0,1.315354,17.538819,0.315354,0
CUST_005945,29.75,27.34,639.7,24,-2.41,4,0.0,27.78,0.82,1,0.918992,23.397952,-0.081008,1
CUST_000077,30.93,24.58,611.23,11,-6.35,21,0.67,28.39,0.86,0,0.794698,24.866965,-0.205302,0
CUST_007632,34.0,64.7,1480.47,38,30.7,134,0.18,32.33,1.14,1,1.902941,22.882071,0.902941,1
CUST_007631,18.4,46.0,846.06,31,27.6,9,0.01,21.56,1.0,1,2.5,18.392609,1.5,1
CUST_004212,16.16,20.02,429.87,8,3.86,234,0.92,16.79,1.1,0,1.238861,21.472028,0.238861,0
CUST_000980,19.46,24.36,605.68,8,4.9,24,1.0,20.01,1.14,0,1.251799,24.863711,0.251799,0
CUST_008967,25.26,10.72,128.19,34,-14.53,158,0.03,21.31,1.06,3,0.424386,11.958022,-0.575218,1
CUST_008883,38.46,16.72,257.99,44,-21.74,142,0.39,29.8,1.09,0,0.434737,15.430024,-0.565263,1
CUST_007857,22.63,20.33,364.21,36,-2.3,3,0.33,20.67,0.88,0,0.898365,17.914904,-0.101635,1
CUST_008428,24.41,55.25,1148.73,27,30.84,144,0.31,25.78,0.91,0,2.263417,20.791493,1.263417,1
CUST_002724,26.47,26.54,643.85,5,0.07,111,0.55,26.87,1.0,0,1.002645,24.259608,0.002645,0
CUST_007802,17.13,25.32,616.08,22,8.2,147,0.04,15.94,0.96,1,1.478109,24.331754,0.478692,1
CUST_005696,34.96,12.63,151.25,15,-22.32,6,0.17,30.88,0.9,0,0.36127,11.975455,-0.638444,1
CUST_004087,35.08,31.18,757.8,10,-3.9,78,0.92,34.8,0.91,0,0.888826,24.304041,-0.111174,0
CUST_002822,17.35,16.62,399.43,5,-0.73,210,0.99,18.79,0.85,0,0.957925,24.033093,-0.042075,0
CUST_002294,19.5,20.96,411.25,8,1.46,56,0.97,19.55,1.19,1,1.074872,19.620706,0.074872,0
CUST_002952,33.01,31.38,761.61,11,-1.63,150,0.9,34.06,0.92,0,0.950621,24.270554,-0.049379,0
CUST_004698,31.9,25.38,575.6,6,-6.52,89,0.85,31.55,0.88,0,0.795611,22.679275,-0.204389,0
CUST_003890,32.19,36.74,566.37,7,4.55,131,0.57,33.65,1.03,0,1.141348,15.415623,0.141348,0
CUST_000250,23.41,27.86,419.77,7,4.46,190,0.7,22.1,1.11,0,1.19009,15.067121,0.190517,0
CUST_004678,23.63,21.46,435.48,6,-2.16,229,1.0,25.41,0.86,0,0.908168,20.292637,-0.091409,0
CUST_007013,31.16,14.45,191.55,24,-16.71,5,0.03,29.81,1.16,0,0.463736,13.256055,-0.536264,1
CUST_009226,28.31,10.29,117.11,17,-18.02,6,0.24,22.95,0.91,0,0.363476,11.380952,-0.636524,1
CUST_002905,21.2,16.76,314.99,4,-4.44,57,0.94,20.87,0.85,0,0.790566,18.794153,-0.209434,0
CUST_009419,29.77,60.34,1266.07,21,30.57,236,0.21,32.44,0.81,1,2.026873,20.982267,1.026873,1
CUST_002604,24.72,20.96,492.59,7,-3.76,218,0.75,25.9,0.96,0,0.847896,23.501431,-0.152104,0
CUST_007016,33.63,98.44,1697.76,19,64.81,9,0.03,34.7,1.17,1,2.927148,17.246648,1.927148,1
CUST_006883,33.37,31.71,711.94,36,-1.65,144,0.08,34.94,0.97,1,0.950255,22.451593,-0.049446,1
CUST_008258,23.03,50.81,886.27,23,27.78,7,0.6,25.07,0.88,3,2.206253,17.442826,1.206253,1
CUST_002985,32.69,34.81,836.18,2,2.12,83,0.94,33.12,1.01,0,1.064852,24.021258,0.064852,0
CUST_000737,31.43,28.8,459.34,6,-2.63,45,0.95,33.65,0.89,0,0.916322,15.949306,-0.083678,0
CUST_002926,23.27,23.95,495.82,2,0.68,55,0.87,24.21,0.97,0,1.029222,20.702296,0.029222,0
CUST_004941,24.99,21.4,395.12,8,-3.58,33,0.99,26.88,0.89,0,0.856343,18.463551,-0.143257,0
CUST_007478,17.62,7.75,135.37,29,-9.87,226,0.04,16.94,1.1,2,0.439841,17.467097,-0.560159,1
CUST_003137,27.23,24.6,458.85,8,-2.63,225,1.0,28.98,1.01,0,0.903415,18.652439,-0.096585,0
CUST_009461,28.49,84.68,1685.17,43,56.19,6,0.01,29.81,1.19,0,2.972271,19.900449,1.972271,1
CUST_004961,26.49,26.72,433.86,9,0.23,48,0.72,26.52,0.99,0,1.008683,16.237275,0.008683,0
CUST_003741,26.03,28.98,436.63,6,2.95,12,0.97,25.86,1.15,0,1.113331,15.066598,0.113331,0
CUST_007005,17.8,46.63,715.37,30,28.84,176,0.25,21.03,1.05,2,2.619663,15.341411,1.620225,1
CUST_002539,28.92,26.4,546.94,3,-2.52,76,0.62,27.99,0.97,0,0.912863,20.717424,-0.087137,0
CUST_005889,19.97,9.14,136.96,27,-10.83,187,0.42,18.86,1.14,0,0.457687,14.984683,-0.542313,1
CUST_008516,31.16,38.58,589.93,28,7.42,5,0.02,29.28,1.19,1,1.238126,15.291083,0.238126,1
CUST_002409,34.58,36.08,734.74,7,1.49,64,0.92,33.45,0.91,0,1.043378,20.364191,0.043088,0
CUST_002457,18.07,15.3,320.6,8,-2.77,193,0.99,19.47,0.81,0,0.846707,20.954248,-0.153293,0
CUST_004283,23.35,25.91,442.37,8,2.56,217,0.96,22.72,1.12,0,1.109636,17.073331,0.109636,0
CUST_001287,32.01,34.16,813.34,3,2.15,227,0.83,33.11,1.03,0,1.067167,23.809719,0.067167,0
CUST_005121,20.53,7.94,100.0,17,-12.59,121,0.09,15.8,0.97,2,0.386751,12.594458,-0.613249,1
CUST_002201,31.82,30.98,725.63,9,-0.84,171,0.9,32.25,1.01,0,0.973602,23.422531,-0.026398,0
CUST_009645,13.71,32.41,560.52,28,18.7,129,0.3,17.06,0.95,3,2.363968,17.294662,1.363968,1
CUST_005855,28.87,9.96,173.5,34,-18.91,1,0.47,28.3,0.86,1,0.344995,17.419679,-0.655005,1
CUST_003897,30.08,30.39,675.42,14,0.31,25,0.89,28.97,0.97,0,1.010306,22.225074,0.010306,0
CUST_005333,18.72,53.21,1143.12,15,34.49,8,0.23,21.15,1.14,1,2.842415,21.48318,1.842415,1
CUST_004910,24.98,17.56,316.62,10,-7.43,137,0.92,23.92,0.83,0,0.702962,18.030752,-0.297438,0
CUST_007800,23.51,9.63,127.85,27,-13.88,5,0.08,22.53,1.02,0,0.409613,13.27622,-0.590387,1
CUST_002191,27.78,31.71,741.28,1,3.93,82,0.97,29.39,1.0,0,1.141469,23.376853,0.141469,0
CUST_006449,19.78,44.39,706.21,35,24.61,201,0.0,20.84,0.9,1,2.244186,15.909214,1.244186,1
CUST_004275,24.5,21.82,529.03,6,-2.69,16,0.95,24.08,0.94,0,0.890612,24.245188,-0.109796,0
CUST_003978,16.82,14.53,226.61,10,-2.28,215,0.91,17.1,0.92,0,0.863853,15.596008,-0.135553,0
CUST_005245,35.32,14.16,243.02,42,-21.17,5,0.14,28.0,1.0,0,0.400906,17.162429,-0.599377,1
CUST_007708,21.71,7.28,100.0,21,-14.43,210,0.16,19.87,0.84,1,0.335329,13.736264,-0.664671,1
CUST_007894,31.54,67.79,1091.33,21,36.25,9,0.01,31.3,0.84,2,2.149334,16.098687,1.149334,1
CUST_007196,15.85,7.32,115.7,32,-8.52,3,0.09,15.07,1.16,3,0.46183,15.806011,-0.537539,1
CUST_007219,28.01,25.22,569.48,25,-2.79,2,0.1,29.3,0.84,3,0.900393,22.580492,-0.099607,1
CUST_008077,32.62,66.2,1110.57,23,33.58,8,0.1,33.07,1.05,0,2.02943,16.775982,1.02943,1
CUST_009795,18.36,6.84,100.0,28,-11.52,190,0.03,17.49,0.93,0,0.372549,14.619883,-0.627451,1
CUST_003044,15.27,14.9,283.8,6,-0.36,95,0.91,15.55,0.98,0,0.975769,19.04698,-0.023576,0
CUST_007793,16.14,33.87,583.7,41,17.73,10,0.09,16.54,0.84,1,2.098513,17.23354,1.098513,1
CUST_002213,22.03,27.42,462.07,5,5.39,194,0.71,20.66,1.17,0,1.244666,16.851568,0.244666,0
CUST_001951,29.52,29.44,541.72,1,-0.08,230,0.91,27.47,0.96,0,0.99729,18.400815,-0.00271,0
CUST_006221,29.1,10.06,125.58,33,-19.04,2,0.12,22.43,0.86,2,0.345704,12.483101,-0.654296,1
CUST_009884,40.12,17.59,266.87,35,-22.53,3,0.1,33.23,1.1,2,0.438435,15.171688,-0.561565,1
CUST_008150,17.11,6.31,100.0,20,-10.81,148,0.07,16.69,0.92,1,0.36879,15.847861,-0.631794,1
CUST_000669,28.43,23.99,497.78,7,-4.44,107,0.96,30.85,0.81,0,0.843827,20.749479,-0.156173,0
CUST_004939,28.66,20.01,471.77,4,-8.65,79,0.8,26.84,0.81,0,0.698186,23.576712,-0.301814,0
CUST_000672,19.42,22.63,446.54,6,3.21,29,0.71,20.24,1.19,0,1.165294,19.732214,0.165294,0
CUST_005708,29.07,14.59,250.73,18,-14.48,10,0.17,30.67,1.05,1,0.501892,17.185058,-0.498108,1
CUST_005971,16.81,8.77,200.27,29,-8.03,202,0.16,18.62,0.86,3,0.521713,22.835804,-0.477692,1
CUST_009831,32.29,36.5,564.92,37,4.21,4,0.03,29.7,1.16,0,1.130381,15.47726,0.130381,1
CUST_008096,29.58,27.43,450.74,44,-2.16,176,0.07,30.4,1.02,1,0.927316,16.432373,-0.073022,1
CUST_004163,33.67,31.46,524.72,10,-2.21,91,0.7,33.9,0.94,0,0.934363,16.678957,-0.065637,0
CUST_000954,21.73,19.23,370.55,4,-2.5,219,0.91,20.84,0.92,0,0.884952,19.269371,-0.115048,0
CUST_001358,29.97,28.07,548.92,10,-1.91,98,0.97,28.41,0.9,0,0.936603,19.555397,-0.06373,0
CUST_000951,18.01,21.84,344.36,7,3.83,132,0.94,16.79,1.07,0,1.21266,15.767399,0.21266,0
CUST_001874,35.85,34.47,816.71,7,-1.38,93,0.72,34.88,0.94,0,0.961506,23.693357,-0.038494,0
CUST_003662,29.05,35.83,885.81,7,6.78,228,0.91,28.66,1.1,0,1.233391,24.722579,0.233391,0
CUST_009305,24.24,50.28,773.29,32,26.04,3,0.26,28.3,0.83,2,2.074257,15.379674,1.074257,1
CUST_006061,21.34,18.66,355.83,32,-2.68,227,0.22,20.93,0.84,0,0.874414,19.069132,-0.125586,1
CUST_000568,22.13,16.27,277.39,5,-5.86,160,0.77,21.02,0.81,0,0.735201,17.04917,-0.264799,0
CUST_006343,32.23,14.33,152.1,38,-17.91,2,0.23,26.21,1.11,0,0.444617,10.614096,-0.555693,1
CUST_008232,36.04,12.34,151.0,35,-23.69,5,0.13,33.7,0.86,3,0.342397,12.236629,-0.657325,1
CUST_008213,16.85,43.24,911.55,26,26.39,208,0.02,19.1,1.03,1,2.566172,21.081175,1.566172,1
CUST_004651,22.21,22.46,493.86,3,0.26,103,0.93,20.4,1.12,0,1.011256,21.988424,0.011706,0
CUST_009897,31.52,11.94,136.67,37,-19.59,139,0.07,25.43,0.95,3,0.378807,11.446399,-0.62151,1
CUST_004009,37.77,36.26,647.93,8,-1.51,153,0.82,34.94,1.09,0,0.960021,17.869002,-0.039979,0
CUST_007465,21.23,9.75,154.14,42,-11.48,9,0.17,19.69,1.15,2,0.459256,15.809231,-0.540744,1
CUST_006106,29.12,9.53,150.47,35,-19.59,1,0.04,22.41,0.82,0,0.327266,15.789087,-0.672734,1
CUST_008366,23.81,10.98,152.57,33,-12.83,5,0.18,18.42,1.15,0,0.461151,13.895264,-0.538849,1
CUST_000191,26.32,25.41,508.26,8,-0.91,39,0.54,25.55,0.88,0,0.965426,20.002361,-0.034574,0
CUST_001042,30.87,22.88,515.06,9,-7.99,164,0.51,32.83,0.83,0,0.741173,22.511364,-0.258827,0
CUST_003632,15.97,15.46,383.34,9,-0.51,175,0.9,16.15,0.9,0,0.968065,24.795602,-0.031935,0
CUST_006034,26.87,14.14,314.42,22,-12.73,158,0.01,24.55,0.91,1,0.526237,22.236209,-0.473763,1
CUST_002273,25.37,23.87,390.15,8,-1.5,177,0.93,25.76,1.09,0,0.940875,16.344784,-0.059125,0
CUST_001675,31.62,37.19,697.55,11,5.57,20,0.92,31.87,1.07,0,1.176154,18.756386,0.176154,0
CUST_008494,26.46,11.61,157.54,21,-14.85,6,0.11,25.34,1.1,0,0.438776,13.569337,-0.561224,1
CUST_004968,26.9,30.75,701.02,5,3.85,109,0.49,25.58,1.15,0,1.143123,22.797398,0.143123,0
CUST_004803,18.12,23.29,531.83,8,5.17,135,0.88,19.94,1.14,0,1.28532,22.835122,0.28532,0
CUST_005586,33.33,78.14,1750.3,44,44.82,2,0.05,34.56,0.94,2,2.344434,22.399539,1.344734,1
CUST_001593,20.14,22.06,521.0,8,1.92,191,0.75,20.54,1.18,1,1.095333,23.617407,0.095333,0
CUST_004463,26.38,19.58,431.35,3,-6.8,226,0.94,26.75,0.84,0,0.742229,22.030133,-0.257771,0
CUST_000272,30.45,32.9,704.98,5,2.45,82,0.85,32.75,1.05,0,1.08046,21.427964,0.08046,0
CUST_002791,37.35,47.3,824.53,7,9.95,89,0.57,34.12,1.12,0,1.266399,17.431924,0.266399,0
CUST_009080,25.49,17.92,392.93,40,-7.56,153,0.09,25.04,0.95,3,0.703021,21.926897,-0.296587,1
CUST_004676,17.17,19.29,329.82,3,2.12,33,0.55,16.58,1.0,0,1.123471,17.097978,0.123471,0
CUST_004033,26.69,32.79,587.43,8,6.1,108,0.91,25.96,1.14,0,1.22855,17.914913,0.22855,0
CUST_004020,25.0,29.07,547.08,3,4.07,233,0.94,26.53,1.19,0,1.1628,18.819401,0.1628,0
CUST_006007,14.71,34.38,470.81,37,19.67,2,0.69,18.37,0.93,0,2.337186,13.694299,1.337186,1
CUST_001375,16.76,15.83,334.93,3,-0.94,28,0.59,18.22,0.91,0,0.944511,21.157928,-0.056086,0
CUST_006906,21.06,15.57,362.77,34,-5.49,8,0.78,22.75,1.17,3,0.739316,23.299294,-0.260684,1
CUST_001011,16.54,14.5,229.4,13,-2.05,201,0.73,18.33,0.93,0,0.876663,15.82069,-0.123942,0
CUST_008002,17.82,47.2,826.68,43,29.39,6,0.09,18.0,1.06,2,2.648709,17.514407,1.64927,1
CUST_008286,19.49,48.87,1080.31,29,29.38,4,0.33,21.23,1.0,2,2.50744,22.105791,1.50744,1
CUST_001235,16.74,16.44,293.64,6,-0.3,29,0.92,17.53,0.95,0,0.982079,17.861314,-0.017921,0
CUST_001799,18.15,15.43,284.38,8,-2.72,186,0.95,17.45,0.97,0,0.850138,18.430331,-0.149862,0
CUST_009471,22.59,8.94,130.86,24,-13.65,2,0.01,21.53,0.99,2,0.39575,14.637584,-0.60425,1
CUST_000589,33.91,45.15,1028.01,7,11.25,54,0.79,34.53,1.16,0,1.331466,22.768771,0.331761,0
CUST_005581,35.91,39.84,979.21,42,3.93,8,0.34,34.47,1.08,0,1.10944,24.578564,0.10944,1
CUST_008881,27.02,9.32,115.14,37,-17.7,5,0.2,26.62,0.86,2,0.34493,12.354077,-0.65507,1
CUST_005875,27.67,62.27,1189.6,16,34.61,212,0.25,27.01,1.03,1,2.250452,19.103902,1.250813,1
CUST_000445,19.63,18.35,401.59,9,-1.28,175,0.72,18.43,0.83,0,0.934794,21.885014,-0.065206,0
CUST_000797,25.66,30.93,753.1,9,5.27,85,0.83,25.67,1.08,0,1.205378,24.348529,0.205378,0
CUST_004193,30.83,32.24,790.21,5,1.42,231,0.96,29.98,1.01,0,1.045735,24.510236,0.046059,0
CUST_005223,27.05,64.82,1084.78,21,37.76,1,0.17,29.71,0.96,2,2.396303,16.735267,1.395933,1
CUST_005759,20.17,6.46,100.0,37,-13.7,1,0.07,18.89,0.8,2,0.320278,15.479876,-0.679227,1
CUST_008819,29.46,76.55,1339.08,36,47.08,11,0.08,29.92,1.04,1,2.598439,17.49288,1.598099,1
CUST_008489,30.01,37.04,694.31,52,7.03,6,0.0,28.45,1.17,2,1.234255,18.74487,0.234255,1
CUST_008596,20.72,55.54,848.99,43,34.82,10,0.22,22.33,1.07,1,2.680502,15.2861,1.680502,1
CUST_000418,27.46,19.71,362.0,9,-7.75,63,0.93,28.35,0.81,0,0.717771,18.366312,-0.282229,0
CUST_003636,24.97,22.7,377.26,9,-2.27,177,0.8,24.52,0.99,0,0.909091,16.619383,-0.090909,0
CUST_005326,33.5,33.2,798.74,59,-0.3,3,0.25,31.01,1.05,0,0.991045,24.058434,-0.008955,1
CUST_008375,23.35,10.93,164.05,35,-12.42,3,0.09,20.49,1.17,2,0.468094,15.009149,-0.531906,1
CUST_007154,25.05,58.94,1085.92,19,33.89,9,0.01,31.09,0.94,0,2.352894,18.42416,1.352894,1
CUST_009601,35.58,32.52,676.54,57,-3.06,200,0.02,33.77,0.88,1,0.913997,20.803813,-0.086003,1
CUST_006040,34.12,11.46,181.69,41,-22.66,213,0.16,27.85,0.84,0,0.335873,15.854276,-0.664127,1
CUST_004912,17.32,20.56,388.16,8,3.24,202,0.7,17.63,1.12,0,1.187067,18.879377,0.187067,0
CUST_000388,32.55,34.21,815.16,4,1.66,39,0.75,30.33,1.0,0,1.050998,23.82812,0.050998,0
CUST_002800,31.33,30.24,463.82,8,-1.09,23,0.98,29.63,1.02,0,0.965209,15.337963,-0.034791,0
CUST_002401,28.55,25.41,496.11,5,-3.14,179,0.9,30.46,0.95,0,0.890018,19.524203,-0.109982,0
CUST_007043,25.33,64.86,1010.51,37,39.53,1,0.04,31.26,1.02,2,2.5606,15.579864,1.5606,1
CUST_005514,29.37,78.9,1705.16,17,49.54,7,0.03,30.95,1.07,1,2.686415,21.61166,1.686755,1
CUST_009009,21.78,48.88,1110.84,41,27.1,9,0.33,20.69,1.17,0,2.244261,22.725859,1.244261,1
CUST_003511,16.12,16.92,336.15,10,0.8,186,0.98,17.77,1.17,0,1.049628,19.867021,0.049628,0
CUST_009340,22.95,8.75,109.69,29,-14.2,150,0.26,22.83,0.95,1,0.381264,12.536,-0.618736,1
CUST_005727,17.51,16.83,336.69,43,-0.68,3,0.31,18.45,0.9,1,0.961165,20.005348,-0.038835,1
CUST_005752,21.99,25.79,458.44,54,3.8,6,0.01,21.04,1.07,1,1.172806,17.775882,0.172806,1
CUST_009978,20.14,42.38,642.38,21,22.24,1,0.11,21.35,0.84,2,2.10427,15.157622,1.10427,1
CUST_008000,17.83,7.71,109.36,26,-10.13,1,0.0,15.07,1.08,1,0.432417,14.184176,-0.568144,1
CUST_006249,22.63,47.08,974.66,39,24.45,9,0.24,25.95,0.83,0,2.080424,20.702209,1.080424,1
CUST_009586,29.94,35.15,614.64,34,5.2,2,0.06,28.68,1.11,1,1.174015,17.486202,0.173681,1
CUST_003520,13.77,10.49,230.42,5,-3.28,138,0.86,15.18,0.84,0,0.761801,21.965682,-0.238199,0
CUST_004458,23.92,27.78,609.02,7,3.87,46,0.98,25.91,1.04,0,1.161371,21.922966,0.161789,0
CUST_000474,22.33,24.86,478.33,10,2.53,106,0.86,20.61,1.19,0,1.1133,19.240949,0.1133,0
CUST_004376,18.49,15.7,240.94,7,-2.79,190,0.95,17.31,0.81,0,0.849108,15.346497,-0.150892,0
CUST_000465,15.7,19.53,415.24,11,3.83,42,0.98,15.9,1.09,0,1.243949,21.261649,0.243949,0
CUST_007431,19.26,35.57,568.37,43,16.31,3,0.07,19.78,1.13,3,1.846833,15.978915,0.846833,1
CUST_002935,23.09,23.12,515.52,6,0.03,168,0.95,22.53,0.97,0,1.001299,22.297578,0.001299,0
CUST_001621,16.73,16.55,392.68,7,-0.17,229,0.96,16.47,0.98,0,0.989241,23.726888,-0.010161,0
CUST_000012,20.18,24.34,369.47,13,4.15,20,0.82,20.58,1.08,0,1.206145,15.17954,0.205649,0
CUST_005378,42.28,18.56,238.38,26,-23.72,8,0.29,33.02,1.1,1,0.438978,12.84375,-0.561022,1
CUST_004566,31.56,29.48,577.13,12,-2.08,211,0.76,34.12,0.86,0,0.934094,19.577001,-0.065906,0
CUST_002075,22.34,25.15,475.55,9,2.81,123,0.59,24.64,1.0,0,1.125783,18.908549,0.125783,0
CUST_003009,32.12,25.83,630.76,7,-6.28,53,0.88,33.58,0.92,0,0.804172,24.419667,-0.195517,0
CUST_000174,21.12,16.6,310.66,11,-4.52,121,0.83,20.42,0.9,0,0.785985,18.714458,-0.214015,0
CUST_008923,18.38,16.58,254.11,52,-1.81,6,0.58,16.9,0.89,0,0.902067,15.326297,-0.098477,1
CUST_002612,24.25,28.96,583.83,6,4.71,110,0.89,25.3,1.08,0,1.194227,20.159876,0.194227,0
CUST_001022,23.94,30.52,496.88,6,6.58,20,0.96,25.1,1.14,0,1.274854,16.280472,0.274854,0
CUST_006968,30.73,69.71,1061.58,34,38.98,2,0.01,34.84,0.91,2,2.268467,15.228518,1.268467,1
CUST_002475,20.52,21.25,506.78,7,0.73,145,0.9,21.1,1.11,1,1.035575,23.848471,0.035575,0
CUST_003938,16.21,16.84,282.4,4,0.63,225,0.83,16.89,1.14,0,1.038865,16.769596,0.038865,0
CUST_002148,21.14,23.32,471.4,5,2.18,49,0.66,20.2,1.03,0,1.103122,20.214408,0.103122,0
CUST_000352,28.1,24.97,550.06,6,-3.13,137,0.85,25.71,0.83,0,0.888612,22.028835,-0.111388,0
CUST_007430,30.29,62.45,1348.66,41,32.15,9,0.19,32.99,0.82,2,2.061737,21.595837,1.061406,1
CUST_009300,31.82,30.74,604.72,50,-1.08,220,0.21,29.8,0.94,2,0.966059,19.672088,-0.033941,1
CUST_009160,34.09,13.92,191.41,39,-20.17,4,0.14,26.78,1.02,1,0.408331,13.750718,-0.591669,1
CUST_003872,36.26,36.35,748.94,5,0.09,58,0.9,33.8,0.99,0,1.002482,20.603576,0.002482,0
CUST_001601,27.49,26.29,500.88,8,-1.2,215,0.75,26.01,1.04,1,0.956348,19.052111,-0.043652,0
CUST_007508,20.48,47.54,902.24,35,27.06,6,0.09,21.08,0.93,0,2.321289,18.978544,1.321289,1
CUST_008529,28.5,30.32,470.21,29,1.82,236,0.34,30.65,1.14,1,1.06386,15.508245,0.06386,1
CUST_000989,27.69,27.65,500.83,6,-0.04,16,0.96,26.49,0.97,0,0.998555,18.113201,-0.001445,0
CUST_005150,21.92,61.08,1318.26,23,39.16,151,0.24,26.46,1.11,0,2.786496,21.582515,1.786496,1
CUST_005265,25.34,50.09,1170.19,41,24.74,9,0.23,25.49,1.12,3,1.976717,23.361749,0.976322,1
CUST_006498,21.42,10.1,145.96,15,-11.31,8,0.04,18.2,1.18,0,0.471522,14.451485,-0.528011,1
CUST_008354,20.04,32.85,800.63,42,12.81,8,0.19,19.08,0.98,2,1.639222,24.372298,0.639222,1
CUST_006365,33.47,35.77,606.93,33,2.3,11,0.42,34.14,1.15,1,1.068718,16.967571,0.068718,1
CUST_001482,31.07,29.89,485.09,4,-1.17,15,0.87,28.39,0.86,0,0.962021,16.229174,-0.037657,0
CUST_004334,14.45,15.71,391.13,14,1.25,230,0.73,15.6,1.11,0,1.087197,24.896881,0.086505,0
CUST_004757,25.48,20.27,331.73,9,-5.21,62,0.91,24.19,0.82,0,0.795526,16.365565,-0.204474,0
CUST_004381,19.99,18.8,466.06,6,-1.19,190,0.82,19.56,1.03,0,0.94047,24.790426,-0.05953,0
CUST_003169,26.53,19.82,360.21,6,-6.71,68,0.76,24.47,0.84,1,0.747079,18.174067,-0.252921,0
CUST_000643,25.61,23.24,536.36,12,-2.37,127,0.86,23.48,1.0,0,0.907458,23.079174,-0.092542,0
CUST_007153,25.79,56.45,898.63,15,30.67,5,0.04,25.76,1.07,0,2.188833,15.919043,1.189221,1
CUST_006325,28.33,38.34,619.89,21,10.0,6,0.17,26.2,0.85,1,1.353336,16.168232,0.352983,1
CUST_006993,26.33,22.65,447.26,32,-3.68,7,0.03,25.85,0.87,1,0.860235,19.746578,-0.139765,1
CUST_007988,33.89,14.11,201.06,19,-19.78,8,0.43,28.78,1.04,3,0.416347,14.249468,-0.583653,1
CUST_000666,33.3,33.81,728.34,5,0.51,212,0.96,30.49,1.18,0,1.015315,21.542147,0.015315,0
CUST_002676,33.0,42.9,647.37,8,9.9,191,0.84,32.25,1.15,0,1.3,15.09021,0.3,0
CUST_001685,34.83,39.27,901.93,7,4.43,110,0.76,32.01,1.13,0,1.127476,22.967405,0.127189,0
CUST_009020,18.8,16.53,287.54,55,-2.27,143,0.11,20.17,0.82,1,0.879255,17.395039,-0.120745,1
CUST_002913,25.65,27.93,635.73,6,2.27,135,0.65,24.02,1.15,0,1.088889,22.761547,0.088499,0
CUST_001799,18.15,15.43,284.38,8,-2.72,186,0.95,17.45,0.97,0,0.850138,18.430331,-0.149862,0
CUST_008626,24.03,54.24,1191.17,27,30.21,2,0.06,21.99,0.83,3,2.257179,21.961099,1.257179,1
CUST_008955,16.57,40.79,869.51,44,24.22,201,0.15,16.28,1.09,0,2.461678,21.316744,1.461678,1
CUST_004857,27.1,26.87,666.43,9,-0.23,220,0.63,30.11,1.1,1,0.991513,24.80201,-0.008487,0
CUST_002646,17.24,14.23,244.73,10,-3.01,48,0.87,16.67,0.81,0,0.825406,17.198173,-0.174594,0
CUST_004266,23.27,25.77,480.54,5,2.5,25,0.78,21.56,1.05,0,1.107434,18.647264,0.107434,0
CUST_008102,23.78,11.25,187.33,26,-12.53,235,0.24,23.18,1.18,0,0.473087,16.651556,-0.526913,1
CUST_001387,17.31,19.98,373.85,6,2.66,205,0.96,17.07,1.01,1,1.154246,18.711211,0.153668,0
CUST_002121,31.44,24.56,580.71,2,-6.89,62,0.91,32.62,0.87,0,0.78117,23.644544,-0.219148,0
CUST_003851,30.98,38.77,877.36,11,7.79,62,0.86,33.35,1.11,0,1.251453,22.629868,0.251453,0
CUST_000111,18.66,20.52,417.09,3,1.86,149,0.65,20.44,1.1,0,1.099678,20.326023,0.099678,0
CUST_007141,21.28,19.55,301.16,54,-1.73,136,0.1,23.1,0.84,1,0.918703,15.404604,-0.081297,1
CUST_005665,25.21,67.38,1071.38,19,42.16,6,0.49,31.5,1.07,1,2.672749,15.900564,1.672352,1
CUST_002325,23.84,26.23,567.06,11,2.39,111,0.75,24.69,1.06,0,1.100252,21.618757,0.100252,0
CUST_009842,25.69,8.91,151.18,25,-16.78,5,0.18,22.11,0.87,1,0.346828,16.967452,-0.653172,1
CUST_000318,21.2,20.37,306.08,10,-0.82,86,0.65,19.35,1.05,1,0.960849,15.026019,-0.038679,0
CUST_006838,27.65,72.78,1053.46,15,45.13,2,0.26,32.76,1.05,2,2.632188,14.474581,1.632188,1
CUST_001808,26.34,34.46,631.14,13,8.12,39,0.66,28.03,1.16,0,1.308276,18.315148,0.308276,0
CUST_003026,18.93,20.36,388.63,3,1.43,80,0.63,20.4,1.13,0,1.075541,19.087917,0.075541,0
CUST_000252,33.84,39.21,805.84,5,5.37,188,0.9,32.23,1.03,0,1.158688,20.5519,0.158688,0
CUST_001835,29.18,26.59,480.03,10,-2.59,239,0.97,31.37,1.01,0,0.911241,18.053027,-0.088759,0
CUST_003091,26.4,30.46,651.11,7,4.07,132,0.57,26.35,1.16,0,1.153788,21.375903,0.154167,0
CUST_001085,31.58,31.99,581.97,5,0.4,229,0.87,29.33,1.04,0,1.012983,18.192248,0.012666,0
CUST_008055,28.45,22.62,390.09,48,-5.83,2,0.05,30.97,0.84,1,0.795079,17.245358,-0.204921,1
CUST_000748,24.92,21.77,330.68,10,-3.16,201,0.54,23.71,0.95,0,0.873596,15.189711,-0.126806,0
CUST_002646,17.24,14.23,244.73,10,-3.01,48,0.87,16.67,0.81,0,0.825406,17.198173,-0.174594,0
CUST_009436,33.38,43.71,858.54,26,10.33,215,0.19,30.73,0.88,1,1.309467,19.64173,0.309467,1
CUST_003530,25.91,21.63,534.02,11,-4.27,202,0.83,24.37,0.86,0,0.834813,24.688858,-0.164801,0
CUST_008162,20.16,18.49,368.38,22,-1.66,9,0.38,19.56,1.05,1,0.917163,19.923202,-0.082341,1
CUST_002544,17.71,20.36,387.43,9,2.65,101,0.62,17.72,1.01,1,1.149633,19.028978,0.149633,0
CUST_003042,25.3,27.7,519.59,9,2.4,217,0.95,25.09,1.11,0,1.094862,18.757762,0.094862,0
CUST_005089,33.96,31.77,562.28,39,-2.19,11,0.27,32.94,0.96,2,0.935512,17.698458,-0.064488,1
CUST_002316,17.41,17.08,260.59,5,-0.34,199,0.76,18.96,1.09,0,0.981045,15.257026,-0.019529,0
CUST_007226,37.69,17.08,237.15,21,-20.6,6,0.23,33.22,1.13,2,0.453171,13.88466,-0.546564,1
CUST_001875,18.23,15.74,331.2,7,-2.49,102,0.93,19.21,0.81,0,0.863412,21.041931,-0.136588,0
CUST_008514,17.35,51.65,754.28,32,34.3,223,0.21,20.84,1.19,0,2.976945,14.603679,1.976945,1
CUST_009157,36.68,13.5,217.72,34,-23.17,221,0.05,31.98,0.92,1,0.368048,16.127407,-0.631679,1
CUST_002751,20.42,23.71,522.74,10,3.28,66,0.98,19.08,1.03,0,1.161117,22.047237,0.160627,0
CUST_002125,34.76,39.55,718.74,10,4.79,41,0.9,33.26,1.13,1,1.137802,18.172946,0.137802,0
CUST_002192,23.4,19.02,461.22,11,-4.37,115,0.7,21.47,0.86,1,0.812821,24.249211,-0.186752,0
CUST_006932,14.06,7.76,127.15,35,-6.29,138,0.29,15.16,0.96,0,0.55192,16.385309,-0.447368,1
CUST_001922,24.3,28.43,693.07,5,4.13,120,0.71,24.32,1.04,0,1.169959,24.378122,0.169959,0
CUST_007596,40.87,19.61,286.51,19,-21.26,154,0.13,32.06,1.2,1,0.479814,14.610403,-0.520186,1
CUST_003412,23.81,28.63,622.51,3,4.82,46,0.82,24.84,1.14,0,1.202436,21.743276,0.202436,0
CUST_001622,24.06,26.61,489.89,8,2.55,39,0.85,23.55,1.09,0,1.105985,18.409996,0.105985,0
CUST_000960,19.34,19.19,369.72,5,-0.15,24,0.95,19.32,0.96,0,0.992244,19.266285,-0.007756,0
CUST_001265,29.32,26.23,581.0,10,-3.09,174,0.97,31.46,0.9,0,0.894611,22.15021,-0.105389,0
CUST_009025,24.3,20.89,378.19,56,-3.41,11,0.11,25.61,0.84,3,0.859671,18.103877,-0.140329,1
CUST_004508,31.3,26.93,435.83,4,-4.37,164,0.97,29.98,1.01,0,0.860383,16.18381,-0.139617,0
CUST_000029,36.99,35.9,543.34,2,-1.09,235,0.93,34.71,0.95,0,0.970533,15.134819,-0.029467,0
CUST_000041,34.07,28.16,441.09,11,-5.92,41,0.73,31.5,0.87,0,0.826534,15.663707,-0.17376,0
CUST_000059,24.82,31.51,584.42,10,6.7,24,0.56,25.58,1.18,0,1.269541,18.547128,0.269944,0
CUST_009855,29.58,88.5,1807.07,37,58.92,7,0.01,34.42,1.2,2,2.991886,20.41887,1.991886,1
CUST_000618,22.41,24.5,546.64,7,2.09,218,0.8,22.63,1.05,1,1.093262,22.311837,0.093262,0
CUST_009784,31.98,23.03,430.2,37,-8.95,153,0.01,31.29,1.09,2,0.720138,18.679983,-0.279862,1
CUST_000757,20.44,21.08,496.05,9,0.63,92,0.93,18.98,1.1,0,1.031311,23.531784,0.030822,0
CUST_006237,29.83,60.72,1489.68,18,30.88,10,0.44,27.8,0.81,1,2.035535,24.533597,1.035199,1
CUST_004513,36.19,36.58,837.09,9,0.39,136,0.92,34.82,1.01,0,1.010776,22.883816,0.010776,0
CUST_000668,34.93,33.56,712.56,10,-1.38,128,0.83,34.48,0.98,0,0.960779,21.23242,-0.039508,0
CUST_004205,25.07,26.17,412.14,10,1.1,224,1.0,26.98,1.04,0,1.043877,15.748567,0.043877,0
CUST_001922,24.3,28.43,693.07,5,4.13,120,0.71,24.32,1.04,0,1.169959,24.378122,0.169959,0
CUST_003487,26.59,26.79,422.45,9,0.2,234,0.77,26.77,1.0,0,1.007522,15.768944,0.007522,0
CUST_001117,27.96,36.73,606.09,6,8.78,195,0.94,30.88,1.16,0,1.313662,16.501225,0.31402,0
CUST_000487,16.57,14.87,238.1,4,-1.7,54,0.93,16.8,1.04,0,0.897405,16.012105,-0.102595,0
CUST_008724,35.43,13.9,231.2,26,-21.53,220,0.18,27.6,0.98,1,0.392323,16.633094,-0.607677,1
CUST_003260,25.15,23.71,404.06,8,-1.44,171,0.98,24.27,1.06,0,0.942744,17.041755,-0.057256,0
CUST_000596,26.93,25.82,460.86,10,-1.11,235,0.93,24.56,1.09,0,0.958782,17.848954,-0.041218,0
CUST_004959,19.74,19.91,492.92,7,0.18,194,0.97,21.65,1.04,0,1.008612,24.757408,0.009119,0
CUST_003046,23.05,23.05,417.95,9,-0.0,17,0.74,24.54,0.92,0,1.0,18.132321,-0.0,0
CUST_004562,35.65,36.75,815.3,4,1.1,33,0.96,34.8,1.09,0,1.030856,22.185034,0.030856,0
CUST_005102,19.68,21.73,532.87,46,2.06,151,0.5,21.03,1.05,1,1.104167,24.522319,0.104675,1
CUST_000020,27.24,31.36,537.68,12,4.12,197,0.87,25.02,1.02,0,1.151248,17.145408,0.151248,0
CUST_004883,19.31,18.07,365.79,6,-1.24,170,0.98,18.37,0.91,0,0.935785,20.242944,-0.064215,0
CUST_002615,27.4,25.92,476.98,7,-1.48,127,0.83,26.48,0.94,0,0.945985,18.402006,-0.054015,0
CUST_006258,29.05,11.72,180.8,36,-17.33,174,0.03,28.94,1.01,1,0.403442,15.426621,-0.596558,1
CUST_008583,24.63,66.22,1285.1,18,41.59,143,0.46,26.84,1.08,1,2.688591,19.406524,1.688591,1
CUST_005862,20.57,58.84,908.18,35,38.27,6,0.3,20.61,1.14,1,2.860476,15.434738,1.860476,1
CUST_001930,29.53,27.58,676.55,8,-1.96,188,0.95,31.11,1.09,0,0.933965,24.530457,-0.066373,0
CUST_001688,16.99,16.81,265.78,3,-0.18,102,0.93,15.45,0.89,0,0.989406,15.810827,-0.010594,0
CUST_002964,26.97,28.89,575.24,5,1.92,170,0.98,27.44,1.2,0,1.07119,19.911388,0.07119,0
CUST_003573,25.07,26.12,405.74,7,1.05,223,0.99,26.54,1.04,0,1.041883,15.533691,0.041883,0
CUST_005362,38.23,17.02,216.96,18,-21.21,4,0.06,33.43,1.11,0,0.4452,12.747356,-0.5548,1
CUST_004264,21.08,17.25,317.53,6,-3.83,35,0.71,20.29,0.86,0,0.818311,18.407536,-0.181689,0
CUST_001673,23.06,18.09,397.2,9,-4.97,149,0.96,25.49,0.82,0,0.784475,21.956882,-0.215525,0
CUST_005562,14.93,39.84,771.83,41,24.92,148,0.18,17.95,1.07,1,2.668453,19.373243,1.669123,1
CUST_008943,25.26,22.4,461.31,58,-2.86,230,0.09,27.28,0.86,3,0.886778,20.594196,-0.113222,1
CUST_004686,32.51,34.03,780.73,9,1.51,41,0.61,31.84,1.16,0,1.046755,22.942404,0.046447,0
CUST_008306,29.52,85.68,1721.8,27,56.16,220,0.19,33.95,1.16,1,2.902439,20.095705,1.902439,1
CUST_004714,15.53,17.4,416.19,13,1.87,112,0.72,15.76,1.0,0,1.120412,23.918966,0.120412,0
CUST_005234,33.36,36.23,819.43,38,2.88,2,0.05,34.52,1.03,2,1.086031,22.617444,0.086331,1
CUST_006942,37.37,38.01,594.2,57,0.63,123,0.0,34.49,1.04,1,1.017126,15.632728,0.016858,1
CUST_002690,35.05,39.34,819.19,9,4.28,232,0.92,33.51,1.16,0,1.122397,20.823335,0.122111,0
CUST_005109,18.17,51.9,854.84,29,33.73,203,0.11,18.29,1.14,0,2.856357,16.470906,1.856357,1
CUST_003277,32.21,29.16,545.83,8,-3.06,222,0.8,33.6,0.84,0,0.905309,18.71845,-0.095002,0
CUST_005814,30.45,11.15,166.62,16,-19.29,6,0.2,26.0,0.92,2,0.366174,14.943498,-0.633498,1
CUST_000489,14.52,13.74,222.24,7,-0.77,65,0.86,15.74,1.01,0,0.946281,16.174672,-0.05303,0
CUST_000169,29.86,27.68,683.8,6,-2.18,95,0.92,28.43,1.05,0,0.926993,24.703757,-0.073007,0
CUST_000347,29.76,30.24,555.57,7,0.48,131,0.95,27.86,1.11,0,1.016129,18.372024,0.016129,0
CUST_001362,33.0,31.0,757.35,11,-2.0,58,0.62,31.11,0.83,0,0.939394,24.430645,-0.060606,0
CUST_009291,25.78,55.52,843.95,32,29.74,11,0.05,28.93,0.86,1,2.153607,15.200829,1.153607,1
CUST_002438,34.89,38.01,696.54,5,3.12,105,0.88,33.5,1.0,0,1.089424,18.325178,0.089424,0
CUST_003310,24.07,25.64,540.33,9,1.58,156,0.83,23.83,0.96,0,1.065226,21.073713,0.065642,0
CUST_008598,20.19,59.83,1061.7,15,39.63,2,0.03,22.52,1.18,0,2.963348,17.745278,1.962853,1
CUST_009501,32.56,38.21,909.94,31,5.65,3,0.09,30.62,1.13,1,1.173526,23.814185,0.173526,1
CUST_007439,31.53,13.21,186.73,26,-18.32,10,0.04,30.63,1.05,0,0.418966,14.135503,-0.581034,1
CUST_007870,30.12,27.56,455.9,46,-2.55,5,0.27,27.48,0.96,2,0.915007,16.54209,-0.084661,1
CUST_002718,31.13,31.54,564.56,3,0.41,116,0.85,34.23,0.92,0,1.013171,17.89981,0.013171,0
CUST_004342,36.8,40.64,980.07,11,3.84,137,0.93,33.94,1.04,0,1.104348,24.115896,0.104348,0
CUST_001492,16.85,12.96,248.69,3,-3.88,171,0.98,17.04,0.83,0,0.769139,19.189043,-0.230267,0
CUST_007363,21.44,18.6,289.21,41,-2.83,151,0.27,23.2,0.91,2,0.867537,15.548925,-0.131996,1
CUST_008294,31.22,55.57,1295.29,40,24.36,8,0.18,29.72,1.05,0,1.779949,23.30916,0.780269,1
CUST_001940,26.43,24.28,396.65,5,-2.15,110,0.61,28.81,0.84,0,0.918653,16.336491,-0.081347,0
CUST_006528,20.85,9.14,125.65,24,-11.71,203,0.41,20.16,1.1,1,0.438369,13.747265,-0.561631,1
CUST_005670,23.92,51.53,849.62,25,27.6,1,0.09,29.6,0.86,1,2.154264,16.487871,1.153846,1
CUST_007391,16.62,47.28,947.9,42,30.66,238,0.16,17.04,1.14,2,2.844765,20.048646,1.844765,1
CUST_008813,19.47,11.17,271.61,44,-8.31,147,0.07,21.51,0.89,1,0.573703,24.316025,-0.42681,1
CUST_004428,27.81,30.85,509.37,3,3.05,142,0.54,28.16,1.02,0,1.109313,16.511183,0.109673,0
CUST_001881,34.66,38.45,822.25,9,3.78,32,0.66,33.01,1.01,0,1.109348,21.384915,0.109059,0
CUST_000996,15.95,14.28,262.32,12,-1.67,124,0.94,17.38,0.87,0,0.895298,18.369748,-0.104702,0
CUST_002442,23.83,24.21,474.63,3,0.37,56,0.92,24.83,1.07,0,1.015946,19.604709,0.015527,0
CUST_007387,17.46,39.8,830.19,19,22.34,5,0.04,19.27,0.91,0,2.279496,20.859045,1.279496,1
CUST_004025,22.19,19.62,384.77,12,-2.57,155,0.87,21.89,0.95,0,0.884182,19.611111,-0.115818,0
CUST_001005,15.05,14.71,285.85,9,-0.34,30,0.78,16.22,1.14,0,0.977409,19.432359,-0.022591,0
CUST_003547,16.92,13.48,272.73,8,-3.44,61,0.85,15.92,0.9,0,0.79669,20.232196,-0.20331,0
CUST_006486,12.64,35.99,730.51,31,23.35,5,0.11,15.13,1.14,1,2.84731,20.297583,1.84731,1
CUST_000641,27.65,30.4,477.13,5,2.75,194,0.8,26.96,1.14,0,1.099458,15.695066,0.099458,0
CUST_005047,28.44,70.87,1348.07,34,42.43,181,0.02,33.05,1.0,0,2.491913,19.02173,1.491913,1
CUST_002722,30.01,40.03,853.84,7,10.02,31,0.92,30.22,1.19,0,1.333889,21.330002,0.333889,0
CUST_000395,18.74,23.93,420.68,4,5.19,173,0.53,19.85,1.17,0,1.276948,17.579607,0.276948,0
CUST_002952,33.01,31.38,761.61,11,-1.63,150,0.9,34.06,0.92,0,0.950621,24.270554,-0.049379,0
CUST_003712,17.53,19.6,371.77,6,2.07,32,0.68,17.4,1.04,0,1.118083,18.967857,0.118083,0
CUST_004644,29.75,26.49,434.07,5,-3.25,118,0.51,32.75,0.96,1,0.89042,16.386183,-0.109244,0
CUST_007835,26.81,75.6,1604.69,23,48.79,138,0.14,31.63,1.13,1,2.819843,21.226058,1.819843,1
CUST_006826,29.37,76.78,1473.19,15,47.41,186,0.02,33.21,1.05,0,2.614232,19.187158,1.614232,1
CUST_003702,33.12,34.01,577.68,5,0.89,68,0.97,31.4,1.09,0,1.026872,16.985592,0.026872,0
CUST_004355,32.81,31.5,655.37,7,-1.31,139,0.8,32.86,0.88,1,0.960073,20.805397,-0.039927,0
CUST_002559,27.37,25.9,391.53,8,-1.46,167,0.54,27.47,0.87,0,0.946292,15.116988,-0.053343,0
CUST_008743,33.77,15.01,194.1,19,-18.76,5,0.09,30.93,1.11,1,0.444477,12.931379,-0.555523,1
CUST_008851,26.64,55.1,1058.44,26,28.46,4,0.33,28.22,0.83,0,2.068318,19.209437,1.068318,1
CUST_008040,34.74,39.63,718.87,28,4.9,4,0.02,32.32,1.06,0,1.14076,18.139541,0.141048,1
CUST_003438,18.11,23.26,478.46,7,5.15,235,0.93,19.21,1.18,0,1.284373,20.570077,0.284373,0
CUST_004156,27.43,35.1,527.26,2,7.67,74,0.9,26.18,1.17,0,1.279621,15.021652,0.279621,0
CUST_001411,34.49,34.03,832.44,4,-0.45,134,0.72,34.36,1.08,0,0.986663,24.461945,-0.013047,0
CUST_000887,23.45,22.89,349.02,3,-0.56,116,0.77,22.6,1.03,0,0.976119,15.247706,-0.023881,0
CUST_004664,24.12,20.4,412.84,9,-3.72,60,0.74,23.66,0.94,0,0.845771,20.237255,-0.154229,0
CUST_009650,19.9,44.39,989.35,17,24.49,6,0.21,20.85,0.89,0,2.230653,22.287677,1.230653,1
CUST_004730,18.6,15.99,243.47,7,-2.61,223,0.54,17.69,0.83,0,0.859677,15.226391,-0.140323,0
CUST_004671,29.6,33.5,659.75,8,3.91,79,0.81,29.29,1.03,0,1.131757,19.69403,0.132095,0
CUST_002892,27.06,25.12,444.33,0,-1.93,103,0.92,27.0,0.92,0,0.928307,17.688296,-0.071323,0
CUST_005883,30.95,77.65,1149.12,16,46.69,2,0.04,32.21,1.0,1,2.508885,14.798712,1.508562,1
CUST_001357,28.66,28.52,441.6,10,-0.14,56,0.8,26.69,0.91,1,0.995115,15.483871,-0.004885,0
CUST_001527,16.36,18.05,367.04,8,1.7,224,0.99,16.4,1.01,0,1.103301,20.334626,0.103912,0
CUST_002687,34.97,32.94,527.48,7,-2.03,89,0.89,31.98,0.88,0,0.94195,16.013358,-0.05805,0
CUST_000074,20.09,22.86,524.22,6,2.77,202,0.85,19.07,1.14,0,1.13788,22.931759,0.13788,0
CUST_001289,15.12,14.11,276.57,5,-1.01,74,0.85,16.73,0.94,0,0.933201,19.600992,-0.066799,0
CUST_000708,29.95,35.53,572.23,2,5.58,205,0.91,29.68,1.18,0,1.186311,16.105545,0.186311,0
CUST_003928,17.21,20.42,314.17,3,3.21,80,0.91,17.75,1.06,0,1.186519,15.385406,0.186519,0
CUST_003144,36.43,26.1,651.39,5,-10.34,36,0.94,34.33,0.83,0,0.716442,24.957471,-0.283832,0
CUST_008364,34.52,77.46,1494.08,19,42.94,1,0.02,32.01,1.07,0,2.243917,19.288407,1.243917,1
CUST_001370,19.17,20.68,366.23,8,1.51,156,0.91,18.85,0.97,0,1.078769,17.709381,0.078769,0
CUST_002272,27.82,29.9,541.88,4,2.09,239,0.87,26.91,1.18,0,1.074766,18.123077,0.075126,0
CUST_002150,17.55,20.64,493.19,4,3.08,110,0.9,18.82,1.02,0,1.176068,23.894864,0.175499,0
CUST_004232,33.33,31.72,617.58,10,-1.6,141,0.96,31.19,1.04,1,0.951695,19.469735,-0.048005,0
CUST_007441,31.19,29.58,623.73,53,-1.61,6,0.1,33.75,1.0,0,0.948381,21.086207,-0.051619,1
CUST_005651,30.44,23.17,572.2,58,-7.28,221,0.16,32.03,0.8,3,0.76117,24.695727,-0.239159,1
CUST_000516,33.81,35.11,716.56,9,1.3,81,0.76,32.87,1.01,0,1.03845,20.409,0.03845,0
CUST_005430,28.46,67.0,1491.09,18,38.54,7,0.1,30.75,1.03,1,2.354181,22.255075,1.354181,1
CUST_008612,25.19,9.97,140.53,17,-15.22,133,0.08,24.87,0.99,2,0.395792,14.095286,-0.604208,1
CUST_007294,23.97,37.84,568.98,29,13.86,2,0.01,26.54,1.16,0,1.57864,15.036469,0.578223,1
CUST_004834,18.19,15.08,371.05,6,-3.11,40,0.97,17.73,0.88,0,0.829027,24.605438,-0.170973,0
CUST_001021,21.9,24.66,485.41,9,2.76,227,0.97,21.14,1.04,0,1.126027,19.684104,0.126027,0
CUST_000629,16.95,15.82,372.27,6,-1.13,121,0.86,17.95,1.08,0,0.933333,23.531606,-0.066667,0
CUST_001650,29.14,31.5,602.66,12,2.36,208,0.9,26.59,1.06,0,1.080988,19.132063,0.080988,0
CUST_006103,21.03,17.96,377.29,28,-3.07,6,0.04,19.51,0.85,1,0.854018,21.007238,-0.145982,1
CUST_000528,14.65,11.58,183.99,11,-3.07,122,0.99,15.11,0.87,0,0.790444,15.888601,-0.209556,0
CUST_004661,23.0,23.33,573.51,5,0.33,44,0.97,23.11,1.01,0,1.014348,24.582512,0.014348,0
CUST_009245,17.54,19.2,426.39,32,1.66,129,0.06,17.19,1.0,3,1.094641,22.207812,0.094641,1
CUST_000879,16.44,16.07,380.52,8,-0.37,130,0.97,17.82,1.13,0,0.977494,23.678905,-0.022506,0
CUST_005823,28.37,9.37,100.04,41,-18.99,1,0.18,26.23,0.83,2,0.330278,10.676628,-0.669369,1
CUST_002845,24.32,20.77,339.98,7,-3.55,159,0.96,25.64,0.93,0,0.85403,16.368801,-0.14597,0
CUST_007254,33.87,82.12,1350.46,26,48.25,220,0.1,31.96,0.84,0,2.424565,16.444959,1.424565,1
CUST_004981,28.98,22.63,374.74,4,-6.35,32,0.95,27.72,0.91,0,0.780883,16.559434,-0.219117,0
CUST_007646,17.32,7.39,100.73,35,-9.93,9,0.04,16.41,1.07,3,0.426674,13.630582,-0.573326,1
CUST_000999,35.1,41.33,772.26,8,6.24,95,0.83,34.29,1.15,0,1.177493,18.685217,0.177778,0
CUST_008732,19.55,19.89,437.84,44,0.34,4,0.11,18.69,1.04,1,1.017391,22.013072,0.017391,1
CUST_004183,20.13,20.81,342.69,9,0.67,225,0.98,20.23,1.17,0,1.03378,16.467564,0.033284,0
CUST_007438,29.89,15.28,310.4,15,-14.61,7,0.11,32.06,0.82,1,0.511208,20.314136,-0.488792,1
CUST_006232,18.87,7.17,100.0,26,-11.7,6,0.09,17.44,0.95,3,0.379968,13.947001,-0.620032,1
CUST_004981,28.98,22.63,374.74,4,-6.35,32,0.95,27.72,0.91,0,0.780883,16.559434,-0.219117,0
CUST_001094,23.75,28.25,617.52,6,4.49,17,0.78,22.42,1.1,0,1.189474,21.859115,0.189053,0
CUST_002488,23.94,21.76,357.97,12,-2.17,233,0.98,23.92,0.92,0,0.908939,16.450827,-0.090643,0
CUST_001931,21.85,19.58,449.19,9,-2.27,112,0.57,20.82,0.86,0,0.89611,22.941267,-0.10389,0
CUST_002850,18.87,19.28,338.46,3,0.41,228,0.99,19.36,1.09,0,1.021728,17.554979,0.021728,0
CUST_000182,25.96,20.65,443.69,5,-5.3,210,0.66,24.03,0.87,0,0.795455,21.486199,-0.20416,0
CUST_000174,21.12,16.6,310.66,11,-4.52,121,0.83,20.42,0.9,0,0.785985,18.714458,-0.214015,0
CUST_004089,28.86,29.26,549.67,6,0.39,163,0.98,28.08,0.96,0,1.01386,18.785714,0.013514,0
CUST_002931,34.95,32.89,741.22,4,-2.05,201,0.92,32.69,1.03,0,0.941059,22.536333,-0.058655,0
CUST_008876,18.1,15.76,271.4,31,-2.34,226,0.01,17.4,0.83,2,0.870718,17.220812,-0.129282,1
CUST_001513,21.24,22.56,396.61,5,1.32,28,0.82,19.42,0.95,0,1.062147,17.58023,0.062147,0
CUST_003506,25.19,25.05,482.69,5,-0.14,38,0.86,27.18,1.02,0,0.994442,19.269062,-0.005558,0
CUST_004243,20.35,20.31,385.69,9,-0.04,187,0.7,22.24,0.98,0,0.998034,18.990153,-0.001966,0
CUST_003065,29.6,24.98,605.98,6,-4.62,197,0.78,27.77,0.95,0,0.843919,24.258607,-0.156081,0
CUST_003352,18.28,20.85,461.71,9,2.57,191,0.94,19.95,1.12,0,1.140591,22.144365,0.140591,0
CUST_000166,27.51,31.66,689.39,9,4.16,69,0.8,27.32,1.14,0,1.150854,21.774795,0.151218,0
CUST_004572,17.2,13.17,242.31,8,-4.03,206,0.76,15.94,0.88,0,0.765698,18.398633,-0.234302,0
CUST_009306,27.15,15.26,282.46,35,-11.89,184,0.07,29.38,0.88,3,0.562063,18.50983,-0.437937,1
CUST_004082,30.15,33.57,617.62,7,3.42,94,0.92,28.94,1.11,0,1.113433,18.397974,0.113433,0
CUST_005926,22.28,11.02,223.82,21,-11.27,8,0.15,20.46,0.83,1,0.494614,20.310345,-0.505835,1
CUST_000493,34.82,33.0,767.05,9,-1.82,29,0.71,34.84,1.06,0,0.947731,23.243939,-0.052269,0
CUST_001129,23.0,23.95,429.18,5,0.95,202,0.81,22.44,0.92,0,1.041304,17.919833,0.041304,0
CUST_003255,28.95,37.27,915.66,9,8.32,29,0.89,29.08,1.19,0,1.287392,24.568285,0.287392,0
CUST_005334,34.44,11.7,149.17,18,-22.74,187,0.05,29.69,0.85,0,0.339721,12.749573,-0.660279,1
CUST_001727,20.3,18.97,413.56,10,-1.34,122,0.96,18.98,0.9,0,0.934483,21.800738,-0.06601,0
CUST_002294,19.5,20.96,411.25,8,1.46,56,0.97,19.55,1.19,1,1.074872,19.620706,0.074872,0
CUST_000537,17.59,18.3,433.77,14,0.71,35,0.73,18.86,1.07,0,1.040364,23.703279,0.040364,0
CUST_001377,25.9,28.43,507.06,8,2.53,21,0.95,23.55,0.99,0,1.097683,17.835385,0.097683,0
CUST_003219,34.18,39.31,657.67,8,5.13,115,0.81,34.84,1.19,0,1.150088,16.730349,0.150088,0
CUST_001433,36.11,36.55,717.55,8,0.44,85,0.75,33.85,1.08,0,1.012185,19.632011,0.012185,0
CUST_005960,33.42,15.46,230.97,29,-17.96,215,0.02,29.66,1.16,2,0.462597,14.939845,-0.537403,1
CUST_002762,23.85,18.78,420.83,7,-5.08,72,0.95,23.61,0.82,0,0.787421,22.408413,-0.212998,0
CUST_001094,23.75,28.25,617.52,6,4.49,17,0.78,22.42,1.1,0,1.189474,21.859115,0.189053,0
CUST_004112,32.81,24.71,594.16,8,-8.1,226,0.88,31.64,0.82,0,0.753124,24.045326,-0.246876,0
CUST_003535,33.47,31.12,642.66,3,-2.35,40,0.69,33.51,0.97,0,0.929788,20.651028,-0.070212,0
CUST_008871,30.04,38.66,696.28,38,8.62,7,0.31,28.03,1.18,3,1.286951,18.010347,0.286951,1
CUST_002691,25.53,28.1,426.28,5,2.57,115,0.7,27.54,1.14,0,1.100666,15.170107,0.100666,0
CUST_002618,19.62,20.35,315.44,7,0.73,83,0.87,17.95,1.07,0,1.037207,15.500737,0.037207,0
CUST_003916,29.02,22.6,457.03,10,-6.43,15,0.97,26.55,0.81,0,0.778773,20.222566,-0.221571,0
CUST_007933,23.7,11.23,130.49,44,-12.47,7,0.15,19.23,1.18,1,0.47384,11.619768,-0.52616,1
CUST_000435,23.97,27.64,448.64,3,3.67,32,0.75,26.63,1.02,1,1.153108,16.231548,0.153108,0
CUST_006356,30.43,64.92,885.26,33,34.5,11,0.05,31.82,0.85,1,2.133421,13.636168,1.13375,1
CUST_002807,17.6,18.91,451.36,7,1.31,91,0.97,16.41,1.03,0,1.074432,23.868852,0.074432,0
CUST_004383,32.74,31.47,741.12,11,-1.27,145,0.9,31.43,0.88,0,0.96121,23.550048,-0.03879,0
CUST_000707,27.24,25.62,450.62,7,-1.62,215,0.59,26.21,0.83,0,0.940529,17.588603,-0.059471,0
CUST_000509,26.81,22.84,464.8,6,-3.96,108,0.96,27.82,0.92,0,0.851921,20.350263,-0.147706,0
CUST_001640,19.03,22.52,454.01,3,3.48,107,0.75,19.03,1.12,0,1.183395,20.160302,0.182869,0
CUST_001277,31.63,25.23,544.79,2,-6.4,64,0.9,30.51,0.85,0,0.79766,21.592945,-0.20234,0
CUST_003543,24.55,33.31,730.9,9,8.76,32,0.94,25.3,1.2,0,1.356823,21.94236,0.356823,0
CUST_005133,19.72,8.52,127.82,42,-11.2,223,0.04,16.12,1.08,1,0.432049,15.002347,-0.567951,1
CUST_003056,24.6,19.27,406.1,8,-5.33,121,0.89,23.83,0.88,0,0.783333,21.074209,-0.216667,0
CUST_002602,17.39,19.92,479.59,4,2.53,151,0.88,18.58,1.09,0,1.145486,24.075803,0.145486,0
CUST_002650,34.89,32.85,544.93,6,-2.04,194,0.95,33.64,1.0,0,0.941531,16.588432,-0.058469,0
CUST_003524,23.35,27.64,579.77,5,4.29,120,0.97,22.16,1.05,0,1.183726,20.97576,0.183726,0
CUST_004976,26.38,24.6,505.16,5,-1.78,89,0.69,24.7,1.08,0,0.932525,20.534959,-0.067475,0
CUST_006501,29.06,83.56,1792.82,27,54.5,222,0.21,29.27,1.15,1,2.87543,21.455481,1.87543,1
CUST_004624,26.29,24.63,562.08,9,-1.66,190,0.79,26.22,1.02,0,0.936858,22.82095,-0.063142,0
CUST_009825,18.44,38.95,862.68,44,20.51,154,0.02,22.87,0.84,3,2.112256,22.148395,1.112256,1
CUST_001293,19.62,26.06,431.31,5,6.44,139,0.84,21.47,1.18,0,1.328236,16.550652,0.328236,0
CUST_008839,13.85,12.63,282.2,35,-1.23,7,0.51,15.03,0.98,1,0.911913,22.343626,-0.088809,1
CUST_007469,19.55,49.82,1036.19,32,30.27,136,0.25,21.43,1.02,1,2.548338,20.798675,1.548338,1
CUST_003300,17.16,17.45,270.96,8,0.29,121,0.95,18.89,0.89,0,1.0169,15.527794,0.0169,0
CUST_002840,32.4,27.06,579.47,8,-5.34,125,0.54,34.3,0.97,0,0.835185,21.414265,-0.164815,0
CUST_003757,27.11,25.02,423.32,9,-2.09,222,0.92,29.5,0.81,0,0.922907,16.919265,-0.077093,0
CUST_002108,25.37,18.61,455.38,4,-6.76,196,0.93,25.46,0.8,0,0.733544,24.46964,-0.266456,0
CUST_001582,19.09,19.94,417.83,4,0.85,170,0.96,17.9,0.94,0,1.044526,20.954363,0.044526,0
CUST_004075,17.38,16.6,398.81,6,-0.78,161,0.81,19.11,0.83,1,0.955121,24.024699,-0.044879,0
CUST_009647,31.95,15.07,199.31,25,-16.88,4,0.11,31.12,1.18,3,0.471674,13.225614,-0.528326,1
CUST_000677,35.89,33.39,505.13,6,-2.5,145,0.93,33.83,1.04,0,0.930343,15.128182,-0.069657,0
CUST_005799,22.35,22.87,529.45,59,0.52,152,0.12,20.83,1.08,2,1.023266,23.150415,0.023266,1
CUST_009261,18.16,38.54,740.0,35,20.38,204,0.06,18.62,0.85,1,2.122247,19.20083,1.122247,1
CUST_007675,24.91,11.46,150.5,31,-13.45,5,0.04,22.05,1.15,0,0.460056,13.132635,-0.539944,1
CUST_004417,33.96,37.5,650.0,3,3.54,124,0.72,34.83,1.16,0,1.10424,17.333333,0.10424,0
CUST_009401,26.37,58.39,1052.43,25,32.03,1,0.4,28.52,0.89,1,2.214259,18.024148,1.214638,1
CUST_000393,29.62,27.26,663.29,5,-2.35,121,0.77,27.34,0.8,0,0.920324,24.331988,-0.079338,0
CUST_001247,28.06,27.1,417.42,10,-0.95,197,0.9,30.29,0.84,0,0.965788,15.402952,-0.033856,0
CUST_000256,16.95,17.72,398.99,8,0.77,194,0.89,17.61,1.07,0,1.045428,22.516366,0.045428,0
CUST_005871,29.1,31.03,663.09,36,1.93,10,0.01,28.19,1.01,1,1.066323,21.36932,0.066323,1
CUST_006189,17.27,50.36,1012.75,36,33.09,165,0.04,18.37,1.17,2,2.916039,20.110207,1.916039,1
CUST_004075,17.38,16.6,398.81,6,-0.78,161,0.81,19.11,0.83,1,0.955121,24.024699,-0.044879,0
CUST_002510,17.24,14.9,284.37,10,-2.34,125,0.99,15.92,0.87,0,0.864269,19.085235,-0.135731,0
CUST_009547,26.57,11.03,179.86,22,-15.54,230,0.3,23.0,1.04,0,0.41513,16.306437,-0.58487,1
CUST_002325,23.84,26.23,567.06,11,2.39,111,0.75,24.69,1.06,0,1.100252,21.618757,0.100252,0
CUST_004569,16.15,18.89,357.39,8,2.73,79,0.46,15.5,1.07,0,1.169659,18.919534,0.16904,0
CUST_003611,33.77,28.57,659.7,9,-5.2,67,0.99,33.31,0.87,0,0.846017,23.090655,-0.153983,0
CUST_007832,30.5,12.82,144.6,44,-17.68,11,0.06,28.14,1.05,3,0.420328,11.279251,-0.579672,1
CUST_001948,30.03,28.95,538.75,6,-1.09,78,0.83,29.37,0.88,0,0.964036,18.609672,-0.036297,0
CUST_003553,23.5,28.94,511.2,7,5.44,81,0.9,22.97,1.17,1,1.231489,17.664133,0.231489,0
CUST_003462,15.39,15.12,363.93,5,-0.27,77,0.9,15.03,0.87,0,0.982456,24.069444,-0.017544,0
CUST_009267,14.81,37.35,568.06,39,22.55,3,0.2,17.07,1.01,1,2.521945,15.209103,1.52262,1
CUST_003886,28.95,32.1,737.24,12,3.15,213,0.97,26.39,1.0,0,1.108808,22.966978,0.108808,0
CUST_006520,33.98,12.15,162.33,44,-21.83,10,0.15,29.51,0.89,3,0.357563,13.360494,-0.642437,1
CUST_001889,17.09,15.36,289.68,6,-1.73,162,0.98,18.83,1.02,0,0.898771,18.859375,-0.101229,0
CUST_007353,26.26,71.27,1502.64,21,45.01,4,0.26,29.03,1.09,2,2.714014,21.083766,1.714014,1
CUST_006823,16.05,21.39,453.6,40,5.33,11,0.04,17.26,0.94,0,1.33271,21.206171,0.332087,1
CUST_004625,28.6,29.72,464.95,9,1.13,80,0.91,26.27,1.02,0,1.039161,15.644347,0.03951,0
CUST_002102,28.44,30.27,624.53,9,1.82,119,0.65,26.87,1.2,0,1.064346,20.631979,0.063994,0
CUST_008439,27.64,29.43,523.47,27,1.78,5,0.02,27.41,1.05,1,1.064761,17.786952,0.064399,1
CUST_009207,28.0,11.76,194.19,31,-16.23,11,0.04,27.09,1.05,0,0.42,16.512755,-0.579643,1
CUST_005955,24.77,34.0,603.7,36,9.22,7,0.07,24.38,0.92,0,1.372628,17.755882,0.372224,1
CUST_003848,20.59,19.72,477.45,8,-0.87,212,0.84,20.01,0.93,0,0.957746,24.21146,-0.042254,0
CUST_000927,19.29,19.54,390.99,9,0.24,108,0.83,17.85,1.12,0,1.01296,20.009724,0.012442,0
CUST_007759,31.86,10.69,140.8,37,-21.18,3,0.26,24.76,0.84,1,0.33553,13.171188,-0.664783,1
CUST_005739,35.96,13.6,213.89,30,-22.35,1,0.23,27.91,0.95,3,0.378198,15.727206,-0.621524,1
CUST_007405,17.24,44.49,926.01,17,27.25,205,0.06,17.71,1.03,1,2.580626,20.813891,1.580626,1
CUST_001957,22.5,26.81,669.04,8,4.31,150,0.9,24.7,1.06,0,1.191556,24.954868,0.191556,0
CUST_004807,20.94,16.67,262.61,3,-4.27,92,0.79,20.21,0.87,0,0.796084,15.753449,-0.203916,0
CUST_006601,24.62,58.01,1288.01,30,33.38,10,0.01,25.0,0.94,0,2.356214,22.203241,1.355808,1
CUST_000344,32.44,37.47,574.15,5,5.03,147,0.9,32.52,1.11,0,1.155055,15.322925,0.155055,0
CUST_009200,24.1,58.77,1187.22,21,34.67,2,0.12,27.59,0.98,2,2.438589,20.201123,1.438589,1
CUST_004925,20.36,23.1,503.13,5,2.75,54,0.83,20.63,1.11,0,1.134578,21.780519,0.135069,0
CUST_000669,28.43,23.99,497.78,7,-4.44,107,0.96,30.85,0.81,0,0.843827,20.749479,-0.156173,0
CUST_002437,16.32,15.08,328.99,5,-1.23,159,0.96,16.88,0.92,0,0.92402,21.816313,-0.075368,0
CUST_003289,17.18,19.33,299.37,7,2.15,147,0.38,17.67,1.03,0,1.125146,15.487325,0.125146,0
CUST_000662,21.07,25.68,636.69,11,4.61,136,0.92,23.35,1.08,0,1.218794,24.793224,0.218794,0
CUST_007920,21.65,33.51,507.37,16,11.86,180,0.11,21.86,1.18,3,1.547806,15.140853,0.547806,1
CUST_006255,31.25,52.71,954.98,40,21.45,142,0.01,34.45,1.12,2,1.68672,18.117625,0.6864,1
CUST_008721,25.56,21.4,340.28,25,-4.17,10,0.03,25.9,0.81,1,0.837246,15.900935,-0.163146,1
CUST_001515,28.22,37.19,782.47,7,8.97,118,0.75,26.09,1.18,0,1.31786,21.039796,0.31786,0
CUST_004693,34.13,34.67,727.28,6,0.54,74,0.74,32.08,1.18,0,1.015822,20.977214,0.015822,0
CUST_000736,32.47,29.83,664.16,7,-2.64,141,0.98,30.23,1.08,0,0.918694,22.264834,-0.081306,0
CUST_000304,14.58,16.44,288.37,4,1.86,130,0.94,15.16,1.0,0,1.127572,17.540754,0.127572,0
CUST_007606,19.78,43.41,617.01,41,23.63,181,0.23,23.45,0.88,1,2.194641,14.213545,1.194641,1
CUST_001800,19.11,16.12,349.55,7,-2.99,116,0.97,20.33,0.96,0,0.843537,21.684243,-0.156463,0
CUST_006404,20.9,53.63,1161.04,36,32.73,5,0.04,22.81,1.03,3,2.566029,21.649077,1.566029,1
CUST_001513,21.24,22.56,396.61,5,1.32,28,0.82,19.42,0.95,0,1.062147,17.58023,0.062147,0
CUST_001317,22.19,19.14,453.43,5,-3.05,58,0.8,21.75,1.01,0,0.862551,23.690178,-0.137449,0
CUST_001801,26.41,21.9,481.82,11,-4.52,39,0.59,24.46,0.92,0,0.829231,22.000913,-0.171147,0
CUST_001787,27.45,19.77,434.76,11,-7.68,63,1.0,26.69,0.84,0,0.720219,21.990895,-0.279781,0
CUST_005658,26.65,75.21,1337.47,31,48.57,152,0.02,27.2,1.13,3,2.822139,17.783141,1.822514,1
CUST_006963,30.53,84.82,1479.71,29,54.29,205,0.02,34.1,1.11,1,2.778251,17.445296,1.778251,1
CUST_005022,32.82,34.84,739.37,34,2.03,3,0.23,30.39,1.0,0,1.061548,21.221871,0.061853,1
CUST_003310,24.07,25.64,540.33,9,1.58,156,0.83,23.83,0.96,0,1.065226,21.073713,0.065642,0
CUST_005518,19.06,53.7,920.53,32,34.64,189,0.2,20.45,1.13,0,2.817419,17.142086,1.817419,1
CUST_009788,31.34,29.11,564.35,49,-2.24,8,0.42,33.68,0.91,1,0.928845,19.386809,-0.071474,1
CUST_007909,18.68,53.13,948.27,20,34.45,4,0.02,22.44,1.14,1,2.844218,17.848108,1.844218,1
CUST_007132,27.17,19.57,401.71,36,-7.6,2,0.05,25.18,1.04,1,0.72028,20.526827,-0.27972,1
CUST_007978,25.63,11.81,179.42,34,-13.82,122,0.07,20.18,1.15,1,0.460788,15.19221,-0.539212,1
CUST_003900,23.02,23.66,550.4,5,0.64,222,0.88,22.81,1.08,0,1.027802,23.262891,0.027802,0
CUST_002096,24.79,31.71,701.36,5,6.92,54,0.99,24.89,1.12,0,1.279145,22.117944,0.279145,0
CUST_003171,21.76,27.81,623.41,9,6.05,223,0.62,21.29,1.14,0,1.278033,22.416757,0.278033,0
CUST_009439,30.54,31.09,659.42,55,0.55,5,0.43,32.26,0.98,2,1.018009,21.210035,0.018009,1
CUST_004086,19.7,16.21,307.71,2,-3.48,144,0.84,18.34,0.88,0,0.822843,18.982727,-0.17665,0
CUST_008778,16.1,16.61,321.16,26,0.51,5,0.1,16.7,0.95,1,1.031677,19.33534,0.031677,1
CUST_000077,30.93,24.58,611.23,11,-6.35,21,0.67,28.39,0.86,0,0.794698,24.866965,-0.205302,0
CUST_009047,19.74,50.67,846.42,23,30.93,196,0.14,23.9,1.03,1,2.566869,16.704559,1.566869,1
CUST_001278,18.14,21.4,375.54,7,3.27,139,0.9,18.26,1.11,0,1.179713,17.548598,0.180265,0
CUST_002550,28.99,38.04,796.73,2,9.05,55,0.78,27.68,1.18,1,1.312177,20.944532,0.312177,0
CUST_006240,23.48,67.88,1067.7,38,44.4,7,0.19,25.19,1.16,0,2.890971,15.729228,1.890971,1
CUST_001754,15.8,13.95,214.26,5,-1.85,205,0.88,16.73,0.81,0,0.882911,15.35914,-0.117089,0
CUST_002506,18.25,17.01,304.54,9,-1.24,36,0.79,19.89,0.84,0,0.932055,17.903586,-0.067945,0
CUST_003621,31.64,31.93,748.73,5,0.29,144,0.91,33.81,0.92,0,1.009166,23.449107,0.009166,0
CUST_003360,17.44,20.65,402.56,5,3.21,114,0.98,17.94,1.07,0,1.18406,19.494431,0.18406,0
CUST_003277,32.21,29.16,545.83,8,-3.06,222,0.8,33.6,0.84,0,0.905309,18.71845,-0.095002,0
CUST_001285,18.04,15.74,326.56,5,-2.29,138,1.0,19.43,0.95,0,0.872506,20.747141,-0.12694,0
CUST_008467,33.0,12.8,208.28,18,-20.2,1,0.12,29.09,0.97,3,0.387879,16.271875,-0.612121,1
CUST_004860,18.49,16.95,409.44,10,-1.54,215,0.93,17.61,1.04,0,0.916712,24.155752,-0.083288,0
CUST_002246,30.61,38.99,636.66,8,8.38,195,0.91,33.37,1.18,0,1.273767,16.328802,0.273767,0
CUST_009012,21.89,21.11,467.26,49,-0.78,7,0.31,20.83,1.04,0,0.964367,22.134533,-0.035633,1
CUST_003471,34.18,36.17,574.71,9,1.98,27,0.93,32.34,0.96,0,1.058221,15.889135,0.057929,0
CUST_006898,19.41,42.42,590.2,17,23.01,3,0.03,23.71,0.87,2,2.185471,13.913248,1.185471,1
CUST_003721,24.82,26.85,441.78,3,2.03,61,0.48,27.22,1.12,0,1.081789,16.453631,0.081789,0
CUST_000280,24.14,26.37,451.43,6,2.23,128,0.98,22.87,0.99,0,1.092378,17.119075,0.092378,0
CUST_006598,25.62,24.6,577.23,44,-1.02,8,0.14,24.89,1.2,1,0.960187,23.464634,-0.039813,1
CUST_006388,20.88,48.4,1159.34,26,27.51,1,0.45,20.59,1.18,1,2.318008,23.953306,1.317529,1
CUST_001546,27.37,28.22,435.52,6,0.85,51,0.98,29.32,1.06,0,1.031056,15.433026,0.031056,0
CUST_008271,12.8,31.55,701.53,26,18.76,9,0.0,15.95,0.99,0,2.464844,22.235499,1.465625,1
CUST_002650,34.89,32.85,544.93,6,-2.04,194,0.95,33.64,1.0,0,0.941531,16.588432,-0.058469,0
CUST_005381,34.49,40.5,616.33,33,6.01,5,0.12,32.91,0.94,0,1.174253,15.218025,0.174253,1
CUST_008261,19.84,36.94,715.86,22,17.1,8,0.01,18.4,0.94,0,1.861895,19.378993,0.861895,1
CUST_006763,22.32,59.25,1219.08,42,36.93,140,0.32,25.36,1.06,2,2.65457,20.57519,1.65457,1
CUST_005230,33.86,15.66,218.17,15,-18.2,201,0.06,26.48,1.16,1,0.462493,13.931673,-0.537507,1
CUST_002140,33.76,37.65,619.1,5,3.9,62,0.89,34.18,1.08,0,1.115225,16.443559,0.115521,0
CUST_005543,22.51,32.92,780.46,43,10.41,4,0.17,20.57,0.99,2,1.462461,23.707776,0.462461,1
CUST_009693,31.05,85.17,1882.58,22,54.12,8,0.04,33.5,1.1,1,2.742995,22.103792,1.742995,1
CUST_004263,26.41,17.99,447.3,8,-8.42,100,0.86,28.13,0.8,0,0.681181,24.863813,-0.318819,0
CUST_007102,32.69,94.94,1500.02,26,62.25,225,0.01,33.7,1.16,1,2.904252,15.799663,1.904252,1
CUST_003967,28.22,24.3,513.0,5,-3.92,46,0.71,25.69,0.97,0,0.861091,21.111111,-0.138909,0
CUST_001835,29.18,26.59,480.03,10,-2.59,239,0.97,31.37,1.01,0,0.911241,18.053027,-0.088759,0
CUST_002817,31.2,23.52,405.96,3,-7.68,229,0.95,31.74,0.87,0,0.753846,17.260204,-0.246154,0
CUST_005750,22.83,7.49,102.86,15,-15.34,5,0.02,22.82,0.82,0,0.328077,13.732977,-0.671923,1
CUST_006580,21.15,8.74,147.32,33,-12.41,231,0.14,18.63,1.03,2,0.413239,16.855835,-0.586761,1
CUST_001256,26.38,29.4,696.91,7,3.03,235,0.86,28.19,1.09,0,1.114481,23.704422,0.11486,0
CUST_009617,29.64,63.05,999.43,31,33.41,8,0.08,32.17,0.85,0,2.127193,15.851388,1.127193,1
CUST_003012,19.19,17.2,397.5,8,-1.99,55,0.83,19.53,0.81,0,0.8963,23.110465,-0.1037,0
CUST_009681,33.52,74.27,1807.53,24,40.75,1,0.1,32.1,1.03,1,2.215692,24.337283,1.215692,1
CUST_007865,18.79,20.41,419.5,36,1.62,234,0.06,17.74,1.14,0,1.086216,20.55365,0.086216,1
CUST_003677,21.6,17.34,347.63,6,-4.26,128,0.98,20.26,0.84,0,0.802778,20.047866,-0.197222,0
CUST_000418,27.46,19.71,362.0,9,-7.75,63,0.93,28.35,0.81,0,0.717771,18.366312,-0.282229,0
CUST_008257,30.78,47.82,813.21,41,17.04,1,0.18,28.59,1.08,2,1.553606,17.005646,0.553606,1
CUST_002453,17.62,18.1,371.76,4,0.48,169,0.99,16.62,1.11,0,1.027242,20.539227,0.027242,0
CUST_009243,20.39,42.78,742.78,43,22.39,179,0.18,24.06,0.84,3,2.098087,17.362786,1.098087,1
CUST_002310,33.24,37.44,583.0,8,4.21,229,0.96,32.7,1.11,0,1.126354,15.571581,0.126655,0
CUST_002330,30.11,33.31,672.56,9,3.2,209,0.94,28.38,1.03,0,1.106277,20.190934,0.106277,0
CUST_009257,23.85,9.71,151.37,37,-14.15,235,0.16,21.4,1.02,3,0.407128,15.589083,-0.593291,1
CUST_008696,32.57,24.86,569.81,56,-7.71,2,0.32,30.06,0.81,0,0.763279,22.920756,-0.236721,1
CUST_004684,28.1,29.52,701.19,10,1.42,137,0.94,26.15,1.15,0,1.050534,23.753049,0.050534,0
CUST_000049,29.08,29.36,470.94,4,0.27,222,0.98,27.88,0.96,0,1.009629,16.040191,0.009285,0
CUST_005298,20.51,18.1,386.84,47,-2.41,4,0.19,20.19,0.98,1,0.882496,21.372376,-0.117504,1
CUST_004691,35.37,36.46,877.86,7,1.09,46,0.77,33.08,1.0,0,1.030817,24.077345,0.030817,0
CUST_008649,23.67,52.46,795.1,32,28.79,164,0.05,26.46,0.89,2,2.216308,15.15631,1.216308,1
CUST_005679,21.66,10.35,109.6,38,-11.32,9,0.39,21.17,1.19,1,0.477839,10.589372,-0.522622,1
CUST_008872,19.57,9.38,110.55,30,-10.19,152,0.2,17.83,1.2,1,0.479305,11.785714,-0.520695,1
CUST_002415,32.1,30.23,591.83,6,-1.87,66,0.88,32.91,1.01,0,0.941745,19.577572,-0.058255,0
CUST_002180,34.87,35.43,663.14,8,0.56,115,0.76,32.02,0.95,1,1.01606,18.716907,0.01606,0
CUST_000314,29.42,30.94,651.6,5,1.53,193,0.86,29.74,1.0,0,1.051666,21.060116,0.052005,0
CUST_004817,29.84,28.47,564.13,4,-1.37,77,0.92,27.45,0.87,0,0.954088,19.814893,-0.045912,0
CUST_003958,24.38,21.2,390.36,10,-3.18,186,0.81,23.03,0.86,0,0.869565,18.413208,-0.130435,0
CUST_001459,19.4,20.68,336.06,7,1.28,46,0.9,21.53,1.14,0,1.065979,16.250484,0.065979,0
CUST_000974,31.03,30.13,531.96,3,-0.91,154,0.84,29.0,0.86,0,0.970996,17.655493,-0.029326,0
CUST_001959,23.94,26.4,500.86,5,2.45,94,0.59,23.0,1.12,0,1.102757,18.97197,0.102339,0
CUST_007412,30.18,13.92,192.5,36,-16.26,193,0.03,27.88,1.15,1,0.461233,13.829023,-0.538767,1
CUST_004045,18.45,17.6,307.39,4,-0.85,55,0.86,18.04,0.93,0,0.95393,17.465341,-0.04607,0
CUST_004709,22.56,22.35,534.96,6,-0.21,136,0.87,23.56,1.03,0,0.990691,23.93557,-0.009309,0
CUST_006656,24.78,61.39,1327.0,36,36.62,214,0.1,27.96,0.99,1,2.477401,21.615898,1.477805,1
CUST_007449,17.02,25.59,474.06,24,8.57,191,0.03,16.06,1.01,3,1.503525,18.525205,0.503525,1
CUST_006130,14.91,29.24,701.1,22,14.33,3,0.17,15.51,1.06,0,1.9611,23.977428,0.9611,1
CUST_004954,22.55,19.61,456.89,6,-2.95,205,0.69,21.93,1.01,0,0.869623,23.298827,-0.13082,0
CUST_006998,28.79,67.35,1184.36,18,38.55,1,0.03,32.62,0.94,1,2.339354,17.585152,1.339007,1
CUST_005296,24.07,53.46,899.92,43,29.39,148,0.21,27.65,0.89,1,2.221022,16.83352,1.221022,1
CUST_008437,16.3,33.55,670.97,37,17.24,4,0.09,19.23,0.82,2,2.058282,19.999106,1.057669,1
CUST_006166,14.86,38.84,667.33,36,23.98,2,0.01,17.51,1.05,3,2.613728,17.181514,1.613728,1
CUST_003446,36.57,37.94,787.81,16,1.36,55,0.96,34.84,1.18,0,1.037462,20.764628,0.037189,0
CUST_000926,23.21,18.93,358.87,8,-4.28,231,0.9,21.48,0.82,0,0.815597,18.957739,-0.184403,0
CUST_009796,23.85,48.63,1063.77,20,24.78,178,0.23,24.11,0.82,1,2.038994,21.874769,1.038994,1
CUST_000888,32.33,41.1,765.03,7,8.77,216,0.96,30.44,1.18,0,1.271265,18.613869,0.271265,0
CUST_001916,34.04,29.99,629.19,4,-4.05,138,0.47,31.96,0.92,0,0.881022,20.979993,-0.118978,0
CUST_005533,15.82,19.0,360.09,29,3.18,3,0.11,17.0,1.14,2,1.201011,18.952105,0.201011,1
CUST_006614,22.11,9.13,134.78,44,-12.98,124,0.24,20.52,1.03,1,0.412935,14.762322,-0.587065,1
CUST_007343,16.0,37.16,527.4,25,21.16,8,0.22,19.51,0.93,1,2.3225,14.19268,1.3225,1
CUST_008368,26.19,32.3,693.79,41,6.11,4,0.02,23.9,1.12,3,1.233295,21.479567,0.233295,1
CUST_002202,34.23,41.12,953.27,10,6.89,190,0.82,33.61,1.12,0,1.201285,23.182636,0.201285,0
CUST_005830,20.23,7.75,100.0,19,-12.47,8,0.06,19.58,0.96,1,0.383094,12.903226,-0.616411,1
CUST_000643,25.61,23.24,536.36,12,-2.37,127,0.86,23.48,1.0,0,0.907458,23.079174,-0.092542,0
CUST_006157,17.31,47.34,838.41,41,30.04,227,0.22,20.32,1.09,3,2.734835,17.710393,1.735413,1
CUST_000358,27.66,30.73,588.01,10,3.07,137,0.98,27.97,1.09,0,1.110991,19.134722,0.110991,0
CUST_002693,31.71,33.89,548.15,12,2.18,41,0.93,34.0,0.94,0,1.068748,16.174388,0.068748,0
CUST_001885,21.22,21.8,390.17,4,0.58,111,0.97,21.55,0.97,0,1.027333,17.897706,0.027333,0
CUST_000093,22.89,18.84,403.25,8,-4.05,191,0.89,25.05,0.96,0,0.823067,21.403928,-0.176933,0
CUST_000963,20.2,18.36,416.42,6,-1.83,27,0.97,19.0,1.02,0,0.908911,22.680828,-0.090594,0
CUST_006200,33.37,87.96,1514.72,38,54.59,9,0.29,34.23,1.05,2,2.635901,17.220555,1.635901,1
CUST_000694,23.09,27.19,535.13,11,4.09,66,0.6,25.14,1.14,0,1.177566,19.681133,0.177133,0
CUST_006948,21.9,10.09,145.54,33,-11.82,10,0.26,21.19,1.15,1,0.460731,14.424182,-0.539726,1
CUST_008370,33.71,12.82,222.89,15,-20.89,238,0.16,31.53,0.95,0,0.380303,17.386115,-0.619697,1
CUST_002564,20.68,23.69,559.06,4,3.0,184,0.9,22.55,1.03,0,1.145551,23.598987,0.145068,0
CUST_003292,21.11,17.97,442.58,6,-3.15,36,0.98,23.18,0.97,0,0.851255,24.628826,-0.149218,0
CUST_006350,21.28,7.59,131.0,41,-13.69,7,0.0,17.0,0.89,1,0.356673,17.259552,-0.643327,1
CUST_005006,17.84,45.23,917.12,31,27.39,134,0.16,17.85,1.01,1,2.535314,20.276807,1.535314,1
CUST_006057,32.38,81.21,1535.3,35,48.83,227,0.09,33.64,1.0,1,2.50803,18.905307,1.50803,1
CUST_000282,27.49,32.22,742.63,10,4.73,12,0.52,26.29,1.04,0,1.172063,23.048727,0.172063,0
CUST_000892,16.36,17.78,425.81,10,1.42,107,0.78,17.21,0.98,0,1.086797,23.948819,0.086797,0
CUST_006073,17.43,45.65,830.25,30,28.22,146,0.54,18.4,1.05,3,2.619048,18.187295,1.619048,1
CUST_003511,16.12,16.92,336.15,10,0.8,186,0.98,17.77,1.17,0,1.049628,19.867021,0.049628,0
CUST_000141,31.56,36.2,571.18,10,4.64,174,0.9,34.96,1.07,0,1.147022,15.778453,0.147022,0
CUST_005438,15.68,7.19,100.0,41,-8.49,4,0.25,15.4,1.15,0,0.458546,13.908206,-0.541454,1
CUST_004914,18.5,23.25,367.21,10,4.75,86,0.43,18.4,1.18,0,1.256757,15.793978,0.256757,0
CUST_009475,25.84,65.73,948.55,34,39.89,4,0.55,31.45,1.02,1,2.543731,14.431006,1.543731,1
CUST_000810,29.01,27.06,667.94,9,-1.95,216,0.94,26.76,0.89,0,0.932782,24.683666,-0.067218,0
CUST_006159,35.88,17.11,235.19,38,-18.77,2,0.11,31.84,1.19,1,0.476867,13.745763,-0.523133,1
CUST_008888,16.38,26.19,505.32,41,9.82,2,0.07,15.74,1.16,1,1.598901,19.294387,0.599512,1
CUST_001518,15.01,14.76,330.06,5,-0.25,194,0.67,15.78,1.01,0,0.983344,22.361789,-0.016656,0
CUST_007065,22.19,7.5,100.71,31,-14.69,145,0.12,17.41,0.84,0,0.33799,13.428,-0.66201,1
CUST_003320,34.7,30.45,608.89,4,-4.25,140,0.88,33.99,0.99,0,0.877522,19.996388,-0.122478,0
CUST_007640,22.58,52.67,1088.15,32,30.08,2,0.01,22.86,0.93,0,2.332595,20.659768,1.332152,1
CUST_008860,32.47,14.85,185.87,40,-17.61,136,0.65,25.98,1.14,1,0.457345,12.516498,-0.542347,1
CUST_001909,19.68,24.43,444.38,8,4.74,147,0.97,21.13,1.14,1,1.241362,18.18993,0.240854,0
CUST_003153,25.84,24.25,585.21,14,-1.58,158,0.89,24.06,0.95,0,0.938467,24.132371,-0.061146,0
CUST_001943,28.48,30.9,587.59,3,2.42,42,0.94,30.05,1.1,0,1.084972,19.015858,0.084972,0
CUST_002495,24.43,26.14,444.42,6,1.7,60,0.73,22.67,1.19,0,1.069996,17.00153,0.069587,0
CUST_006359,29.37,36.1,605.66,58,6.73,6,0.29,32.05,1.12,1,1.229145,16.777285,0.229145,1
CUST_002687,34.97,32.94,527.48,7,-2.03,89,0.89,31.98,0.88,0,0.94195,16.013358,-0.05805,0
CUST_006285,21.56,33.62,793.98,44,12.06,8,0.06,23.78,0.92,0,1.559369,23.6163,0.559369,1
CUST_005191,23.12,22.74,341.8,29,-0.38,11,0.04,25.05,0.95,2,0.983564,15.030783,-0.016436,1
CUST_003816,29.45,27.6,521.53,8,-1.85,117,1.0,30.81,0.88,0,0.937182,18.896014,-0.062818,0
CUST_004617,19.26,15.22,377.09,9,-4.04,107,0.68,19.42,0.9,0,0.790239,24.775953,-0.209761,0
CUST_003073,17.6,16.18,288.88,9,-1.42,193,0.87,18.38,0.99,0,0.919318,17.854141,-0.080682,0
CUST_004672,19.15,13.84,286.84,5,-5.31,194,0.6,20.11,0.82,0,0.722715,20.725434,-0.277285,0
CUST_004611,36.08,35.56,557.19,7,-0.52,126,0.82,32.93,1.08,0,0.985588,15.66901,-0.014412,0
CUST_004082,30.15,33.57,617.62,7,3.42,94,0.92,28.94,1.11,0,1.113433,18.397974,0.113433,0
CUST_007547,20.66,9.11,156.85,18,-11.55,196,0.09,17.88,1.1,1,0.440949,17.217344,-0.559051,1
CUST_002032,32.75,26.23,453.73,3,-6.52,194,0.96,32.73,0.84,0,0.800916,17.298132,-0.199084,0
CUST_003510,16.93,15.12,256.11,11,-1.81,225,0.92,16.26,0.98,0,0.893089,16.938492,-0.106911,0
CUST_000385,31.94,28.19,664.94,7,-3.75,110,0.86,32.09,0.8,0,0.882592,23.587797,-0.117408,0
CUST_007943,22.31,24.76,384.75,54,2.44,121,0.0,23.72,1.12,2,1.109816,15.539176,0.109368,1
CUST_007406,27.86,78.09,1541.04,30,50.23,182,0.07,32.07,1.12,1,2.802943,19.734153,1.802943,1
CUST_007700,30.67,12.6,219.71,29,-18.08,7,0.17,24.84,1.03,1,0.410825,17.437302,-0.589501,1
CUST_000981,16.59,15.06,317.44,4,-1.53,174,0.91,15.91,0.94,0,0.907776,21.078353,-0.092224,0
CUST_003113,20.13,22.76,537.23,5,2.62,186,0.74,21.88,1.2,0,1.130651,23.60413,0.130154,0
CUST_004939,28.66,20.01,471.77,4,-8.65,79,0.8,26.84,0.81,0,0.698186,23.576712,-0.301814,0
CUST_009836,28.31,45.48,856.36,15,17.17,3,0.62,29.33,0.88,3,1.606499,18.829376,0.606499,1
CUST_003171,21.76,27.81,623.41,9,6.05,223,0.62,21.29,1.14,0,1.278033,22.416757,0.278033,0
CUST_009860,26.98,61.33,948.21,24,34.36,234,0.05,33.37,0.91,1,2.273165,15.460786,1.273536,1
CUST_004190,26.61,23.14,548.36,5,-3.48,74,0.9,25.66,1.0,0,0.869598,23.697494,-0.130778,0
CUST_001728,28.82,22.95,455.78,5,-5.87,224,0.83,31.41,0.91,0,0.796322,19.859695,-0.203678,0
CUST_006108,26.93,59.7,1296.3,16,32.77,7,0.33,27.79,0.89,3,2.216859,21.713568,1.216859,1
CUST_006555,18.99,54.82,756.84,35,35.83,203,0.03,19.14,1.15,1,2.886783,13.80591,1.886783,1
CUST_006511,23.81,22.89,485.76,48,-0.92,1,0.13,25.76,0.92,1,0.961361,21.221494,-0.038639,1
CUST_002603,21.76,19.89,456.17,7,-1.87,157,0.65,20.63,1.0,0,0.914062,22.934641,-0.085937,0
CUST_002803,22.81,21.49,396.93,8,-1.32,146,0.74,24.8,0.99,0,0.942131,18.470451,-0.057869,0
CUST_004401,31.39,32.86,532.38,10,1.47,106,0.86,31.64,1.08,0,1.04683,16.201461,0.04683,0
CUST_004785,36.65,30.52,674.91,7,-6.13,77,0.65,33.55,0.88,1,0.832742,22.113696,-0.167258,0
CUST_002051,24.61,21.31,396.53,5,-3.3,142,0.6,25.06,0.92,0,0.865908,18.607696,-0.134092,0
CUST_003322,17.62,18.32,457.65,12,0.71,55,0.74,19.33,0.98,0,1.039728,24.980895,0.040295,0
CUST_004780,26.89,28.3,458.82,3,1.41,138,0.3,26.71,0.98,0,1.052436,16.212721,0.052436,0
CUST_005516,31.21,10.33,109.71,33,-20.87,3,0.06,24.88,0.83,0,0.330984,10.620523,-0.668696,1
CUST_002259,23.26,25.78,544.63,9,2.52,12,0.76,25.03,1.04,0,1.10834,21.126067,0.10834,0
CUST_004315,31.2,37.83,893.7,7,6.63,185,0.9,31.57,1.06,0,1.2125,23.624108,0.2125,0
CUST_004301,25.42,26.58,445.95,9,1.16,140,0.89,26.61,0.98,0,1.045633,16.777652,0.045633,0
CUST_007436,23.76,53.3,978.5,30,29.54,1,0.06,29.39,0.9,1,2.243266,18.358349,1.243266,1
CUST_008731,24.89,62.63,1374.05,35,37.74,213,0.06,29.64,1.01,1,2.516272,21.939167,1.516272,1
CUST_001762,22.46,30.17,523.72,5,7.7,145,0.93,24.15,1.17,0,1.343277,17.358966,0.342832,0
CUST_004356,21.68,18.78,446.7,11,-2.9,58,0.83,21.3,0.82,0,0.866236,23.785942,-0.133764,0
CUST_004940,15.45,13.19,272.81,11,-2.26,162,0.63,16.13,0.89,0,0.853722,20.683093,-0.146278,0
CUST_001213,18.37,17.9,361.62,9,-0.47,144,0.88,18.91,0.95,1,0.974415,20.202235,-0.025585,0
CUST_009055,24.47,50.47,1022.05,26,26.01,11,0.01,29.57,0.83,1,2.062526,20.250644,1.062934,1
CUST_006790,35.14,11.59,149.19,29,-23.55,127,0.14,34.75,0.82,1,0.329824,12.872304,-0.670176,1
CUST_000256,16.95,17.72,398.99,8,0.77,194,0.89,17.61,1.07,0,1.045428,22.516366,0.045428,0
CUST_002891,23.03,21.42,348.27,5,-1.61,23,0.91,24.71,1.01,0,0.930091,16.259104,-0.069909,0
CUST_008535,26.35,22.88,452.63,34,-3.47,7,0.11,29.01,0.91,0,0.868311,19.78278,-0.131689,1
CUST_007334,29.63,61.63,1378.71,27,32.0,9,0.3,30.69,0.83,1,2.079987,22.370761,1.079987,1
CUST_009145,26.56,59.18,991.78,40,32.62,9,0.29,32.15,0.89,0,2.228163,16.758702,1.228163,1
CUST_001827,15.51,16.85,292.58,5,1.34,235,0.82,16.98,1.04,0,1.086396,17.363798,0.086396,0
CUST_002899,25.04,28.95,627.13,7,3.91,168,0.65,23.33,1.15,0,1.15615,21.662522,0.15615,0
CUST_008217,17.31,15.02,275.84,24,-2.29,174,0.01,16.84,0.9,3,0.867707,18.364847,-0.132293,1
CUST_009624,25.18,61.12,1462.4,16,35.94,204,0.62,26.84,0.83,0,2.427323,23.926702,1.427323,1
CUST_002828,27.57,26.57,590.28,6,-1.01,214,0.88,26.71,1.12,0,0.963729,22.216033,-0.036634,0
CUST_003815,35.88,38.64,657.38,5,2.76,29,0.97,33.54,1.08,0,1.076923,17.01294,0.076923,0
CUST_003244,28.54,26.0,407.89,3,-2.54,36,0.97,27.45,0.92,0,0.911002,15.688077,-0.088998,0
CUST_008282,19.59,41.88,765.37,39,22.29,124,0.18,19.63,0.86,1,2.137825,18.27531,1.137825,1
CUST_001411,34.49,34.03,832.44,4,-0.45,134,0.72,34.36,1.08,0,0.986663,24.461945,-0.013047,0
CUST_002666,17.38,16.06,330.81,5,-1.32,63,0.91,16.64,0.88,0,0.924051,20.598381,-0.075949,0
CUST_007791,20.49,16.79,258.89,40,-3.69,8,0.0,22.22,0.96,2,0.819424,15.419297,-0.180088,1
CUST_000903,36.03,36.82,797.0,10,0.79,156,0.66,34.06,0.9,0,1.021926,21.645845,0.021926,0
CUST_001987,30.43,36.57,902.67,12,6.14,206,0.95,31.26,1.05,0,1.201775,24.683347,0.201775,0
CUST_006192,24.31,27.14,571.87,44,2.83,4,0.42,26.49,1.17,0,1.116413,21.071113,0.116413,1
CUST_004980,32.91,30.47,712.99,6,-2.44,35,0.47,32.27,0.9,0,0.925858,23.399737,-0.074142,0
CUST_006815,22.94,56.74,1322.85,33,33.81,195,0.31,21.12,0.95,1,2.473409,23.31424,1.473845,1
CUST_002704,26.19,25.88,597.33,5,-0.32,38,0.99,26.43,0.96,0,0.988163,23.080757,-0.012218,0
CUST_000525,16.43,18.42,304.18,3,2.0,129,0.66,17.97,0.98,0,1.12112,16.513572,0.121729,0
CUST_005449,22.15,47.19,831.11,28,25.04,206,0.2,24.18,1.1,0,2.130474,17.611994,1.130474,1
CUST_003434,19.76,16.0,301.13,8,-3.76,97,0.55,19.43,0.86,0,0.809717,18.820625,-0.190283,0
CUST_007765,25.29,31.16,524.95,20,5.86,6,0.14,25.16,0.93,2,1.232108,16.846919,0.231712,1
CUST_002203,20.94,26.45,465.17,13,5.51,94,0.93,19.58,1.19,0,1.263133,17.586767,0.263133,0
CUST_004550,21.2,18.92,323.85,9,-2.28,24,0.86,23.19,0.81,0,0.892453,17.116808,-0.107547,0
CUST_004874,21.23,18.08,415.69,5,-3.15,56,0.95,19.38,0.81,0,0.851625,22.991704,-0.148375,0
CUST_005878,17.13,49.31,714.46,21,32.18,148,0.0,18.12,1.15,0,2.878576,14.48915,1.878576,1
CUST_005324,22.62,51.28,806.9,27,28.66,7,0.06,28.04,0.91,2,2.26702,15.735179,1.26702,1
CUST_005951,18.04,7.65,100.0,33,-10.39,10,0.11,16.54,1.06,1,0.424058,13.071895,-0.575942,1
CUST_001857,19.27,16.53,393.73,2,-2.74,156,0.98,20.9,0.84,0,0.85781,23.819117,-0.14219,0
CUST_003481,25.97,27.21,566.46,10,1.24,224,0.72,24.46,1.04,0,1.047747,20.818082,0.047747,0
CUST_001666,30.69,25.9,440.34,6,-4.8,117,0.75,28.27,0.97,0,0.843923,17.001544,-0.156403,0
CUST_006612,18.06,10.71,191.38,36,-7.35,5,0.21,19.72,0.9,2,0.593023,17.869281,-0.406977,1
CUST_002441,31.67,32.63,574.75,8,0.96,237,0.56,34.03,1.04,0,1.030313,17.614159,0.030313,0
CUST_005558,36.52,58.59,996.39,25,22.07,5,0.07,33.81,0.88,0,1.604326,17.006144,0.604326,1
CUST_004585,32.24,29.4,632.12,7,-2.84,30,0.71,32.62,0.98,0,0.911911,21.50068,-0.088089,0
CUST_000450,30.82,28.79,701.93,6,-2.03,211,0.84,29.22,0.98,0,0.934134,24.381035,-0.065866,0
CUST_003284,29.88,24.08,475.93,8,-5.8,226,0.99,32.69,0.81,0,0.80589,19.764535,-0.19411,0
CUST_009208,36.01,12.86,171.04,19,-23.15,9,0.09,28.03,0.89,1,0.357123,13.300156,-0.642877,1
CUST_003508,18.23,14.97,302.57,12,-3.25,19,0.8,19.68,0.82,0,0.821174,20.211757,-0.178278,0
CUST_009970,23.56,67.34,1502.89,28,43.78,6,0.32,25.86,1.14,1,2.858234,22.317939,1.858234,1
CUST_000431,26.65,23.29,428.96,8,-3.36,38,0.95,28.91,0.86,0,0.873921,18.418205,-0.126079,0
CUST_000017,28.7,27.36,673.7,6,-1.34,119,0.82,27.46,0.83,0,0.95331,24.623538,-0.04669,0
CUST_001313,29.0,22.81,562.89,6,-6.19,208,0.78,26.72,0.9,0,0.786552,24.677335,-0.213448,0
CUST_001788,32.63,37.55,859.06,6,4.92,186,0.51,31.83,1.18,0,1.150781,22.877763,0.150781,0
CUST_002460,23.98,28.23,433.76,10,4.25,150,0.97,23.7,1.07,0,1.177231,15.365214,0.177231,0
CUST_002348,17.49,15.72,358.75,5,-1.77,66,0.74,17.0,0.99,0,0.898799,22.821247,-0.101201,0
CUST_007105,24.72,53.62,876.67,35,28.9,157,0.24,27.38,0.87,1,2.169094,16.349683,1.169094,1
CUST_000203,24.72,22.33,346.06,3,-2.38,119,0.92,25.03,0.82,0,0.903317,15.497537,-0.096278,0
CUST_004767,25.05,23.9,590.95,4,-1.16,27,0.9,24.59,0.91,0,0.954092,24.725941,-0.046307,0
CUST_007664,17.06,6.67,146.96,33,-10.39,182,0.16,18.09,0.95,1,0.390973,22.032984,-0.609027,1
CUST_006710,15.01,16.85,326.65,36,1.84,8,0.01,15.26,1.19,2,1.122585,19.385757,0.122585,1
CUST_003327,15.09,12.85,229.34,3,-2.24,231,0.89,16.49,0.98,0,0.851557,17.847471,-0.148443,0
CUST_004860,18.49,16.95,409.44,10,-1.54,215,0.93,17.61,1.04,0,0.916712,24.155752,-0.083288,0
CUST_002213,22.03,27.42,462.07,5,5.39,194,0.71,20.66,1.17,0,1.244666,16.851568,0.244666,0
CUST_002744,30.43,25.07,572.16,3,-5.35,210,0.77,32.36,0.93,0,0.823858,22.822497,-0.175813,0
CUST_003140,19.67,22.17,344.01,6,2.5,85,0.77,19.01,1.03,0,1.127097,15.516915,0.127097,0
CUST_000863,16.95,16.14,353.54,6,-0.81,68,0.96,16.46,1.04,0,0.952212,21.904585,-0.047788,0
CUST_005058,41.79,18.73,254.1,18,-23.06,8,0.01,34.37,1.12,1,0.448193,13.566471,-0.551807,1
CUST_002462,18.4,16.82,332.47,9,-1.58,156,0.86,18.63,0.91,0,0.91413,19.76635,-0.08587,0
CUST_009089,22.31,48.42,933.75,19,26.11,2,0.09,25.55,0.87,2,2.170327,19.284387,1.170327,1
CUST_007272,17.86,46.63,911.24,33,28.77,2,0.35,21.48,1.04,2,2.610862,19.541926,1.610862,1
CUST_007057,22.04,47.15,644.5,27,25.11,8,0.07,23.35,0.86,1,2.139292,13.669141,1.139292,1
CUST_006167,35.29,33.18,708.0,39,-2.11,10,0.2,34.91,0.86,2,0.94021,21.338156,-0.05979,1
CUST_009205,29.65,9.72,134.69,41,-19.93,158,0.18,25.66,0.82,2,0.327825,13.856996,-0.672175,1
CUST_005277,34.72,14.87,241.52,19,-19.85,186,0.35,29.83,1.07,2,0.428283,16.242098,-0.571717,1
CUST_003635,24.35,22.16,421.7,8,-2.19,18,0.72,26.52,1.01,0,0.910062,19.029783,-0.089938,0
CUST_003824,19.23,19.73,444.75,13,0.5,110,1.0,20.94,1.14,0,1.026001,22.541814,0.026001,0
CUST_006422,23.97,18.73,417.58,42,-5.23,7,0.0,21.81,0.84,0,0.781393,22.294714,-0.218189,1
CUST_005784,22.62,51.37,830.66,20,28.76,5,0.07,27.57,0.91,1,2.270999,16.170138,1.271441,1
CUST_004195,31.51,36.76,815.65,8,5.25,67,0.71,30.18,1.04,0,1.166614,22.18852,0.166614,0
CUST_009126,32.32,31.59,547.26,21,-0.73,155,0.15,34.47,1.06,0,0.977413,17.323837,-0.022587,1
CUST_002337,22.29,18.71,429.1,7,-3.58,20,0.79,20.75,0.91,0,0.83939,22.93426,-0.16061,0
CUST_009802,30.88,28.71,433.52,49,-2.17,178,0.07,29.96,0.97,2,0.929728,15.099965,-0.070272,1
CUST_006082,26.01,55.33,897.35,21,29.32,217,0.28,27.48,0.85,0,2.127259,16.218146,1.127259,1
CUST_001962,14.14,12.49,248.56,6,-1.65,231,0.63,15.67,0.92,0,0.88331,19.900721,-0.11669,0
CUST_001206,30.43,28.93,714.61,3,-1.5,139,0.97,31.9,1.09,0,0.950707,24.701348,-0.049293,0
CUST_006293,19.65,16.14,265.48,56,-3.51,7,0.49,18.87,0.86,2,0.821374,16.448575,-0.178626,1
CUST_000818,33.58,28.0,527.28,6,-5.58,213,0.8,30.79,0.87,0,0.83383,18.831429,-0.16617,0
CUST_002800,31.33,30.24,463.82,8,-1.09,23,0.98,29.63,1.02,0,0.965209,15.337963,-0.034791,0
CUST_002303,29.75,23.95,382.6,6,-5.8,231,0.73,29.36,0.92,0,0.805042,15.974948,-0.194958,0
CUST_009770,38.04,15.63,179.89,26,-22.41,184,0.1,34.11,1.03,3,0.410883,11.509277,-0.589117,1
CUST_004248,29.04,29.48,641.7,7,0.44,222,0.79,29.25,1.07,0,1.015152,21.7673,0.015152,0
CUST_003152,20.41,16.23,401.48,10,-4.18,59,0.8,20.05,0.86,0,0.795198,24.736907,-0.204802,0
CUST_000578,17.66,19.68,441.81,10,2.02,110,0.83,18.57,1.01,0,1.114383,22.449695,0.114383,0
CUST_003842,25.43,24.38,606.1,8,-1.05,157,0.94,24.79,1.05,0,0.95871,24.860541,-0.04129,0
CUST_001034,19.17,17.09,404.43,13,-2.09,147,0.94,17.71,0.88,0,0.891497,23.664716,-0.109025,0
CUST_009701,32.47,74.35,1105.04,33,41.87,193,0.48,34.29,0.92,1,2.289806,14.862677,1.289498,1
CUST_004713,30.74,32.61,645.5,4,1.88,202,0.87,32.11,0.98,0,1.060833,19.794542,0.061158,0
CUST_003628,36.73,36.72,570.32,10,-0.01,200,0.89,34.8,1.03,0,0.999728,15.53159,-0.000272,0
CUST_004635,28.58,35.14,655.35,10,6.56,171,0.69,27.11,1.14,0,1.229531,18.649687,0.229531,0
CUST_006476,15.47,18.4,279.6,37,2.93,222,0.12,16.82,1.08,1,1.189399,15.195652,0.189399,1
CUST_006163,30.92,67.13,1387.27,20,36.2,8,0.21,28.15,1.08,2,2.171087,20.665425,1.170763,1
CUST_002713,32.48,28.95,500.43,5,-3.53,118,0.84,30.32,0.85,0,0.891318,17.28601,-0.108682,0
CUST_006834,22.75,21.47,508.19,45,-1.28,230,0.25,24.43,0.96,0,0.943736,23.669772,-0.056264,1
CUST_006337,14.31,10.8,268.71,24,-3.51,160,0.12,15.68,1.16,1,0.754717,24.880556,-0.245283,1
CUST_008016,21.53,22.53,342.46,40,1.0,4,0.1,21.43,1.01,0,1.046447,15.200178,0.046447,1
CUST_004491,31.99,28.32,456.21,6,-3.67,203,0.83,32.74,0.86,0,0.885277,16.10911,-0.114723,0
CUST_001798,15.31,14.1,224.23,9,-1.21,75,0.54,16.89,0.98,0,0.920967,15.902837,-0.079033,0
CUST_002985,32.69,34.81,836.18,2,2.12,83,0.94,33.12,1.01,0,1.064852,24.021258,0.064852,0
CUST_002076,24.23,25.94,533.09,6,1.71,41,0.55,22.18,1.14,0,1.070574,20.550887,0.070574,0
CUST_008413,34.84,16.7,277.75,17,-18.15,2,0.01,29.95,1.2,3,0.479334,16.631737,-0.520953,1
CUST_003918,31.9,32.96,717.11,6,1.06,44,0.9,33.54,0.92,0,1.033229,21.756978,0.033229,0
CUST_003678,25.77,20.22,347.14,5,-5.55,65,0.52,28.29,0.88,0,0.784633,17.16815,-0.215367,0
CUST_009307,25.62,23.04,457.25,54,-2.59,2,0.21,28.21,0.96,2,0.899297,19.84592,-0.101093,1
CUST_002417,25.34,27.15,617.85,5,1.81,80,0.93,24.71,0.98,0,1.071429,22.756906,0.071429,0
CUST_005966,17.58,41.48,629.76,32,23.9,152,0.11,19.48,1.12,3,2.359499,15.182257,1.359499,1
CUST_002394,26.65,29.92,600.24,8,3.27,75,0.83,27.11,0.99,0,1.122702,20.061497,0.122702,0
CUST_008672,17.71,25.24,507.98,38,7.53,138,0.23,18.34,1.14,0,1.425184,20.12599,0.425184,1
CUST_001107,24.91,27.22,463.57,5,2.31,29,0.94,24.47,1.11,0,1.092734,17.030492,0.092734,0
CUST_000447,28.81,25.07,477.43,9,-3.74,193,0.7,28.2,0.85,0,0.870184,19.043877,-0.129816,0
CUST_007473,23.98,24.14,582.32,51,0.16,129,0.03,21.81,0.93,1,1.006672,24.122618,0.006672,1
CUST_003901,25.98,26.41,632.97,2,0.43,184,0.78,25.41,1.18,0,1.016551,23.967058,0.016551,0
CUST_003088,30.88,31.96,481.78,9,1.08,19,0.63,33.46,1.02,0,1.034974,15.074468,0.034974,0
CUST_002329,37.01,38.87,880.35,4,1.86,210,0.94,34.17,1.13,0,1.050257,22.648572,0.050257,0
CUST_008638,36.81,14.51,164.62,30,-22.3,9,0.25,30.96,0.99,2,0.394186,11.345279,-0.605814,1
CUST_002527,29.65,33.46,663.02,6,3.81,213,0.66,32.01,1.05,0,1.128499,19.815302,0.128499,0
CUST_002885,15.56,15.34,290.07,8,-0.22,194,0.97,17.23,0.93,0,0.985861,18.909387,-0.014139,0
CUST_004243,20.35,20.31,385.69,9,-0.04,187,0.7,22.24,0.98,0,0.998034,18.990153,-0.001966,0
CUST_000772,27.95,30.74,523.96,9,2.78,216,0.99,27.86,1.15,0,1.099821,17.044893,0.099463,0
CUST_001444,31.29,33.34,687.47,10,2.06,149,0.85,31.41,1.13,0,1.065516,20.619976,0.065836,0
CUST_000020,27.24,31.36,537.68,12,4.12,197,0.87,25.02,1.02,0,1.151248,17.145408,0.151248,0
CUST_005724,30.62,78.97,1186.94,15,48.35,3,0.04,30.73,1.03,2,2.579033,15.030265,1.579033,1
CUST_004167,31.89,26.5,582.15,6,-5.39,89,0.98,32.01,0.84,0,0.830981,21.967925,-0.169019,0
CUST_006287,16.76,42.89,899.65,32,26.13,11,0.01,18.46,1.02,2,2.559069,20.975752,1.559069,1
CUST_009892,22.48,8.34,100.0,30,-14.14,122,0.29,17.4,0.93,1,0.370996,11.990408,-0.629004,1
CUST_007247,29.78,63.67,1386.44,37,33.89,5,0.18,32.63,0.86,1,2.138012,21.775404,1.138012,1
CUST_008973,23.32,57.32,1228.09,15,34.0,4,0.18,23.78,0.98,0,2.457976,21.425157,1.457976,1
CUST_007115,20.12,58.99,942.82,16,38.87,4,0.14,22.03,1.17,0,2.931909,15.982709,1.931909,1
CUST_001757,19.21,15.76,358.66,3,-3.45,121,0.78,20.78,0.89,0,0.820406,22.757614,-0.179594,0
CUST_002915,19.95,17.51,383.77,6,-2.44,116,0.98,19.43,0.83,0,0.877694,21.91719,-0.122306,0
CUST_004218,17.75,17.08,363.51,13,-0.67,56,0.97,18.0,0.98,0,0.962254,21.282787,-0.037746,0
CUST_004686,32.51,34.03,780.73,9,1.51,41,0.61,31.84,1.16,0,1.046755,22.942404,0.046447,0
CUST_001351,32.66,29.58,715.77,3,-3.09,62,0.8,31.89,1.06,0,0.905695,24.197769,-0.094611,0
CUST_000811,21.03,17.59,413.77,10,-3.44,215,1.0,20.14,0.96,0,0.836424,23.523024,-0.163576,0
CUST_003850,23.4,20.29,324.73,6,-3.11,71,0.84,25.15,0.99,0,0.867094,16.004436,-0.132906,0
CUST_004328,15.15,14.29,261.22,10,-0.86,55,0.97,16.16,0.96,0,0.943234,18.279916,-0.056766,0
CUST_002404,23.35,20.4,461.32,5,-2.94,159,0.93,24.17,0.86,0,0.873662,22.613725,-0.12591,0
CUST_003736,38.01,32.8,656.05,10,-5.22,140,0.64,34.95,0.87,0,0.862931,20.001524,-0.137332,0
CUST_002441,31.67,32.63,574.75,8,0.96,237,0.56,34.03,1.04,0,1.030313,17.614159,0.030313,0
CUST_007931,35.71,14.38,228.95,40,-21.33,193,0.18,34.62,1.01,3,0.402688,15.921419,-0.597312,1
CUST_000882,20.16,27.05,529.71,4,6.89,55,0.96,21.53,1.17,0,1.341766,19.582625,0.341766,0
CUST_001479,20.94,22.4,415.98,6,1.46,108,0.94,21.4,1.09,0,1.069723,18.570536,0.069723,0
CUST_000959,22.52,20.88,472.17,7,-1.64,206,0.67,22.09,0.81,0,0.927176,22.613506,-0.072824,0
CUST_007827,31.96,32.23,693.46,45,0.27,226,0.09,29.53,0.99,0,1.008448,21.515979,0.008448,1
CUST_003162,23.63,20.72,484.08,7,-2.91,127,0.57,25.08,1.01,0,0.876851,23.362934,-0.123149,0
CUST_008589,26.38,12.77,201.52,29,-13.61,233,0.0,25.05,0.96,2,0.484079,15.780736,-0.515921,1
CUST_002964,26.97,28.89,575.24,5,1.92,170,0.98,27.44,1.2,0,1.07119,19.911388,0.07119,0
CUST_001895,26.04,19.96,339.08,8,-6.08,66,0.93,28.34,0.83,0,0.766513,16.987976,-0.233487,0
CUST_007136,27.58,24.35,525.54,50,-3.22,157,0.17,25.76,0.91,2,0.882886,21.582752,-0.116751,1
CUST_004516,30.69,23.44,404.37,11,-7.26,110,0.83,32.98,0.81,0,0.763767,17.25128,-0.236559,0
CUST_002161,30.95,26.12,612.57,8,-4.84,131,0.97,31.12,0.98,0,0.843942,23.452144,-0.156381,0
CUST_000244,14.94,13.53,330.87,4,-1.41,206,0.69,16.42,1.03,0,0.905622,24.454545,-0.094378,0
CUST_003167,31.42,26.34,453.11,9,-5.07,145,0.95,29.99,0.97,0,0.83832,17.202354,-0.161362,0
CUST_000307,31.8,27.22,542.21,7,-4.58,24,0.8,33.3,0.86,0,0.855975,19.919544,-0.144025,0
CUST_002881,17.64,22.6,539.71,10,4.96,184,0.57,17.22,1.14,0,1.281179,23.880973,0.281179,0
CUST_002408,31.03,30.08,724.27,4,-0.95,106,0.98,33.21,0.87,0,0.969384,24.078125,-0.030616,0
CUST_002012,35.55,38.07,847.69,12,2.52,17,0.91,33.87,1.12,0,1.070886,22.266614,0.070886,0
CUST_004996,24.79,23.14,414.44,10,-1.65,176,0.86,23.83,1.03,0,0.933441,17.910112,-0.066559,0
CUST_000487,16.57,14.87,238.1,4,-1.7,54,0.93,16.8,1.04,0,0.897405,16.012105,-0.102595,0
CUST_000060,28.68,26.35,456.04,12,-2.32,79,0.98,29.31,1.04,0,0.918759,17.307021,-0.080893,0
CUST_002324,30.24,32.06,763.88,1,1.82,165,0.93,31.01,1.15,0,1.060185,23.826575,0.060185,0
CUST_009850,27.29,17.33,271.25,39,-9.96,6,0.28,26.76,1.06,3,0.635031,15.652048,-0.364969,1
CUST_008384,16.01,6.2,100.23,23,-9.81,183,0.35,15.23,0.97,3,0.387258,16.166129,-0.612742,1
CUST_007446,28.46,9.97,165.36,21,-18.48,7,0.38,23.44,0.88,1,0.350316,16.585757,-0.649332,1
CUST_000944,31.86,24.18,589.25,14,-7.69,194,0.89,34.17,0.83,0,0.758945,24.369313,-0.241368,0
CUST_002166,19.16,21.85,437.93,9,2.69,188,0.99,21.09,1.09,0,1.140397,20.042563,0.140397,0
CUST_003817,14.07,16.77,339.2,10,2.7,140,0.97,15.07,1.05,0,1.191898,20.226595,0.191898,0
CUST_002348,17.49,15.72,358.75,5,-1.77,66,0.74,17.0,0.99,0,0.898799,22.821247,-0.101201,0
CUST_009250,36.57,85.08,2070.57,30,48.51,5,0.3,34.85,0.94,0,2.326497,24.336742,1.326497,1
CUST_000465,15.7,19.53,415.24,11,3.83,42,0.98,15.9,1.09,0,1.243949,21.261649,0.243949,0
CUST_007641,39.26,13.77,171.38,37,-25.49,192,0.09,31.28,0.88,2,0.350739,12.445897,-0.649261,1
CUST_004042,24.68,22.83,389.47,6,-1.85,207,0.94,24.05,0.82,0,0.925041,17.059571,-0.074959,0
CUST_002812,19.83,22.25,384.57,7,2.42,98,0.94,18.56,1.15,0,1.122037,17.284045,0.122037,0
CUST_006814,14.64,14.61,249.79,42,-0.03,7,0.28,15.53,0.98,2,0.997951,17.097194,-0.002049,1
CUST_005401,22.14,60.35,939.42,26,38.21,6,0.27,22.29,1.09,1,2.725836,15.566197,1.725836,1
CUST_008444,38.59,15.77,179.39,22,-22.82,11,0.46,33.05,1.02,1,0.408655,11.375396,-0.591345,1
CUST_008834,22.47,62.97,979.0,38,40.49,158,0.01,27.69,1.12,2,2.802403,15.547086,1.801958,1
CUST_000805,37.21,42.45,998.55,6,5.24,112,0.96,34.71,1.13,1,1.140822,23.522968,0.140822,0
CUST_001746,27.39,25.8,548.28,12,-1.59,183,0.91,28.85,1.07,0,0.94195,21.251163,-0.05805,0
CUST_004036,33.51,36.72,630.96,7,3.22,167,0.83,30.76,1.14,0,1.095792,17.183007,0.096091,0
CUST_004537,33.44,27.47,669.54,11,-5.97,166,0.96,31.81,0.87,0,0.821471,24.373498,-0.178529,0
CUST_001193,24.39,27.69,559.45,5,3.3,94,0.71,26.12,1.06,0,1.135301,20.204045,0.135301,0
CUST_006904,33.19,14.26,153.33,29,-18.93,176,0.13,31.63,1.07,1,0.429647,10.752454,-0.570353,1
CUST_003578,30.26,27.6,622.16,8,-2.66,201,0.81,31.49,0.81,0,0.912095,22.542029,-0.087905,0
CUST_003631,27.84,26.79,613.73,6,-1.05,56,0.97,27.0,1.06,0,0.962284,22.908921,-0.037716,0
CUST_004617,19.26,15.22,377.09,9,-4.04,107,0.68,19.42,0.9,0,0.790239,24.775953,-0.209761,0
CUST_006542,19.86,19.59,483.04,49,-0.27,5,0.01,19.53,1.03,2,0.986405,24.657478,-0.013595,1
CUST_000754,23.27,22.91,425.39,4,-0.36,141,0.94,21.94,1.02,0,0.984529,18.567874,-0.015471,0
CUST_001717,15.11,12.17,276.92,9,-2.94,204,0.96,16.64,0.84,0,0.805427,22.754314,-0.194573,0
CUST_004210,19.68,18.19,328.1,7,-1.49,194,0.91,17.92,1.07,0,0.924289,18.037383,-0.075711,0
CUST_006858,16.36,40.06,554.67,37,23.69,177,0.02,19.75,0.98,1,2.448655,13.845981,1.448044,1
CUST_002124,16.18,13.92,289.67,9,-2.26,124,0.95,16.04,0.95,0,0.860321,20.809626,-0.139679,0
CUST_002168,19.95,19.22,440.96,7,-0.73,186,0.75,20.15,0.88,0,0.963409,22.942768,-0.036591,0
CUST_002789,20.91,19.13,420.71,9,-1.77,35,0.68,19.81,0.83,0,0.914873,21.992159,-0.084648,0
CUST_007091,22.12,45.83,972.41,33,23.7,200,0.15,27.46,0.83,1,2.071881,21.217761,1.071429,1
CUST_003341,27.47,22.26,455.89,7,-5.21,114,0.52,26.71,0.83,0,0.810339,20.480234,-0.189661,0
CUST_007713,19.93,30.85,513.85,24,10.92,10,0.1,21.88,0.86,2,1.547918,16.656402,0.547918,1
CUST_000140,19.8,18.99,385.17,9,-0.81,124,0.43,20.97,0.9,0,0.959091,20.28278,-0.040909,0
CUST_000460,30.43,30.58,558.94,5,0.16,65,0.72,28.69,0.94,0,1.004929,18.277959,0.005258,0
CUST_004407,22.29,23.73,388.38,5,1.44,32,0.72,21.82,1.18,0,1.064603,16.366625,0.064603,0
CUST_009956,17.71,38.36,597.23,21,20.65,216,0.47,18.31,0.87,2,2.166008,15.569082,1.166008,1
CUST_004088,33.73,36.63,661.61,7,2.9,47,0.99,32.5,0.96,0,1.085977,18.061971,0.085977,0
CUST_005676,23.81,58.99,1293.54,19,35.18,6,0.1,26.76,0.99,2,2.47753,21.928123,1.47753,1
CUST_000054,22.68,21.78,337.89,5,-0.9,40,0.91,22.79,0.92,0,0.960317,15.513774,-0.039683,0
CUST_007756,14.28,21.7,395.82,24,7.41,9,0.13,15.5,0.98,2,1.519608,18.240553,0.518908,1
CUST_009920,15.78,36.26,717.19,17,20.48,11,0.15,17.32,0.92,1,2.297845,19.779095,1.297845,1
CUST_004191,17.41,17.47,406.73,8,0.06,113,0.22,17.95,0.89,0,1.003446,23.281626,0.003446,0
CUST_000263,26.94,23.99,570.05,9,-2.95,237,0.94,29.93,0.92,0,0.890497,23.761984,-0.109503,0
CUST_007023,33.12,78.94,1745.18,43,45.82,1,0.12,33.13,0.95,0,2.383454,22.107677,1.383454,1
CUST_002189,29.23,30.09,633.13,5,0.86,235,0.93,26.94,1.02,0,1.029422,21.04121,0.029422,0
CUST_000658,22.56,21.32,322.42,4,-1.24,24,0.75,20.81,0.94,0,0.945035,15.122889,-0.054965,0
CUST_002421,32.81,28.99,715.6,10,-3.82,206,0.87,30.59,0.92,1,0.883572,24.684374,-0.116428,0
CUST_005743,21.38,32.57,542.95,34,11.19,6,0.21,20.76,1.02,1,1.523386,16.670249,0.523386,1
CUST_008840,22.49,20.21,369.69,37,-2.28,6,0.35,23.69,0.93,1,0.898622,18.292429,-0.101378,1
CUST_007656,32.82,65.67,1351.34,32,32.85,4,0.2,33.15,0.8,2,2.000914,20.577737,1.000914,1
CUST_004732,29.36,26.18,566.78,11,-3.19,160,0.45,29.99,1.03,0,0.891689,21.649351,-0.108651,0
CUST_000653,27.96,27.78,428.56,5,-0.18,30,0.82,29.17,1.05,0,0.993562,15.426926,-0.006438,0
CUST_005508,22.82,65.44,925.61,41,42.62,3,0.24,24.09,1.15,2,2.86766,14.144407,1.86766,1
CUST_006820,42.76,18.2,283.37,25,-24.56,2,0.06,34.43,1.06,1,0.425631,15.56978,-0.574369,1
CUST_009612,17.5,35.21,714.04,18,17.71,2,0.0,18.3,0.8,0,2.012,20.279466,1.012,1
CUST_002250,29.66,28.23,500.58,2,-1.43,164,0.64,29.59,1.08,0,0.951787,17.7322,-0.048213,0
CUST_004083,26.56,26.31,405.57,4,-0.25,39,0.84,24.71,1.16,0,0.990587,15.415051,-0.009413,0
CUST_000835,25.12,28.42,628.3,3,3.3,111,0.38,23.84,1.1,0,1.131369,22.107671,0.131369,0
CUST_004190,26.61,23.14,548.36,5,-3.48,74,0.9,25.66,1.0,0,0.869598,23.697494,-0.130778,0
CUST_003284,29.88,24.08,475.93,8,-5.8,226,0.99,32.69,0.81,0,0.80589,19.764535,-0.19411,0
CUST_006994,35.0,16.16,249.61,21,-18.85,153,0.31,34.86,1.15,0,0.461714,15.446163,-0.538571,1
CUST_002258,31.66,25.23,545.46,8,-6.43,205,0.54,31.15,0.83,0,0.796905,21.619501,-0.203095,0
CUST_005247,25.47,11.02,115.82,28,-14.44,5,0.35,20.7,1.08,1,0.432666,10.509982,-0.566941,1
CUST_005500,29.06,85.31,1881.17,33,56.26,8,0.04,31.61,1.17,1,2.93565,22.050991,1.935994,1
CUST_007714,21.71,18.36,353.33,57,-3.35,229,0.27,20.85,0.91,0,0.845693,19.244553,-0.154307,1
CUST_002929,16.01,18.2,366.68,12,2.18,53,0.91,16.79,1.0,0,1.13679,20.147253,0.136165,0
CUST_001024,20.0,22.3,445.77,3,2.3,101,0.97,19.38,1.09,0,1.115,19.989686,0.115,0
CUST_006415,20.46,22.15,539.45,32,1.69,8,0.02,18.68,1.09,1,1.0826,24.354402,0.0826,1
CUST_004883,19.31,18.07,365.79,6,-1.24,170,0.98,18.37,0.91,0,0.935785,20.242944,-0.064215,0
CUST_003265,27.37,30.08,630.33,9,2.71,167,0.66,28.21,1.08,0,1.099014,20.95512,0.099014,0
CUST_001223,30.76,30.04,730.49,4,-0.72,72,0.77,28.76,1.11,0,0.976593,24.317244,-0.023407,0
CUST_008747,23.58,8.23,100.0,27,-15.36,212,0.01,22.54,0.87,1,0.349025,12.150668,-0.651399,1
CUST_000413,20.34,18.94,347.21,8,-1.39,172,0.83,21.97,1.09,0,0.93117,18.332101,-0.068338,0
CUST_000042,17.75,21.09,436.49,6,3.33,50,0.58,17.34,1.18,0,1.188169,20.696539,0.187606,0
CUST_006884,25.91,26.66,561.28,43,0.76,10,0.28,27.75,0.96,2,1.028946,21.053263,0.029332,1
CUST_005613,20.27,26.92,535.48,44,6.64,5,0.09,20.09,0.91,1,1.328071,19.89153,0.327578,1
CUST_001345,26.51,25.72,452.11,6,-0.79,135,0.87,26.2,1.04,0,0.9702,17.578149,-0.0298,0
CUST_001769,29.16,26.84,625.32,6,-2.32,117,0.78,30.59,0.95,0,0.920439,23.298063,-0.079561,0
CUST_001873,25.58,21.75,409.83,3,-3.83,68,0.94,25.56,0.91,0,0.850274,18.842759,-0.149726,0
CUST_008158,23.42,8.92,117.26,16,-14.5,11,0.24,22.01,0.95,2,0.380871,13.14574,-0.619129,1
CUST_001010,15.83,13.54,263.37,4,-2.29,210,0.7,15.84,0.83,0,0.855338,19.451256,-0.144662,0
CUST_007425,20.03,45.19,658.56,40,25.16,221,0.47,21.73,0.9,0,2.256116,14.573136,1.256116,1
CUST_002076,24.23,25.94,533.09,6,1.71,41,0.55,22.18,1.14,0,1.070574,20.550887,0.070574,0
CUST_002906,14.45,12.09,258.54,5,-2.36,119,0.91,15.17,0.81,0,0.836678,21.384615,-0.163322,0
CUST_001357,28.66,28.52,441.6,10,-0.14,56,0.8,26.69,0.91,1,0.995115,15.483871,-0.004885,0
CUST_003783,22.62,26.28,418.26,5,3.66,206,0.95,21.83,1.11,0,1.161804,15.915525,0.161804,0
CUST_005702,37.46,15.93,223.46,43,-21.54,224,0.24,33.52,1.06,0,0.425254,14.027621,-0.575013,1
CUST_006939,26.2,11.86,124.92,27,-14.35,167,0.15,24.93,1.13,1,0.452672,10.532884,-0.54771,1
CUST_009324,20.9,55.46,846.61,43,34.56,149,0.02,24.12,1.06,0,2.653589,15.265236,1.653589,1
CUST_000847,25.26,24.66,522.7,5,-0.6,21,0.43,23.13,1.15,0,0.976247,21.196269,-0.023753,0
CUST_007866,18.3,37.22,926.68,20,18.92,183,0.08,19.59,0.85,3,2.03388,24.897367,1.03388,1
CUST_003750,23.97,20.48,485.32,9,-3.49,12,0.97,23.16,0.98,0,0.854401,23.697266,-0.145599,0
CUST_007876,31.57,91.97,1453.89,37,60.39,159,0.14,31.67,1.17,1,2.913209,15.808307,1.912892,1
CUST_009973,27.77,76.81,1363.14,19,49.05,143,0.1,31.23,1.11,0,2.765934,17.746908,1.766295,1
CUST_005159,17.44,19.22,346.62,24,1.78,166,0.3,16.24,1.05,2,1.102064,18.034339,0.102064,1
CUST_002666,17.38,16.06,330.81,5,-1.32,63,0.91,16.64,0.88,0,0.924051,20.598381,-0.075949,0
CUST_009211,15.79,43.36,950.25,43,27.57,186,0.2,18.06,1.1,1,2.746042,21.91536,1.746042,1
CUST_000162,31.52,30.82,629.56,6,-0.7,49,0.79,29.63,1.06,0,0.977792,20.426995,-0.022208,0
CUST_004332,33.63,34.25,682.52,13,0.62,107,0.65,30.66,1.06,0,1.018436,19.927591,0.018436,0
CUST_009063,25.34,19.32,347.77,38,-6.01,2,0.03,24.57,1.15,0,0.762431,18.000518,-0.237174,1
CUST_006843,33.38,15.73,353.72,19,-17.65,4,0.07,34.27,1.05,0,0.47124,22.486968,-0.52876,1
CUST_000893,28.27,24.62,412.28,6,-3.65,153,0.88,29.73,0.81,1,0.870888,16.745735,-0.129112,0
CUST_004597,27.16,25.42,491.83,5,-1.74,187,0.99,29.99,1.02,0,0.935935,19.348151,-0.064065,0
CUST_005496,17.21,6.2,130.86,40,-11.01,228,0.18,16.62,1.05,0,0.360256,21.106452,-0.639744,1
CUST_008036,21.41,24.1,483.06,42,2.69,176,0.75,23.47,1.1,2,1.125642,20.043983,0.125642,1
CUST_004276,30.08,34.73,857.23,9,4.65,92,0.73,32.48,1.12,0,1.154588,24.682695,0.154588,0
CUST_005886,26.33,23.59,444.07,54,-2.74,4,0.1,27.26,0.83,0,0.895936,18.824502,-0.104064,1
CUST_003039,31.69,37.32,631.63,5,5.62,69,0.97,34.54,1.1,0,1.177659,16.924705,0.177343,0
CUST_007941,16.33,7.11,109.13,32,-9.22,148,0.01,16.0,1.09,1,0.435395,15.348805,-0.564605,1
CUST_007332,28.05,11.8,152.01,16,-16.25,133,0.05,24.0,1.05,1,0.420677,12.882203,-0.579323,1
CUST_009849,22.62,19.81,326.6,51,-2.81,166,0.14,20.95,0.89,2,0.875774,16.486623,-0.124226,1
CUST_008408,23.48,55.89,1207.4,25,32.41,221,0.02,21.88,0.83,1,2.380324,21.603149,1.380324,1
CUST_002342,16.99,19.07,302.13,6,2.08,134,0.93,16.7,1.1,0,1.122425,15.843209,0.122425,0
CUST_007567,28.76,11.16,275.69,38,-17.6,10,0.51,29.4,0.89,0,0.388039,24.703405,-0.611961,1
CUST_009365,18.2,25.13,468.99,41,6.93,206,0.45,17.44,1.16,1,1.380769,18.662555,0.380769,1
CUST_001550,27.85,23.67,540.49,2,-4.18,95,0.87,29.48,1.0,0,0.84991,22.83439,-0.15009,0
CUST_006935,18.8,18.5,351.8,51,-0.3,11,0.11,19.83,0.91,1,0.984043,19.016216,-0.015957,1
CUST_000605,27.16,28.06,595.47,5,0.9,30,0.99,27.12,1.18,0,1.033137,21.221311,0.033137,0
CUST_004031,33.9,27.58,487.72,5,-6.32,119,0.89,32.52,0.84,0,0.813569,17.683829,-0.186431,0
CUST_000539,30.89,28.37,539.28,7,-2.52,24,0.96,34.25,0.98,0,0.91842,19.008812,-0.08158,0
CUST_000664,22.52,22.51,395.75,12,-0.01,116,0.99,21.68,0.91,0,0.999556,17.581075,-0.000444,0
CUST_003774,33.06,26.1,602.97,5,-6.96,175,0.9,31.31,0.83,0,0.789474,23.102299,-0.210526,0
CUST_004865,31.2,23.78,372.11,8,-7.42,21,0.99,28.38,0.87,0,0.762179,15.648024,-0.237821,0
CUST_005916,16.96,18.09,406.8,40,1.13,209,0.07,18.8,1.1,2,1.066627,22.487562,0.066627,1
CUST_000917,34.12,34.17,800.74,3,0.06,150,0.71,32.5,1.03,0,1.001465,23.434006,0.001758,0
CUST_002093,20.99,17.67,406.17,5,-3.32,215,0.96,20.62,0.84,0,0.841829,22.986418,-0.158171,0
CUST_009209,30.88,77.46,1135.79,42,46.59,9,0.14,32.16,1.0,1,2.50842,14.662923,1.508744,1
CUST_006101,35.39,41.03,800.48,49,5.64,134,0.42,34.45,1.1,0,1.159367,19.509627,0.159367,1
CUST_002568,30.66,23.56,588.42,7,-7.1,22,0.75,31.42,0.9,0,0.768428,24.975382,-0.231572,0
CUST_004310,15.01,13.33,224.3,9,-1.68,111,0.99,16.51,0.89,0,0.888075,16.826707,-0.111925,0
CUST_001135,26.38,30.25,713.01,7,3.87,55,0.64,26.02,1.19,0,1.146702,23.570579,0.146702,0
CUST_004297,16.75,15.33,318.07,8,-1.42,117,0.97,16.83,0.94,0,0.915224,20.748206,-0.084776,0
CUST_003459,30.64,35.2,624.48,5,4.56,188,1.0,29.06,1.02,0,1.148825,17.740909,0.148825,0
CUST_002268,16.01,12.86,214.37,7,-3.15,199,0.95,15.89,0.81,0,0.803248,16.669518,-0.196752,0
CUST_002650,34.89,32.85,544.93,6,-2.04,194,0.95,33.64,1.0,0,0.941531,16.588432,-0.058469,0
CUST_000858,20.54,20.93,442.77,8,0.4,90,0.84,21.15,1.08,1,1.018987,21.154802,0.019474,0
CUST_002173,16.98,12.46,209.38,9,-4.53,127,1.0,16.34,0.83,0,0.733804,16.804173,-0.266784,0
CUST_005993,38.19,18.29,198.53,39,-19.9,3,0.09,31.91,1.2,1,0.478921,10.854565,-0.521079,1
CUST_001198,18.92,13.4,298.26,8,-5.52,167,0.89,20.13,0.81,1,0.708245,22.258209,-0.291755,0
CUST_008363,22.28,8.7,115.64,36,-13.58,6,0.12,21.55,0.98,2,0.390485,13.291954,-0.609515,1
CUST_009605,24.48,58.23,1200.15,35,33.74,11,0.41,25.68,0.95,1,2.378676,20.61051,1.378268,1
CUST_009087,19.42,6.13,120.95,25,-13.29,204,0.11,21.48,0.94,3,0.315654,19.730832,-0.684346,1
CUST_001826,29.44,31.91,793.25,8,2.48,84,0.83,27.57,1.0,0,1.083899,24.858978,0.084239,0
CUST_000721,16.28,14.49,309.04,8,-1.79,115,0.98,16.0,0.87,0,0.890049,21.327812,-0.109951,0
CUST_004745,32.56,30.76,727.95,11,-1.8,182,0.71,30.18,0.88,0,0.944717,23.665475,-0.055283,0
CUST_007665,37.87,12.86,146.11,37,-25.01,138,0.17,30.74,0.85,1,0.339583,11.361586,-0.660417,1
CUST_005482,18.76,46.57,798.56,18,27.81,11,0.35,17.36,0.94,2,2.482409,17.14752,1.482409,1
CUST_007119,38.04,16.91,293.64,35,-21.13,3,0.04,30.87,1.11,0,0.444532,17.364873,-0.555468,1
CUST_003730,32.6,23.08,492.06,5,-9.52,12,0.94,30.3,0.8,1,0.707975,21.319757,-0.292025,0
CUST_006803,28.52,68.55,1464.05,35,40.04,127,0.0,29.9,0.96,0,2.403576,21.357403,1.403927,1
CUST_004634,18.59,18.63,295.15,10,0.04,107,0.81,20.27,1.05,0,1.002152,15.842727,0.002152,0
CUST_007697,27.07,31.04,715.56,40,3.97,239,0.01,27.13,1.18,1,1.146657,23.052835,0.146657,1
CUST_007076,26.77,26.43,510.2,37,-0.34,5,0.06,27.19,1.06,0,0.987299,19.303821,-0.012701,1
CUST_009713,13.92,35.17,545.06,36,21.24,3,0.18,17.26,1.01,0,2.52658,15.497868,1.525862,1
CUST_005050,25.12,74.5,1563.85,38,49.38,153,0.11,26.03,1.19,3,2.965764,20.991275,1.965764,1
CUST_004911,25.01,22.1,479.43,7,-2.91,55,0.75,23.77,0.92,0,0.883647,21.693665,-0.116353,0
CUST_000943,20.14,20.07,421.66,9,-0.07,156,0.88,20.68,1.1,1,0.996524,21.009467,-0.003476,0
CUST_002610,17.3,17.92,326.9,4,0.62,21,0.58,16.28,1.12,0,1.035838,18.242187,0.035838,0
CUST_004795,31.35,37.12,749.68,9,5.76,56,0.99,30.76,1.14,0,1.184051,20.196121,0.183732,0
CUST_004597,27.16,25.42,491.83,5,-1.74,187,0.99,29.99,1.02,0,0.935935,19.348151,-0.064065,0
CUST_006480,22.02,45.19,890.14,22,23.18,124,0.36,22.4,0.82,1,2.052225,19.697721,1.052679,1
CUST_009216,23.7,11.16,117.99,19,-12.54,208,0.16,19.14,1.18,3,0.470886,10.572581,-0.529114,1
CUST_006487,19.14,56.55,860.8,32,37.42,146,0.03,19.36,1.18,2,2.954545,15.221927,1.955068,1
CUST_007283,29.72,10.97,186.77,19,-18.76,10,0.27,26.33,0.92,0,0.369112,17.025524,-0.631225,1
CUST_008628,21.87,23.56,446.55,47,1.68,223,0.12,21.59,1.07,1,1.077275,18.953735,0.076818,1
CUST_005070,23.98,51.53,716.75,43,27.55,5,0.05,29.33,0.86,1,2.148874,13.909373,1.148874,1
CUST_007036,29.67,80.86,1775.09,16,51.18,3,0.26,33.48,1.09,1,2.725312,21.952634,1.724975,1
CUST_007114,28.92,13.59,185.57,27,-15.33,8,0.15,25.3,1.17,0,0.469917,13.654893,-0.530083,1
CUST_004693,34.13,34.67,727.28,6,0.54,74,0.74,32.08,1.18,0,1.015822,20.977214,0.015822,0
CUST_007423,32.6,34.69,771.72,40,2.09,10,0.14,31.78,1.02,0,1.06411,22.24618,0.06411,1
CUST_001488,17.44,17.84,272.19,7,0.4,25,0.98,16.58,1.0,0,1.022936,15.257287,0.022936,0
CUST_002149,23.1,21.49,342.0,5,-1.61,177,0.89,22.02,0.86,0,0.930303,15.914379,-0.069697,0
CUST_006164,36.79,13.03,183.8,22,-23.76,228,0.45,32.35,0.89,2,0.354172,14.105909,-0.645828,1
CUST_002761,30.92,28.46,447.73,7,-2.46,144,0.97,31.18,0.96,0,0.92044,15.731904,-0.07956,0
CUST_001261,22.23,22.57,347.13,4,0.33,229,1.0,24.2,0.92,0,1.015295,15.380151,0.014845,0
CUST_009775,33.72,15.85,214.72,30,-17.87,6,0.05,28.07,1.17,1,0.470047,13.547003,-0.529953,1
CUST_003671,31.63,34.99,703.15,7,3.37,115,0.98,34.0,1.05,0,1.106228,20.095742,0.106544,0
CUST_001518,15.01,14.76,330.06,5,-0.25,194,0.67,15.78,1.01,0,0.983344,22.361789,-0.016656,0
CUST_002332,16.59,15.84,313.61,8,-0.75,163,0.76,17.72,1.03,0,0.954792,19.798611,-0.045208,0
CUST_002954,29.76,28.84,596.87,6,-0.92,177,0.89,30.65,0.91,0,0.969086,20.695908,-0.030914,0
CUST_004905,33.06,28.81,455.7,10,-4.25,136,0.89,32.11,0.85,0,0.871446,15.817425,-0.128554,0
CUST_000937,28.21,20.26,483.05,5,-7.95,212,0.92,26.91,0.84,0,0.718185,23.842547,-0.281815,0
CUST_007324,20.06,7.57,130.59,43,-12.49,177,0.11,20.02,0.94,1,0.377368,17.250991,-0.622632,1
CUST_002093,20.99,17.67,406.17,5,-3.32,215,0.96,20.62,0.84,0,0.841829,22.986418,-0.158171,0
CUST_005734,21.67,9.84,159.37,18,-11.83,143,0.52,20.99,1.14,1,0.454084,16.196138,-0.545916,1
CUST_001351,32.66,29.58,715.77,3,-3.09,62,0.8,31.89,1.06,0,0.905695,24.197769,-0.094611,0
CUST_002365,29.52,24.07,459.18,5,-5.45,47,0.89,29.53,0.87,0,0.815379,19.076859,-0.184621,0
CUST_006194,29.05,72.91,1554.09,35,43.86,120,0.07,30.3,1.0,2,2.509811,21.315183,1.509811,1
CUST_002299,16.8,15.59,277.22,8,-1.22,210,0.97,15.53,0.89,0,0.927976,17.781911,-0.072619,0
CUST_002056,33.22,26.0,409.91,9,-7.22,119,0.76,34.06,0.83,0,0.782661,15.765769,-0.217339,0
CUST_000011,27.02,20.77,497.97,8,-6.24,159,0.95,27.9,0.87,0,0.76869,23.975445,-0.23094,0
CUST_002673,29.27,24.24,514.24,4,-5.02,92,0.88,30.02,0.9,0,0.828152,21.214521,-0.171507,0
CUST_009423,17.05,20.85,520.92,42,3.81,10,0.57,18.28,1.15,1,1.222874,24.984173,0.22346,1
CUST_004561,18.1,15.46,372.51,5,-2.64,74,0.93,17.4,0.92,0,0.854144,24.095084,-0.145856,0
CUST_001557,17.68,19.47,400.24,10,1.79,67,1.0,18.31,1.13,0,1.101244,20.556754,0.101244,0
CUST_009567,14.6,41.67,574.38,29,27.06,4,0.24,15.26,1.14,0,2.85411,13.784017,1.853425,1
CUST_008841,16.99,29.5,564.46,28,12.51,11,0.11,17.93,0.98,2,1.736315,19.134237,0.736315,1
CUST_009108,20.37,8.7,104.33,25,-11.67,10,0.06,17.13,1.07,2,0.427099,11.991954,-0.572901,1
CUST_009420,19.34,22.01,533.69,36,2.67,134,0.28,18.3,1.08,2,1.138056,24.247615,0.138056,1
CUST_006687,25.1,71.44,1452.92,15,46.34,4,0.38,26.54,1.14,3,2.846215,20.337626,1.846215,1
CUST_005313,22.76,61.54,933.12,20,38.79,6,0.14,23.12,1.08,0,2.703866,15.162821,1.704306,1
CUST_002125,34.76,39.55,718.74,10,4.79,41,0.9,33.26,1.13,1,1.137802,18.172946,0.137802,0
CUST_002620,18.32,21.5,431.84,4,3.18,29,0.75,17.78,1.2,0,1.173581,20.085581,0.173581,0
CUST_006475,22.89,8.09,109.47,40,-14.8,7,0.31,17.85,0.88,3,0.353429,13.53152,-0.646571,1
CUST_001850,32.33,31.37,525.34,9,-0.96,25,0.87,31.97,0.89,0,0.970306,16.746573,-0.029694,0
CUST_000896,27.75,24.73,454.58,3,-3.02,114,0.91,27.91,0.82,1,0.891171,18.381723,-0.108829,0
CUST_000931,24.85,23.73,485.43,8,-1.12,162,0.61,27.41,1.11,0,0.95493,20.456384,-0.04507,0
CUST_002958,19.33,22.85,554.28,5,3.52,80,0.82,19.13,1.2,0,1.1821,24.25733,0.1821,0
CUST_005705,15.0,38.32,734.52,17,23.32,1,0.12,18.6,1.02,1,2.554667,19.168058,1.554667,1
CUST_001582,19.09,19.94,417.83,4,0.85,170,0.96,17.9,0.94,0,1.044526,20.954363,0.044526,0
CUST_006756,22.36,51.08,749.97,31,28.71,4,0.36,27.58,0.91,0,2.284436,14.682263,1.283989,1
CUST_009922,21.73,7.13,109.48,21,-14.6,7,0.09,20.54,0.82,0,0.328118,15.354839,-0.671882,1
CUST_006632,35.48,16.59,225.36,22,-18.89,157,0.18,31.77,1.17,2,0.467587,13.584087,-0.532413,1
CUST_003157,25.37,19.2,328.9,7,-6.17,139,0.79,25.21,0.88,0,0.756799,17.130208,-0.243201,0
CUST_003392,16.46,19.17,409.26,6,2.7,99,0.99,16.77,1.04,0,1.164642,21.348983,0.164034,0
CUST_003881,27.77,31.85,526.62,6,4.08,129,0.97,28.6,1.0,0,1.146921,16.53438,0.146921,0
CUST_006140,25.01,10.37,130.53,43,-14.64,7,0.28,22.5,1.04,1,0.414634,12.587271,-0.585366,1
CUST_000561,19.84,22.34,443.86,4,2.5,164,0.93,21.96,1.09,1,1.126008,19.868397,0.126008,0
CUST_008922,28.64,78.11,1137.38,23,49.47,1,0.08,33.36,1.09,3,2.727304,14.56126,1.727304,1
CUST_004000,37.09,36.21,690.14,6,-0.88,177,0.67,34.9,1.07,0,0.976274,19.059376,-0.023726,0
CUST_000106,21.5,21.92,399.44,4,0.42,68,0.98,22.75,0.96,0,1.019535,18.222628,0.019535,0
CUST_001366,31.92,33.03,506.78,9,1.11,65,0.89,29.47,1.13,0,1.034774,15.343021,0.034774,0
CUST_000474,22.33,24.86,478.33,10,2.53,106,0.86,20.61,1.19,0,1.1133,19.240949,0.1133,0
CUST_007236,26.1,20.56,477.2,50,-5.54,5,0.17,25.91,0.86,1,0.787739,23.210117,-0.212261,1
CUST_004776,18.39,14.77,251.66,12,-3.61,222,0.97,17.02,0.81,0,0.803154,17.038592,-0.196302,0
CUST_006817,17.79,47.89,1051.01,39,30.1,8,0.05,18.58,1.08,2,2.691962,21.946335,1.691962,1
CUST_002647,19.16,15.91,384.4,5,-3.26,71,0.79,18.13,0.91,0,0.830376,24.160905,-0.170146,0
CUST_001356,29.74,27.48,557.9,7,-2.26,75,0.89,30.95,0.86,0,0.924008,20.302038,-0.075992,0
CUST_007671,31.95,12.44,147.36,23,-19.51,208,0.21,26.82,0.97,2,0.389358,11.845659,-0.610642,1
CUST_008511,20.39,33.89,704.14,43,13.5,219,0.0,18.98,0.81,1,1.662089,20.77722,0.662089,1
CUST_003941,29.9,31.15,585.94,5,1.25,35,0.87,29.68,1.16,0,1.041806,18.810273,0.041806,0
CUST_003229,16.78,16.4,273.24,6,-0.38,63,0.51,17.24,1.12,0,0.977354,16.660976,-0.022646,0
CUST_005616,34.67,63.82,1075.35,33,29.15,7,0.09,32.86,0.98,0,1.840785,16.849734,0.840785,1
CUST_009384,27.63,11.36,121.81,26,-16.28,167,0.1,27.08,1.03,3,0.411147,10.722711,-0.589215,1
CUST_008453,38.1,15.19,262.81,36,-22.91,201,0.14,33.14,1.0,0,0.398688,17.301514,-0.601312,1
CUST_002804,28.46,28.84,568.27,6,0.39,191,0.95,27.64,1.13,0,1.013352,19.70423,0.013703,0
CUST_002898,17.3,19.04,412.32,7,1.74,118,0.98,18.69,1.13,0,1.100578,21.655462,0.100578,0
CUST_000169,29.86,27.68,683.8,6,-2.18,95,0.92,28.43,1.05,0,0.926993,24.703757,-0.073007,0
CUST_005488,15.67,34.02,721.36,44,18.34,148,0.07,17.08,0.87,2,2.171027,21.203998,1.170389,1
CUST_000641,27.65,30.4,477.13,5,2.75,194,0.8,26.96,1.14,0,1.099458,15.695066,0.099458,0
CUST_004556,21.66,20.63,504.92,5,-1.03,72,0.99,23.01,0.87,0,0.952447,24.475036,-0.047553,0
CUST_008423,32.69,84.51,1177.6,42,51.82,238,0.12,33.43,1.03,1,2.585194,13.934446,1.585194,1
CUST_007031,35.01,66.53,1417.51,16,31.52,11,0.16,34.84,0.94,2,1.900314,21.306328,0.900314,1
CUST_004099,29.1,34.09,751.12,4,4.99,37,0.99,31.68,1.09,0,1.171478,22.033441,0.171478,0
CUST_005242,20.33,43.31,941.05,21,22.97,11,0.08,25.02,0.85,3,2.130349,21.728238,1.129857,1
CUST_003731,29.19,33.21,823.39,3,4.02,102,0.47,29.64,1.04,0,1.137718,24.793436,0.137718,0
CUST_009564,16.75,34.25,614.67,23,17.5,226,0.21,15.66,1.06,1,2.044776,17.946569,1.044776,1
CUST_005061,29.06,13.89,234.89,42,-15.17,3,0.38,23.9,1.2,1,0.477977,16.910727,-0.522023,1
CUST_001819,21.01,19.77,299.42,9,-1.24,219,0.94,20.94,0.86,0,0.94098,15.145169,-0.05902,0
CUST_000694,23.09,27.19,535.13,11,4.09,66,0.6,25.14,1.14,0,1.177566,19.681133,0.177133,0
CUST_008305,15.94,29.6,538.79,21,13.66,231,0.04,17.28,0.91,1,1.856964,18.202365,0.856964,1
CUST_006481,23.4,9.49,156.24,42,-13.91,219,0.36,18.85,1.01,2,0.405556,16.463646,-0.594444,1
CUST_001060,17.86,14.74,358.49,6,-3.12,143,0.97,16.55,0.8,0,0.825308,24.320896,-0.174692,0
CUST_004071,18.98,20.96,427.34,3,1.98,137,0.49,17.63,1.14,0,1.10432,20.388359,0.10432,0
CUST_003485,22.61,22.99,526.67,3,0.38,115,0.95,21.56,1.16,0,1.016807,22.908656,0.016807,0
CUST_007661,18.57,6.05,100.0,26,-12.52,145,0.09,17.4,0.81,1,0.325794,16.528926,-0.674206,1
CUST_009950,26.67,54.36,875.95,22,27.69,139,0.14,28.75,0.82,2,2.038245,16.11387,1.038245,1
CUST_005385,23.55,47.61,897.39,20,24.06,2,0.03,25.08,0.81,1,2.021656,18.848771,1.021656,1
CUST_004782,31.66,32.9,669.54,9,1.24,187,0.76,34.91,1.0,0,1.039166,20.35076,0.039166,0
CUST_001204,17.41,20.08,464.68,9,2.67,23,0.72,16.13,1.04,0,1.15336,23.141434,0.15336,0
CUST_001338,19.98,24.35,429.48,7,4.37,205,0.65,20.78,1.06,0,1.218719,17.637782,0.218719,0
CUST_001759,36.4,33.43,538.91,9,-2.97,73,0.4,33.21,1.06,0,0.918407,16.12055,-0.081593,0
CUST_002400,24.33,28.69,581.46,5,4.36,86,0.98,24.96,1.15,0,1.179203,20.266992,0.179203,0
CUST_007338,15.99,5.23,124.41,37,-10.77,10,0.11,15.7,1.14,0,0.327079,23.787763,-0.673546,1
CUST_004027,34.19,37.48,618.91,5,3.28,229,0.92,31.46,1.12,0,1.096227,16.513074,0.095934,0
CUST_001579,31.91,30.45,597.42,7,-1.46,88,0.86,33.54,0.84,0,0.954246,19.619704,-0.045754,0
CUST_005711,28.27,9.53,157.05,39,-18.75,7,0.06,25.94,0.84,0,0.337106,16.479538,-0.663247,1
CUST_004914,18.5,23.25,367.21,10,4.75,86,0.43,18.4,1.18,0,1.256757,15.793978,0.256757,0
CUST_004208,26.77,29.54,470.84,6,2.77,157,0.99,28.75,1.06,0,1.103474,15.939066,0.103474,0
CUST_003988,16.56,15.67,390.03,5,-0.89,133,0.82,17.26,0.92,0,0.946256,24.890236,-0.053744,0
CUST_005606,28.22,26.42,433.85,57,-1.8,188,0.1,27.24,1.03,0,0.936215,16.421272,-0.063785,1
CUST_006406,15.17,19.39,348.26,24,4.21,3,0.29,16.46,0.81,1,1.278181,17.960805,0.277521,1
CUST_003496,16.89,17.84,341.7,6,0.95,52,0.72,17.44,1.09,0,1.056246,19.153587,0.056246,0
CUST_007289,30.32,13.33,209.64,32,-16.99,1,0.41,24.66,1.1,2,0.439644,15.726932,-0.560356,1
CUST_009572,17.23,18.41,437.36,58,1.19,161,0.14,19.06,1.07,3,1.068485,23.756654,0.069066,1
CUST_008188,16.53,8.2,160.88,42,-8.33,4,0.42,18.0,0.89,1,0.496068,19.619512,-0.503932,1
CUST_001908,18.03,15.68,343.97,5,-2.35,107,0.87,17.23,0.88,0,0.869662,21.936862,-0.130338,0
CUST_000721,16.28,14.49,309.04,8,-1.79,115,0.98,16.0,0.87,0,0.890049,21.327812,-0.109951,0
CUST_004158,18.17,18.84,317.12,9,0.66,17,0.78,17.43,1.03,0,1.036874,16.832272,0.036324,0
CUST_004499,25.84,26.06,471.27,12,0.22,117,0.99,28.57,1.12,0,1.008514,18.084037,0.008514,0
CUST_006810,15.59,39.76,824.36,25,24.18,5,0.47,16.08,1.02,1,2.550353,20.7334,1.550994,1
CUST_001891,16.88,14.43,349.22,5,-2.44,56,0.91,15.54,0.8,0,0.854858,24.20097,-0.14455,0
CUST_001570,17.75,14.25,317.38,4,-3.5,83,0.51,17.78,0.81,0,0.802817,22.272281,-0.197183,0
CUST_005297,15.56,19.78,431.92,51,4.22,163,0.12,16.93,1.16,0,1.271208,21.836198,0.271208,1
CUST_006027,28.96,13.7,192.77,25,-15.27,5,0.05,22.43,1.18,1,0.473066,14.070803,-0.527279,1
CUST_004658,19.92,21.44,456.61,3,1.52,234,0.99,20.04,0.96,0,1.076305,21.297108,0.076305,0
CUST_002393,33.95,37.42,641.4,8,3.47,82,0.69,32.18,1.01,0,1.102209,17.140567,0.102209,0
CUST_007541,32.67,14.67,242.35,41,-18.01,224,0.01,26.38,1.12,1,0.449036,16.520109,-0.55127,1
CUST_006186,31.23,64.02,1600.23,15,32.79,7,0.05,33.76,1.16,1,2.049952,24.995783,1.049952,1
CUST_001780,34.7,30.76,463.23,5,-3.94,51,0.93,34.37,0.87,0,0.886455,15.059493,-0.113545,0
CUST_004438,18.26,19.72,316.49,8,1.45,157,0.73,20.16,1.01,0,1.079956,16.049189,0.079409,0
CUST_007597,24.5,67.06,1185.54,33,42.56,8,0.16,25.95,1.09,1,2.737143,17.678795,1.737143,1
CUST_008688,35.3,14.8,206.74,31,-20.5,3,0.09,27.16,1.05,1,0.419263,13.968919,-0.580737,1
CUST_006248,22.64,47.15,714.41,21,24.51,138,0.05,22.26,0.94,0,2.082597,15.151856,1.082597,1
CUST_001482,31.07,29.89,485.09,4,-1.17,15,0.87,28.39,0.86,0,0.962021,16.229174,-0.037657,0
CUST_001700,25.35,31.58,589.33,6,6.23,112,0.79,24.1,1.17,0,1.245759,18.661495,0.245759,0
CUST_009907,24.01,58.65,1043.03,17,34.64,11,0.09,28.35,0.98,0,2.442732,17.783973,1.442732,1
CUST_001093,27.93,27.26,482.29,7,-0.68,234,0.88,26.45,0.86,0,0.976011,17.692223,-0.024347,0
CUST_008277,24.62,26.59,454.66,51,1.97,205,0.35,25.42,1.0,2,1.080016,17.098909,0.080016,1
CUST_002070,32.36,32.85,650.45,4,0.49,139,0.82,30.94,1.1,0,1.015142,19.800609,0.015142,0
CUST_003248,28.31,28.93,506.06,7,0.62,232,0.82,29.28,0.97,0,1.0219,17.492568,0.0219,0
CUST_000626,28.32,24.17,367.2,7,-4.15,17,0.87,28.93,0.91,0,0.85346,15.192387,-0.14654,0
CUST_005397,18.48,6.03,102.88,19,-12.45,7,0.06,15.49,0.82,3,0.326299,17.06136,-0.673701,1
CUST_001593,20.14,22.06,521.0,8,1.92,191,0.75,20.54,1.18,1,1.095333,23.617407,0.095333,0
CUST_000050,34.76,40.48,950.56,6,5.72,78,0.88,32.75,1.02,0,1.164557,23.482213,0.164557,0
CUST_000135,16.42,15.49,292.04,11,-0.93,185,1.0,15.62,0.96,0,0.943362,18.853454,-0.056638,0
CUST_004248,29.04,29.48,641.7,7,0.44,222,0.79,29.25,1.07,0,1.015152,21.7673,0.015152,0
CUST_008797,25.1,27.06,483.03,34,1.96,127,0.27,25.41,0.99,2,1.078088,17.850333,0.078088,1
CUST_007797,24.45,64.89,939.46,16,40.44,181,0.27,29.36,1.06,0,2.653988,14.477732,1.653988,1
CUST_003704,17.11,14.58,351.98,10,-2.53,66,0.76,18.61,0.97,1,0.852133,24.141289,-0.147867,0
CUST_003261,14.74,17.61,319.27,3,2.87,100,0.8,15.83,1.06,0,1.194708,18.13004,0.194708,0
CUST_002886,15.21,12.81,250.72,6,-2.4,169,0.97,15.07,0.93,1,0.842209,19.572209,-0.157791,0
CUST_002388,17.54,15.88,250.76,7,-1.66,198,0.92,17.72,0.9,0,0.905359,15.790932,-0.094641,0
CUST_002806,22.74,24.32,413.04,5,1.58,78,0.95,21.29,0.94,0,1.069481,16.983553,0.069481,0
CUST_009082,19.98,40.92,667.97,29,20.93,159,0.06,21.46,0.82,1,2.048048,16.323803,1.047548,1
CUST_000595,16.43,18.0,428.22,3,1.58,220,0.7,17.08,0.96,0,1.095557,23.79,0.096166,0
CUST_000724,26.95,36.55,562.89,10,9.6,201,0.8,28.78,1.19,0,1.356215,15.400547,0.356215,0
CUST_004962,33.49,28.05,655.42,10,-5.44,24,0.96,30.53,0.94,0,0.837563,23.366132,-0.162437,0
CUST_007158,23.37,51.89,789.08,27,28.51,138,0.04,24.08,0.89,2,2.220368,15.206784,1.21994,1
CUST_002489,16.92,17.77,293.8,5,0.85,195,0.97,17.48,1.05,0,1.050236,16.533483,0.050236,0
CUST_007198,22.26,9.0,148.93,22,-13.27,122,0.35,20.36,1.01,0,0.404313,16.547778,-0.596137,1
CUST_007228,31.14,69.95,1539.37,19,38.82,3,0.05,32.94,0.9,2,2.246307,22.006719,1.246628,1
CUST_005066,32.39,13.19,177.03,15,-19.2,201,0.03,26.42,1.02,1,0.407224,13.421531,-0.592776,1
CUST_009591,18.71,6.22,100.0,43,-12.49,175,0.5,16.81,0.83,2,0.332443,16.07717,-0.667557,1
CUST_003667,28.97,37.18,609.42,5,8.2,162,0.87,31.01,1.16,0,1.283397,16.39107,0.283051,0
CUST_000528,14.65,11.58,183.99,11,-3.07,122,0.99,15.11,0.87,0,0.790444,15.888601,-0.209556,0
CUST_000294,18.28,20.48,353.78,6,2.2,55,0.83,19.08,1.13,0,1.12035,17.274414,0.12035,0
CUST_001646,31.45,30.2,465.44,7,-1.25,83,0.97,30.37,0.93,0,0.960254,15.411921,-0.039746,0
CUST_009164,38.59,18.26,208.83,42,-20.33,3,0.1,34.98,1.18,2,0.47318,11.436473,-0.52682,1
CUST_007356,19.08,23.76,572.72,21,4.69,11,0.21,20.94,1.18,0,1.245283,24.104377,0.245807,1
CUST_001014,21.12,15.97,363.21,8,-5.15,87,0.93,20.65,0.87,0,0.756155,22.743269,-0.243845,0
CUST_003889,24.36,20.89,353.53,7,-3.46,38,0.63,26.09,0.86,0,0.857553,16.923408,-0.142036,0
CUST_003764,30.11,34.54,610.92,7,4.43,105,0.96,30.18,1.14,0,1.147127,17.687319,0.147127,0
CUST_007260,33.24,10.96,119.23,43,-22.28,225,0.11,29.33,0.82,1,0.329723,10.87865,-0.670277,1
CUST_002618,19.62,20.35,315.44,7,0.73,83,0.87,17.95,1.07,0,1.037207,15.500737,0.037207,0
CUST_004574,30.91,26.96,532.22,15,-3.95,165,0.98,33.29,0.91,0,0.87221,19.741098,-0.12779,0
CUST_009335,26.57,12.03,134.44,41,-14.55,2,0.07,22.07,1.13,3,0.452766,11.175395,-0.54761,1
CUST_000315,24.3,18.43,285.48,4,-5.87,104,0.85,25.93,0.84,0,0.758436,15.489962,-0.241564,0
CUST_007364,14.69,37.21,765.8,25,22.52,10,0.26,17.84,1.01,0,2.533016,20.580489,1.533016,1
CUST_004173,27.78,27.37,682.08,10,-0.41,188,0.72,30.4,0.93,0,0.985241,24.920716,-0.014759,0
CUST_001315,22.0,18.33,454.35,11,-3.67,229,0.96,22.44,0.87,0,0.833182,24.787234,-0.166818,0
CUST_009097,27.47,30.97,720.71,57,3.51,10,0.29,27.89,1.05,1,1.127412,23.27123,0.127776,1
CUST_008039,37.49,12.33,175.31,44,-25.16,11,0.02,32.41,0.82,1,0.328888,14.218167,-0.671112,1
CUST_008125,20.83,19.22,476.03,28,-1.61,4,0.04,19.28,0.9,3,0.922708,24.76743,-0.077292,1
CUST_006304,33.12,77.36,1429.62,23,44.24,221,0.16,31.83,0.87,0,2.335749,18.480093,1.335749,1
CUST_003589,25.13,20.89,382.07,10,-4.24,17,0.58,25.2,0.92,0,0.831277,18.289612,-0.168723,0
CUST_005098,27.52,11.51,201.08,30,-16.01,200,0.11,25.94,1.05,0,0.418241,17.470026,-0.581759,1
CUST_000417,35.07,46.13,960.65,6,11.05,71,0.7,34.67,1.18,0,1.315369,20.824843,0.315084,0
CUST_005104,35.02,15.68,267.7,33,-19.34,8,0.34,27.37,1.12,1,0.447744,17.072704,-0.552256,1
CUST_004879,16.96,20.02,455.64,9,3.06,61,0.95,17.69,1.03,0,1.180425,22.759241,0.180425,0
CUST_006408,18.48,43.63,816.41,22,25.14,3,0.15,19.6,0.94,3,2.360931,18.712125,1.36039,1
CUST_006020,19.46,23.59,488.54,53,4.12,6,0.07,21.37,1.17,2,1.21223,20.709623,0.211716,1
CUST_000624,30.3,36.82,713.43,7,6.52,212,0.95,29.89,1.13,0,1.215182,19.376154,0.215182,0
CUST_004272,28.93,35.37,677.91,6,6.44,124,0.99,28.64,1.14,0,1.222606,19.166243,0.222606,0
CUST_002378,30.04,29.01,584.93,2,-1.04,157,0.68,32.59,0.89,0,0.965712,20.163047,-0.034621,0
CUST_005802,19.59,19.73,337.89,41,0.14,8,0.14,18.25,0.97,0,1.007147,17.125697,0.007147,1
CUST_004529,32.26,24.26,393.42,13,-8.0,194,0.68,30.77,0.81,0,0.752015,16.216818,-0.247985,0
CUST_003673,29.72,23.46,537.95,7,-6.26,118,0.96,27.43,0.81,0,0.789367,22.93052,-0.210633,0
CUST_007445,26.43,28.16,488.81,55,1.72,2,0.4,26.51,1.02,3,1.065456,17.35831,0.065078,1
CUST_008149,26.06,10.19,149.8,16,-15.87,10,0.28,22.36,0.98,3,0.391021,14.700687,-0.608979,1
CUST_002435,26.1,23.31,455.2,6,-2.78,126,0.39,24.22,1.0,0,0.893103,19.5281,-0.106513,0
CUST_008669,31.47,15.08,167.97,17,-16.39,222,0.17,30.99,1.2,2,0.479187,11.138594,-0.520813,1
CUST_007273,25.15,11.37,165.72,15,-13.78,6,0.24,21.24,1.13,0,0.452087,14.575198,-0.547913,1
CUST_004386,31.06,30.61,748.12,6,-0.45,99,0.99,30.54,0.93,0,0.985512,24.440379,-0.014488,0
CUST_008988,17.98,20.42,509.98,49,2.43,208,0.06,18.64,1.12,1,1.135706,24.974535,0.13515,1
CUST_002493,27.29,26.73,491.34,7,-0.56,81,0.82,28.02,1.06,0,0.97948,18.381594,-0.02052,0
CUST_005764,21.71,22.83,540.04,32,1.11,8,0.2,21.84,1.0,2,1.051589,23.65484,0.051129,1
CUST_006338,30.96,63.97,973.22,34,33.01,121,0.27,32.48,0.83,0,2.066214,15.213694,1.066214,1
CUST_004345,29.94,37.27,865.81,10,7.33,175,0.97,32.23,1.13,0,1.244823,23.230749,0.244823,0
CUST_008303,33.59,27.54,634.58,43,-6.05,9,0.12,33.11,0.83,2,0.819887,23.042121,-0.180113,1
CUST_002388,17.54,15.88,250.76,7,-1.66,198,0.92,17.72,0.9,0,0.905359,15.790932,-0.094641,0
CUST_000243,21.19,20.53,405.27,9,-0.66,53,0.94,20.67,1.13,0,0.968853,19.74038,-0.031147,0
CUST_006104,17.16,44.64,650.37,28,27.48,7,0.15,17.6,1.04,2,2.601399,14.56922,1.601399,1
CUST_000824,22.73,21.73,536.91,6,-1.0,32,0.79,20.8,0.87,0,0.956005,24.708237,-0.043995,0
CUST_002953,28.07,27.53,545.16,7,-0.54,51,0.8,29.48,1.07,0,0.980762,19.802397,-0.019238,0
CUST_001015,20.23,21.02,389.62,2,0.79,176,0.99,19.49,1.12,1,1.039051,18.53568,0.039051,0
CUST_001083,33.06,38.21,658.23,7,5.15,152,0.95,33.98,1.04,0,1.155777,17.226642,0.155777,0
CUST_006830,16.95,37.15,605.17,30,20.2,10,0.21,18.18,0.88,2,2.19174,16.289906,1.19174,1
CUST_000953,17.1,18.15,387.65,14,1.05,168,0.79,18.4,1.12,0,1.061404,21.358127,0.061404,0
CUST_006560,35.5,27.38,597.49,40,-8.13,2,0.28,33.98,0.83,0,0.771268,21.822133,-0.229014,1
CUST_002667,20.79,21.57,488.12,8,0.79,109,1.0,20.32,0.9,0,1.037518,22.629578,0.037999,0
CUST_008142,21.67,55.26,1011.04,26,33.59,10,0.23,23.3,1.02,1,2.550069,18.296055,1.550069,1
CUST_000177,26.52,33.8,780.52,7,7.28,210,0.74,29.41,1.13,0,1.27451,23.092308,0.27451,0
CUST_009561,24.63,10.59,157.54,20,-14.04,7,0.24,21.96,1.08,1,0.429963,14.876298,-0.570037,1
CUST_006259,31.44,13.46,202.75,16,-17.97,10,0.58,30.82,1.07,1,0.428117,15.06315,-0.571565,1
CUST_003904,18.28,22.64,488.78,4,4.36,90,0.71,19.38,1.16,0,1.238512,21.589223,0.238512,0
CUST_002633,23.99,22.67,517.37,9,-1.32,182,0.85,24.79,0.98,0,0.944977,22.821791,-0.055023,0
CUST_000889,20.74,18.55,322.87,7,-2.18,135,0.78,21.22,1.04,1,0.894407,17.405391,-0.105111,0
CUST_000670,28.51,28.58,647.06,8,0.07,174,0.54,26.57,1.06,0,1.002455,22.640308,0.002455,0
CUST_001511,20.3,16.09,361.69,6,-4.22,165,0.8,19.32,0.92,0,0.792611,22.47918,-0.207882,0
CUST_002804,28.46,28.84,568.27,6,0.39,191,0.95,27.64,1.13,0,1.013352,19.70423,0.013703,0
CUST_009837,15.07,33.01,588.58,29,17.94,7,0.09,15.99,1.06,1,2.190445,17.830354,1.190445,1
CUST_009743,31.54,25.36,548.72,33,-6.19,1,0.26,34.1,0.87,0,0.804058,21.637224,-0.196259,1
CUST_000220,31.19,32.11,668.9,3,0.92,96,0.6,31.7,1.19,0,1.029497,20.831517,0.029497,0
CUST_009218,24.06,44.13,849.4,39,20.07,9,0.02,22.27,0.8,1,1.834165,19.247677,0.834165,1
CUST_006842,16.56,33.6,498.88,20,17.04,4,0.02,19.15,0.81,3,2.028986,14.847619,1.028986,1
CUST_001400,20.55,21.82,394.9,9,1.27,82,0.71,19.13,1.17,0,1.0618,18.098075,0.0618,0
CUST_000992,32.12,40.9,767.38,9,8.78,73,0.76,31.18,1.16,0,1.27335,18.762347,0.27335,0
CUST_007122,12.74,27.71,400.29,39,14.97,4,0.12,15.74,0.87,1,2.175039,14.445687,1.175039,1
CUST_009691,35.35,13.76,216.57,30,-21.59,9,0.0,34.51,0.97,1,0.38925,15.739099,-0.61075,1
CUST_001819,21.01,19.77,299.42,9,-1.24,219,0.94,20.94,0.86,0,0.94098,15.145169,-0.05902,0
CUST_002704,26.19,25.88,597.33,5,-0.32,38,0.99,26.43,0.96,0,0.988163,23.080757,-0.012218,0
CUST_000092,23.2,22.63,542.82,8,-0.57,227,0.91,25.65,1.09,0,0.975431,23.986743,-0.024569,0
CUST_002508,33.96,39.74,881.41,12,5.78,174,0.59,31.64,1.07,0,1.1702,22.179416,0.1702,0
CUST_001391,21.07,23.01,467.72,4,1.93,178,0.91,19.8,1.02,1,1.092074,20.326814,0.091599,0
CUST_004472,17.25,20.21,467.15,9,2.95,31,0.85,17.96,1.2,0,1.171594,23.114795,0.171014,0
CUST_005427,23.26,56.8,832.53,25,33.54,4,0.03,28.81,0.98,1,2.44196,14.657218,1.44196,1
CUST_008939,24.67,8.67,116.38,19,-16.0,3,0.24,22.57,0.88,2,0.351439,13.423299,-0.648561,1
CUST_000291,33.44,35.99,644.76,10,2.54,151,0.94,34.09,1.17,0,1.076256,17.914976,0.075957,0
CUST_003243,18.08,23.51,433.13,4,5.44,53,0.89,17.0,1.17,0,1.300332,18.423224,0.300885,0
CUST_000127,18.58,15.02,302.37,4,-3.56,187,1.0,20.61,0.88,0,0.808396,20.131158,-0.191604,0
CUST_002605,30.53,28.55,436.26,6,-1.98,74,1.0,32.12,1.01,0,0.935146,15.28056,-0.064854,0
CUST_002839,24.63,23.68,392.92,4,-0.94,197,0.84,23.71,1.01,0,0.961429,16.592905,-0.038165,0
CUST_000053,28.03,25.26,401.8,10,-2.77,133,0.88,29.4,0.84,0,0.901177,15.906572,-0.098823,0
CUST_004057,28.74,34.27,583.45,7,5.53,146,0.86,29.22,1.07,0,1.192415,17.025095,0.192415,0
CUST_002967,23.12,26.36,504.39,5,3.24,153,0.95,24.48,1.09,0,1.140138,19.134674,0.140138,0
CUST_001297,23.13,18.69,349.44,4,-4.44,144,0.62,23.44,0.94,0,0.808042,18.696629,-0.191958,0
CUST_003403,32.28,27.64,671.06,7,-4.65,126,0.84,32.95,1.0,0,0.856258,24.278582,-0.144052,0
CUST_006870,18.5,48.54,695.2,26,30.03,147,0.48,22.63,1.05,1,2.623784,14.322208,1.623243,1
CUST_006209,28.74,35.98,603.39,49,7.25,188,0.3,29.98,1.14,3,1.251914,16.77015,0.252262,1
CUST_002545,27.84,30.25,500.51,10,2.4,18,0.96,25.56,0.95,0,1.086566,16.545785,0.086207,0
CUST_007120,30.94,28.16,464.59,41,-2.79,10,0.07,29.04,0.92,1,0.910149,16.498224,-0.090175,1
CUST_005021,16.09,5.83,100.0,41,-10.27,3,0.03,15.01,0.91,2,0.362337,17.152659,-0.638285,1
CUST_000235,23.64,23.26,527.18,2,-0.38,114,0.85,24.32,0.88,0,0.983926,22.66466,-0.016074,0
CUST_001089,28.72,24.07,413.72,6,-4.65,183,0.69,27.14,0.92,0,0.838092,17.188201,-0.161908,0
CUST_008640,24.72,60.19,1223.01,38,35.47,199,0.05,24.52,1.13,1,2.434871,20.319156,1.434871,1
CUST_000186,19.87,15.38,322.22,8,-4.49,150,0.73,18.76,0.83,0,0.774031,20.950585,-0.225969,0
CUST_001044,15.13,14.41,263.96,4,-0.72,53,0.93,16.01,1.02,0,0.952412,18.317835,-0.047588,0
CUST_004244,21.53,16.65,368.11,5,-4.88,81,0.97,20.56,0.87,0,0.77334,22.108709,-0.22666,0
CUST_007731,16.85,40.25,987.78,19,23.41,127,0.01,16.24,0.82,0,2.388724,24.541118,1.389318,1
CUST_007375,21.32,16.69,411.92,38,-4.63,8,0.09,22.6,0.82,2,0.782833,24.680647,-0.217167,1
CUST_002003,24.63,20.87,366.83,11,-3.76,191,0.82,22.57,0.89,0,0.847341,17.576905,-0.152659,0
CUST_006689,25.33,15.1,301.18,41,-10.23,159,0.11,25.32,1.0,3,0.596131,19.945695,-0.403869,1
CUST_008654,20.67,41.61,768.76,29,20.94,215,0.14,22.51,0.81,2,2.013062,18.475366,1.013062,1
CUST_003038,23.01,18.98,460.19,7,-4.03,87,0.45,21.02,0.86,0,0.824859,24.246048,-0.175141,0
CUST_007290,26.87,9.99,114.05,34,-16.88,130,0.05,23.74,0.93,0,0.37179,11.416416,-0.62821,1
CUST_001789,18.22,19.57,440.3,6,1.36,212,0.73,17.02,1.19,0,1.074094,22.498723,0.074643,0
CUST_000497,17.22,21.02,403.79,4,3.8,158,0.8,17.21,1.14,0,1.220674,19.2098,0.220674,0
CUST_002880,28.64,32.04,514.4,3,3.4,40,0.98,29.77,1.09,1,1.118715,16.054931,0.118715,0
CUST_000011,27.02,20.77,497.97,8,-6.24,159,0.95,27.9,0.87,0,0.76869,23.975445,-0.23094,0
CUST_005887,36.17,13.78,200.13,17,-22.39,1,0.12,30.39,0.95,1,0.380979,14.523222,-0.619021,1
CUST_000848,36.45,42.39,770.25,6,5.94,126,0.64,34.96,1.19,0,1.162963,18.170559,0.162963,0
CUST_000766,24.58,17.71,328.54,14,-6.88,172,0.74,24.63,0.82,0,0.720504,18.551101,-0.279902,0
CUST_000029,36.99,35.9,543.34,2,-1.09,235,0.93,34.71,0.95,0,0.970533,15.134819,-0.029467,0
CUST_006809,32.97,24.75,464.12,37,-8.22,204,0.08,31.19,0.99,0,0.750682,18.752323,-0.249318,1
CUST_004124,25.06,17.86,376.34,6,-7.2,197,0.78,25.09,0.82,0,0.71269,21.071669,-0.28731,0
CUST_000110,27.63,20.73,368.14,2,-6.89,140,0.87,30.6,0.8,0,0.750271,17.758804,-0.249367,0
CUST_002677,30.21,28.67,597.78,5,-1.54,238,0.7,30.9,0.91,0,0.949024,20.850366,-0.050976,0
CUST_000707,27.24,25.62,450.62,7,-1.62,215,0.59,26.21,0.83,0,0.940529,17.588603,-0.059471,0
CUST_001668,23.14,21.48,353.41,6,-1.66,45,0.84,23.92,0.85,0,0.928263,16.45298,-0.071737,0
CUST_002301,27.97,23.5,404.12,5,-4.46,64,0.47,28.69,0.84,0,0.840186,17.196596,-0.159457,0
CUST_005856,32.46,71.6,1218.84,19,39.14,2,0.11,32.48,0.88,1,2.205792,17.022905,1.205792,1
CUST_003280,20.02,20.62,450.71,4,0.6,192,0.92,21.4,1.11,1,1.02997,21.857905,0.02997,0
CUST_002676,33.0,42.9,647.37,8,9.9,191,0.84,32.25,1.15,0,1.3,15.09021,0.3,0
CUST_005994,30.08,70.06,1439.5,42,39.99,9,0.18,31.76,0.93,3,2.329122,20.546674,1.329455,1
CUST_006428,30.56,36.83,565.37,57,6.27,217,0.37,30.45,1.14,1,1.20517,15.350801,0.20517,1
CUST_004203,17.55,20.39,453.87,9,2.84,72,0.75,16.29,1.17,0,1.161823,22.259441,0.161823,0
CUST_005517,26.21,64.08,978.87,43,37.87,225,0.51,28.51,1.03,2,2.444868,15.275749,1.444868,1
CUST_002255,23.16,25.85,532.15,12,2.69,46,0.98,24.54,1.06,0,1.116149,20.586074,0.116149,0
CUST_002178,31.36,33.89,689.87,5,2.53,179,0.93,29.94,1.0,0,1.080676,20.356152,0.080676,0
CUST_006589,21.32,7.21,100.0,43,-14.11,11,0.43,20.23,0.85,1,0.33818,13.869626,-0.66182,1
CUST_006129,18.01,17.37,323.32,55,-0.64,6,0.02,18.36,0.98,0,0.964464,18.613702,-0.035536,1
CUST_000207,19.67,16.72,381.97,6,-2.95,227,0.95,21.83,0.98,0,0.850025,22.845096,-0.149975,0
CUST_005652,18.98,20.62,347.08,35,1.64,134,0.04,18.69,1.09,0,1.086407,16.832202,0.086407,1
CUST_009161,27.52,81.07,1709.9,43,53.56,2,0.08,33.42,1.18,1,2.945858,21.091649,1.946221,1
CUST_003310,24.07,25.64,540.33,9,1.58,156,0.83,23.83,0.96,0,1.065226,21.073713,0.065642,0
CUST_006736,16.08,39.12,845.07,39,23.04,160,0.37,18.45,0.97,0,2.432836,21.601994,1.432836,1
CUST_001047,22.74,22.53,556.18,6,-0.21,163,0.89,22.41,0.89,0,0.990765,24.686196,-0.009235,0
CUST_000871,20.15,17.0,414.14,9,-3.15,122,0.72,18.98,0.88,0,0.843672,24.361176,-0.156328,0
CUST_005081,27.61,26.5,637.45,48,-1.12,152,0.09,30.0,0.95,0,0.959797,24.054717,-0.040565,1
CUST_007796,22.82,10.6,181.19,32,-12.22,5,0.11,20.85,1.16,0,0.464505,17.093396,-0.535495,1
CUST_004183,20.13,20.81,342.69,9,0.67,225,0.98,20.23,1.17,0,1.03378,16.467564,0.033284,0
CUST_008500,32.73,13.26,203.39,40,-19.47,10,0.18,28.03,1.01,0,0.405133,15.338612,-0.594867,1
CUST_001217,15.45,13.43,241.1,11,-2.02,231,0.79,16.27,0.92,0,0.869256,17.952345,-0.130744,0
CUST_001842,25.42,26.28,565.89,9,0.86,73,0.89,25.38,0.94,1,1.033832,21.533105,0.033832,0
CUST_006026,27.01,74.54,1520.22,24,47.53,11,0.28,28.12,1.1,1,2.759719,20.394687,1.759719,1
CUST_000733,24.79,25.51,411.05,4,0.71,130,0.92,23.68,0.95,0,1.029044,16.113289,0.028641,0
CUST_008202,27.77,24.68,587.9,45,-3.09,9,0.31,29.97,0.9,1,0.888729,23.820908,-0.111271,1
CUST_002718,31.13,31.54,564.56,3,0.41,116,0.85,34.23,0.92,0,1.013171,17.89981,0.013171,0
CUST_001155,16.99,13.74,206.35,8,-3.25,78,0.45,18.1,0.94,0,0.808711,15.018195,-0.191289,0
CUST_004980,32.91,30.47,712.99,6,-2.44,35,0.47,32.27,0.9,0,0.925858,23.399737,-0.074142,0
CUST_003927,15.1,16.26,316.71,6,1.16,78,0.97,15.77,1.09,0,1.076821,19.47786,0.076821,0
CUST_008275,34.63,35.65,744.15,42,1.02,1,0.53,31.96,0.97,1,1.029454,20.873773,0.029454,1
CUST_006295,27.76,12.3,200.14,28,-15.46,128,0.37,24.36,1.11,2,0.443084,16.271545,-0.556916,1
CUST_003212,23.74,17.73,281.41,7,-6.0,74,0.69,23.89,0.87,0,0.746841,15.871968,-0.252738,0
CUST_004026,36.22,42.05,922.9,3,5.83,12,0.87,34.96,1.15,0,1.160961,21.947681,0.160961,0
CUST_000347,29.76,30.24,555.57,7,0.48,131,0.95,27.86,1.11,0,1.016129,18.372024,0.016129,0
CUST_008117,38.44,15.96,190.46,19,-22.49,3,0.28,30.55,1.04,1,0.415193,11.933584,-0.585068,1
CUST_000233,30.42,26.09,516.26,7,-4.33,178,0.85,32.46,1.0,0,0.857659,19.787658,-0.142341,0
CUST_001051,25.6,24.86,397.94,7,-0.74,71,0.79,24.78,0.92,0,0.971094,16.007241,-0.028906,0
CUST_002410,17.78,21.17,451.26,6,3.39,104,0.96,16.93,1.11,0,1.190664,21.316013,0.190664,0
CUST_006290,27.02,69.93,1310.52,34,42.91,6,0.05,27.71,1.04,1,2.588083,18.740455,1.588083,1
CUST_003864,23.0,17.19,410.88,8,-5.81,129,0.99,25.09,0.84,0,0.747391,23.902269,-0.252609,0
CUST_001849,30.02,23.42,411.73,8,-6.6,192,0.93,27.6,0.8,0,0.780147,17.580273,-0.219853,0
CUST_000545,16.54,19.44,350.84,9,2.9,28,0.99,16.58,1.11,0,1.175333,18.047325,0.175333,0
CUST_009908,33.2,35.43,738.45,54,2.22,6,0.19,32.23,1.04,1,1.067169,20.842506,0.066867,1
CUST_000771,22.03,20.48,373.31,4,-1.55,44,0.77,20.66,1.0,0,0.929641,18.228027,-0.070359,0
CUST_006719,22.41,48.24,732.5,29,25.82,155,0.43,23.39,0.86,1,2.15261,15.184494,1.152164,1
CUST_002771,31.7,29.93,489.19,9,-1.76,96,0.93,29.23,0.94,0,0.944164,16.34447,-0.055521,0
CUST_002455,18.56,16.13,329.65,4,-2.43,82,0.84,17.32,0.96,0,0.869073,20.437074,-0.130927,0
CUST_003676,30.08,27.32,515.6,7,-2.76,138,0.97,29.9,0.95,0,0.908245,18.872621,-0.091755,0
CUST_006089,39.33,16.74,250.97,20,-22.58,164,0.0,34.95,1.06,2,0.425629,14.992234,-0.574116,1
CUST_005534,18.7,54.12,813.08,42,35.42,4,0.41,19.94,1.16,0,2.894118,15.023651,1.894118,1
CUST_008324,27.98,34.35,754.52,41,6.37,217,0.02,25.87,1.0,1,1.227663,21.965648,0.227663,1
CUST_003154,34.0,35.83,752.39,2,1.83,202,0.68,31.16,1.12,0,1.053824,20.998884,0.053824,0
CUST_003008,24.57,27.21,472.26,11,2.64,226,0.75,25.75,1.01,0,1.107448,17.356119,0.107448,0
CUST_007529,32.94,53.07,1279.02,28,20.14,4,0.18,31.73,1.04,0,1.611111,24.100622,0.611415,1
CUST_004276,30.08,34.73,857.23,9,4.65,92,0.73,32.48,1.12,0,1.154588,24.682695,0.154588,0
CUST_008372,23.81,24.71,616.53,35,0.9,11,0.27,26.22,1.1,0,1.037799,24.950627,0.037799,1
CUST_004476,30.8,28.52,618.92,6,-2.27,199,0.6,33.81,0.98,0,0.925974,21.701262,-0.073701,0
CUST_000228,32.69,35.44,660.15,4,2.75,237,0.9,31.84,0.99,0,1.084124,18.627257,0.084124,0
CUST_008748,32.84,13.92,187.16,21,-18.92,234,0.54,29.56,1.06,2,0.423873,13.445402,-0.576127,1
CUST_007939,21.29,47.53,914.11,39,26.24,7,0.06,20.45,0.9,3,2.232504,19.232274,1.232504,1
CUST_006004,25.79,71.51,987.41,30,45.72,3,0.4,32.0,1.11,2,2.77278,13.807999,1.77278,1
CUST_007696,15.37,15.95,349.51,55,0.58,8,0.01,15.74,1.09,3,1.037736,21.912853,0.037736,1
CUST_000792,20.99,25.28,553.13,13,4.29,121,0.46,23.08,1.08,0,1.204383,21.880142,0.204383,0
CUST_006151,22.79,65.59,1395.1,43,42.79,162,0.04,28.45,1.15,2,2.878017,21.270011,1.877578,1
CUST_009385,17.31,36.39,635.16,38,19.08,10,0.03,17.8,0.84,1,2.102253,17.454246,1.102253,1
CUST_004547,22.37,22.31,361.23,4,-0.05,21,0.87,21.48,0.94,0,0.997318,16.191394,-0.002235,0
CUST_000418,27.46,19.71,362.0,9,-7.75,63,0.93,28.35,0.81,0,0.717771,18.366312,-0.282229,0
CUST_004240,24.01,20.55,440.27,12,-3.46,121,0.77,22.44,0.9,0,0.855893,21.424331,-0.144107,0
CUST_004100,31.27,38.55,794.21,4,7.28,107,0.9,29.76,1.15,0,1.232811,20.602075,0.232811,0
CUST_004204,22.92,22.59,485.45,6,-0.33,207,0.95,21.09,0.9,0,0.985602,21.489597,-0.014398,0
CUST_004537,33.44,27.47,669.54,11,-5.97,166,0.96,31.81,0.87,0,0.821471,24.373498,-0.178529,0
CUST_001235,16.74,16.44,293.64,6,-0.3,29,0.92,17.53,0.95,0,0.982079,17.861314,-0.017921,0
CUST_003740,27.14,27.03,511.49,10,-0.11,214,0.74,28.16,0.89,0,0.995947,18.923048,-0.004053,0
CUST_000111,18.66,20.52,417.09,3,1.86,149,0.65,20.44,1.1,0,1.099678,20.326023,0.099678,0
CUST_001748,21.83,20.05,314.25,10,-1.79,96,0.94,22.66,0.94,0,0.918461,15.673317,-0.081997,0
CUST_001484,16.11,18.95,364.3,5,2.84,195,1.0,17.66,1.12,0,1.176288,19.224274,0.176288,0
CUST_009107,32.14,40.27,749.01,22,8.13,135,0.05,32.52,1.01,0,1.252956,18.599702,0.252956,1
CUST_008124,32.74,32.78,550.04,43,0.04,11,0.03,32.12,0.96,2,1.001222,16.779744,0.001222,1
CUST_008874,30.16,10.98,165.99,17,-19.19,154,0.01,26.76,0.91,0,0.364058,15.117486,-0.636273,1
CUST_004918,31.37,23.45,543.5,6,-7.91,44,0.94,32.84,0.83,0,0.747529,23.176972,-0.252152,0
CUST_003859,30.56,31.12,605.48,7,0.56,176,1.0,33.33,0.9,0,1.018325,19.456298,0.018325,0
CUST_000689,23.37,19.46,313.66,8,-3.92,220,0.61,25.56,0.96,0,0.832691,16.118191,-0.167736,0
CUST_003390,17.07,16.63,264.87,6,-0.44,184,0.87,18.54,1.15,0,0.974224,15.92724,-0.025776,0
CUST_004339,29.3,29.67,453.19,9,0.37,66,0.76,29.75,0.99,0,1.012628,15.274351,0.012628,0
CUST_004136,30.37,26.51,603.78,4,-3.86,97,0.77,30.55,0.83,0,0.872901,22.775556,-0.127099,0
CUST_009595,30.52,28.34,662.61,28,-2.18,5,0.18,27.99,1.2,1,0.928571,23.380734,-0.071429,1
CUST_008443,28.31,72.0,1201.53,23,43.69,5,0.05,30.83,1.02,0,2.543271,16.687917,1.543271,1
CUST_006943,16.51,34.04,722.02,34,17.53,6,0.13,17.24,0.82,1,2.061781,21.210928,1.061781,1
CUST_007521,19.55,55.28,982.93,32,35.73,4,0.09,22.35,1.13,1,2.827621,17.780933,1.827621,1
CUST_002714,18.91,19.66,352.59,9,0.75,95,0.62,18.43,1.08,0,1.039662,17.934385,0.039662,0
CUST_005874,23.31,10.1,152.94,26,-13.21,5,0.34,23.22,1.08,1,0.43329,15.142574,-0.56671,1
CUST_005255,28.81,60.46,1113.61,41,31.65,234,0.11,31.38,0.84,1,2.098577,18.418955,1.098577,1
CUST_001648,29.88,25.13,579.5,6,-4.76,218,0.74,28.58,0.82,0,0.841031,23.060088,-0.159304,0
CUST_002276,30.67,36.13,759.18,4,5.46,206,0.94,33.44,1.03,1,1.178024,21.012455,0.178024,0
CUST_007377,28.68,30.26,513.88,48,1.58,219,0.24,27.59,0.99,2,1.055091,16.982155,0.055091,1
CUST_003832,21.07,22.49,345.93,5,1.42,138,0.66,21.66,1.13,0,1.067394,15.381503,0.067394,0
CUST_004567,26.87,26.14,535.84,3,-0.73,34,0.63,26.02,1.13,0,0.972832,20.498852,-0.027168,0
CUST_008314,15.03,39.72,709.81,39,24.69,126,0.2,18.44,1.06,2,2.642715,17.870342,1.642715,1
CUST_006523,37.71,15.8,230.59,31,-21.91,135,0.06,31.4,1.05,1,0.418987,14.594304,-0.581013,1
CUST_002983,28.76,24.78,515.6,7,-3.98,165,0.9,27.26,0.85,0,0.861613,20.807103,-0.138387,0
CUST_001436,18.84,17.1,362.0,6,-1.74,187,0.97,17.78,0.91,0,0.907643,21.169591,-0.092357,0
CUST_003190,34.12,34.89,527.35,7,0.77,142,0.44,31.81,1.08,0,1.022567,15.114646,0.022567,0
CUST_004807,20.94,16.67,262.61,3,-4.27,92,0.79,20.21,0.87,0,0.796084,15.753449,-0.203916,0
CUST_001546,27.37,28.22,435.52,6,0.85,51,0.98,29.32,1.06,0,1.031056,15.433026,0.031056,0
CUST_003222,26.78,35.12,834.84,3,8.34,60,0.86,24.98,1.18,0,1.311426,23.771071,0.311426,0
CUST_005462,18.98,46.92,1044.68,24,27.94,2,0.1,20.78,1.01,1,2.472076,22.265132,1.472076,1
CUST_006544,27.87,24.26,525.45,30,-3.6,1,0.09,26.56,0.91,1,0.87047,21.65911,-0.129171,1
CUST_005244,36.16,15.52,243.34,24,-20.64,8,0.1,28.18,1.07,1,0.429204,15.679124,-0.570796,1
CUST_007435,17.09,45.78,797.68,34,28.69,2,0.06,17.49,1.07,2,2.67876,17.424203,1.67876,1
CUST_004176,21.87,21.64,470.09,4,-0.23,13,0.88,21.55,0.93,0,0.989483,21.723198,-0.010517,0
CUST_003381,34.46,40.39,759.02,7,5.93,98,0.99,34.08,1.09,0,1.172084,18.792275,0.172084,0
CUST_001642,30.36,26.27,513.8,9,-4.09,205,0.67,27.89,0.85,0,0.865283,19.558432,-0.134717,0
CUST_009829,23.46,53.11,1056.06,29,29.66,2,0.46,26.59,0.91,0,2.263853,19.884391,1.26428,1
CUST_001710,34.17,38.68,832.47,11,4.51,225,0.92,34.43,1.11,0,1.131987,21.521975,0.131987,0
CUST_001732,31.2,31.29,492.2,5,0.09,31,0.76,31.86,1.06,0,1.002885,15.730265,0.002885,0
CUST_000598,16.4,17.11,380.31,4,0.72,150,0.87,17.9,1.0,0,1.043293,22.227352,0.043902,0
CUST_009124,28.32,25.49,525.39,49,-2.82,222,0.03,29.49,0.83,3,0.900071,20.611612,-0.099576,1
CUST_000135,16.42,15.49,292.04,11,-0.93,185,1.0,15.62,0.96,0,0.943362,18.853454,-0.056638,0
CUST_002865,29.24,24.96,402.75,3,-4.28,41,0.93,31.14,0.85,0,0.853625,16.135817,-0.146375,0
CUST_000797,25.66,30.93,753.1,9,5.27,85,0.83,25.67,1.08,0,1.205378,24.348529,0.205378,0
CUST_003223,17.53,18.91,412.64,12,1.38,194,0.78,16.99,1.2,0,1.078722,21.821259,0.078722,0
CUST_000418,27.46,19.71,362.0,9,-7.75,63,0.93,28.35,0.81,0,0.717771,18.366312,-0.282229,0
CUST_009758,14.28,33.94,497.37,27,19.66,9,0.0,17.26,0.95,3,2.376751,14.65439,1.376751,1
CUST_004019,16.68,16.47,267.52,5,-0.21,178,0.79,16.81,0.94,0,0.98741,16.242866,-0.01259,0
CUST_000516,33.81,35.11,716.56,9,1.3,81,0.76,32.87,1.01,0,1.03845,20.409,0.03845,0
CUST_006471,17.0,15.62,340.38,32,-1.38,8,0.04,15.77,0.9,3,0.918824,21.791293,-0.081176,1
CUST_001481,22.38,23.72,507.83,10,1.34,121,0.88,23.8,0.99,0,1.059875,21.409359,0.059875,0
CUST_002119,31.0,24.12,584.25,6,-6.88,105,0.79,30.75,0.89,0,0.778065,24.222637,-0.221935,0
CUST_009506,15.4,45.08,639.39,31,29.68,232,0.09,18.61,1.17,0,2.927273,14.183452,1.927273,1
CUST_009791,13.34,32.84,636.59,41,19.5,148,0.24,16.65,0.98,1,2.461769,19.384592,1.461769,1
CUST_001001,16.42,16.25,382.01,8,-0.17,218,0.94,16.29,1.09,0,0.989647,23.508308,-0.010353,0
CUST_004698,31.9,25.38,575.6,6,-6.52,89,0.85,31.55,0.88,0,0.795611,22.679275,-0.204389,0
CUST_001523,14.64,13.58,284.36,7,-1.06,171,0.65,15.64,1.08,0,0.927596,20.939617,-0.072404,0
CUST_008243,26.52,60.63,1340.51,37,34.11,9,0.49,24.68,0.85,3,2.286199,22.109682,1.286199,1
CUST_001901,18.94,25.72,637.42,9,6.78,142,1.0,18.32,1.19,0,1.357973,24.783048,0.357973,0
CUST_000196,28.97,31.64,541.13,4,2.66,48,0.83,30.19,1.19,0,1.092164,17.102718,0.091819,0
CUST_007458,14.82,39.95,591.19,33,25.13,215,0.02,16.87,1.08,1,2.695682,14.798248,1.695682,1
CUST_003817,14.07,16.77,339.2,10,2.7,140,0.97,15.07,1.05,0,1.191898,20.226595,0.191898,0
CUST_003399,30.95,35.89,636.83,5,4.94,104,0.88,28.97,1.17,0,1.159612,17.74394,0.159612,0
CUST_003925,14.75,15.67,294.42,4,0.92,89,0.86,15.97,1.09,0,1.062373,18.788768,0.062373,0
CUST_009203,29.65,18.83,327.89,32,-10.81,157,0.0,29.38,1.0,2,0.635076,17.41317,-0.364587,1
CUST_004497,27.02,28.08,541.63,8,1.06,222,0.89,27.4,1.11,1,1.03923,19.288818,0.03923,0
CUST_000121,32.79,38.45,739.17,8,5.66,156,0.95,30.32,1.12,0,1.172614,19.224187,0.172614,0
CUST_000859,16.48,21.49,365.7,10,5.01,226,0.93,16.34,1.15,1,1.304005,17.017217,0.304005,0
CUST_003469,16.77,12.71,245.65,6,-4.05,207,0.87,18.61,0.81,0,0.757901,19.327301,-0.241503,0
CUST_009687,27.86,34.5,804.81,31,6.64,210,0.12,27.69,1.15,0,1.238335,23.327826,0.238335,1
CUST_007280,29.84,59.88,987.87,43,30.04,6,0.08,31.16,0.8,2,2.006702,16.497495,1.006702,1
CUST_005807,39.13,16.39,207.84,29,-22.74,6,0.03,34.7,1.05,2,0.41886,12.680903,-0.58114,1
CUST_007735,17.41,19.84,336.38,32,2.43,175,0.16,17.81,1.08,0,1.139575,16.954637,0.139575,1
CUST_001017,27.01,25.67,429.24,7,-1.35,200,0.81,24.59,0.97,0,0.950389,16.721465,-0.049981,0
CUST_008402,25.98,26.73,513.71,34,0.75,224,0.11,27.18,1.14,0,1.028868,19.218481,0.028868,1
CUST_009794,29.57,26.67,455.23,32,-2.9,7,0.24,32.22,0.89,3,0.901928,17.068991,-0.098072,1
CUST_007979,31.77,32.15,640.46,35,0.38,224,0.04,34.91,1.0,0,1.011961,19.920995,0.011961,1
CUST_004872,28.63,21.92,380.32,9,-6.71,202,0.91,27.04,0.87,0,0.76563,17.350365,-0.23437,0
CUST_005481,22.94,40.08,838.05,27,17.14,3,0.15,25.08,1.13,2,1.747167,20.909431,0.747167,1
CUST_009101,30.06,66.17,1584.35,15,36.11,6,0.03,27.4,1.01,0,2.201264,23.94363,1.201264,1
CUST_003293,26.58,27.36,541.4,5,0.79,60,0.87,26.81,0.93,1,1.029345,19.788012,0.029722,0
CUST_001431,32.63,36.5,711.84,4,3.88,87,0.69,33.94,1.0,0,1.118603,19.502466,0.118909,0
CUST_003195,23.28,28.53,680.2,11,5.25,33,1.0,21.96,1.17,0,1.225515,23.84157,0.225515,0
CUST_003846,16.26,17.35,336.93,6,1.09,202,0.99,15.82,1.16,0,1.067036,19.419597,0.067036,0
CUST_008524,23.79,58.65,1038.7,41,34.86,184,0.03,24.91,0.81,1,2.465322,17.710145,1.465322,1
CUST_002695,26.99,30.67,496.28,2,3.67,147,0.87,29.07,1.15,0,1.136347,16.181285,0.135976,0
CUST_001840,27.54,28.95,519.75,7,1.41,124,0.97,25.95,1.1,0,1.051198,17.953368,0.051198,0
CUST_007821,33.34,70.37,1085.88,19,37.03,166,0.11,33.87,0.84,3,2.110678,15.431008,1.110678,1
CUST_004663,29.28,21.77,518.37,9,-7.51,101,0.74,28.88,0.82,0,0.743511,23.811208,-0.256489,0
CUST_004665,19.33,19.82,407.96,11,0.5,30,0.9,17.78,0.94,0,1.025349,20.583249,0.025867,0
CUST_006680,24.75,46.85,962.21,41,22.1,10,0.01,25.75,0.91,1,1.892929,20.5381,0.892929,1
CUST_006655,25.49,21.87,539.25,36,-3.63,4,0.26,27.19,0.87,2,0.857984,24.657064,-0.142409,1
CUST_006668,31.22,33.45,543.53,38,2.23,10,0.27,33.36,0.89,0,1.071429,16.249028,0.071429,1
CUST_000888,32.33,41.1,765.03,7,8.77,216,0.96,30.44,1.18,0,1.271265,18.613869,0.271265,0
CUST_001952,17.44,20.33,330.45,11,2.89,29,0.96,18.96,1.12,0,1.165711,16.254304,0.165711,0
CUST_003712,17.53,19.6,371.77,6,2.07,32,0.68,17.4,1.04,0,1.118083,18.967857,0.118083,0
CUST_006764,29.67,43.99,860.93,18,14.32,6,0.12,29.77,0.92,0,1.482642,19.571039,0.482642,1
CUST_005217,34.12,15.24,259.31,42,-18.88,164,0.45,30.51,1.12,2,0.446659,17.015092,-0.553341,1
CUST_001000,20.2,20.43,368.85,5,0.24,124,0.93,21.41,1.17,0,1.011386,18.054332,0.011881,0
CUST_001532,23.79,18.56,427.81,2,-5.23,184,0.82,22.44,0.82,0,0.78016,23.050108,-0.21984,0
CUST_007188,37.18,13.45,176.31,15,-23.73,11,0.1,31.54,0.9,0,0.361754,13.10855,-0.638246,1
CUST_004893,31.18,35.75,634.39,6,4.57,122,0.64,33.73,1.05,0,1.146568,17.745175,0.146568,0
CUST_006873,17.7,40.46,961.88,37,22.76,171,0.03,16.64,0.92,1,2.285876,23.773604,1.285876,1
CUST_002981,35.66,38.13,787.66,7,2.48,85,0.83,33.01,1.06,0,1.069265,20.657225,0.069546,0
CUST_005840,23.83,9.44,135.56,43,-14.39,5,0.12,21.45,0.99,0,0.396139,14.360169,-0.603861,1
CUST_003499,33.25,31.58,673.62,10,-1.67,40,0.56,33.29,0.98,0,0.949774,21.330589,-0.050226,0
CUST_000720,26.85,24.18,604.02,9,-2.67,196,0.81,28.47,0.81,0,0.900559,24.980149,-0.099441,0
CUST_003169,26.53,19.82,360.21,6,-6.71,68,0.76,24.47,0.84,1,0.747079,18.174067,-0.252921,0
CUST_003925,14.75,15.67,294.42,4,0.92,89,0.86,15.97,1.09,0,1.062373,18.788768,0.062373,0
CUST_001509,34.89,30.4,718.24,10,-4.49,101,0.97,32.29,0.81,0,0.87131,23.626316,-0.12869,0
CUST_000204,30.34,27.11,483.36,10,-3.23,217,0.96,33.3,0.88,0,0.89354,17.829583,-0.10646,0
CUST_002723,35.64,29.69,538.9,11,-5.95,97,0.85,32.46,0.81,0,0.833053,18.150893,-0.166947,0
CUST_007532,17.89,11.35,191.86,36,-6.53,173,0.04,16.76,0.91,1,0.634433,16.903965,-0.365008,1
CUST_004000,37.09,36.21,690.14,6,-0.88,177,0.67,34.9,1.07,0,0.976274,19.059376,-0.023726,0
CUST_007843,32.74,18.46,334.03,38,-14.28,153,0.26,32.16,1.18,1,0.563836,18.0948,-0.436164,1
CUST_003928,17.21,20.42,314.17,3,3.21,80,0.91,17.75,1.06,0,1.186519,15.385406,0.186519,0
CUST_006070,28.75,69.48,1296.74,35,40.73,10,0.26,28.85,0.97,3,2.416696,18.6635,1.416696,1
CUST_003323,24.76,18.53,316.43,7,-6.22,98,0.89,22.53,0.87,0,0.748384,17.076632,-0.251212,0
CUST_001651,19.28,19.87,432.86,9,0.58,53,0.89,20.75,0.94,0,1.030602,21.7846,0.030083,0
CUST_009222,22.24,46.43,700.38,38,24.2,6,0.14,27.71,0.84,2,2.08768,15.084644,1.088129,1
CUST_006222,15.09,30.89,498.09,21,15.8,5,0.35,17.04,0.82,1,2.047051,16.124636,1.047051,1
CUST_004317,25.02,19.73,400.2,7,-5.28,204,0.79,26.3,0.88,0,0.788569,20.283832,-0.211031,0
CUST_002421,32.81,28.99,715.6,10,-3.82,206,0.87,30.59,0.92,1,0.883572,24.684374,-0.116428,0
CUST_001913,17.59,18.84,335.31,8,1.25,62,0.85,17.6,0.98,0,1.071063,17.797771,0.071063,0
CUST_000450,30.82,28.79,701.93,6,-2.03,211,0.84,29.22,0.98,0,0.934134,24.381035,-0.065866,0
CUST_006490,22.6,7.51,107.67,31,-15.08,184,0.24,21.39,0.83,2,0.332301,14.336884,-0.667257,1
CUST_006440,26.84,57.68,1193.77,34,30.84,235,0.22,31.33,0.86,1,2.149031,20.696429,1.149031,1
CUST_002580,22.21,24.96,533.99,5,2.75,60,0.8,20.7,1.11,1,1.123818,21.39383,0.123818,0
CUST_004214,21.46,17.55,300.11,11,-3.92,148,0.82,23.6,0.87,0,0.817801,17.100285,-0.182665,0
CUST_000353,32.45,29.64,627.73,8,-2.81,174,0.66,30.56,0.95,0,0.913405,21.178475,-0.086595,0
CUST_002712,33.91,37.49,883.94,7,3.58,138,0.67,32.54,1.15,0,1.105574,23.578021,0.105574,0
CUST_006857,33.71,28.64,642.31,53,-5.07,182,0.12,32.31,0.89,1,0.8496,22.427025,-0.1504,1
CUST_007825,21.03,48.16,1010.8,30,27.14,3,0.08,23.86,0.92,1,2.290062,20.988372,1.290537,1
CUST_009148,27.49,24.44,373.35,26,-3.05,191,0.14,25.99,0.98,2,0.889051,15.276187,-0.110949,1
CUST_003640,28.35,27.38,675.01,5,-0.97,99,0.98,29.65,1.07,0,0.965785,24.653397,-0.034215,0
CUST_003839,30.44,33.89,659.78,11,3.45,40,0.78,33.76,1.01,0,1.113338,19.46828,0.113338,0
CUST_002540,32.96,26.25,506.33,6,-6.72,173,0.71,32.59,0.82,0,0.79642,19.288762,-0.203883,0
CUST_007681,17.61,14.38,251.22,57,-3.23,1,0.07,19.05,0.84,0,0.816581,17.470097,-0.183419,1
CUST_005959,30.51,10.43,169.47,33,-20.08,188,0.29,27.81,0.85,2,0.341855,16.248322,-0.658145,1
CUST_005540,14.66,30.86,646.51,38,16.2,7,0.1,16.06,0.84,1,2.105048,20.949773,1.105048,1
CUST_000809,26.78,24.16,480.2,8,-2.62,103,0.61,24.9,0.99,0,0.902166,19.875828,-0.097834,0
CUST_000761,16.87,16.56,325.61,1,-0.32,57,0.93,17.57,1.05,0,0.981624,19.66244,-0.018969,0
CUST_004781,31.35,31.21,687.35,6,-0.13,188,0.75,34.44,0.99,0,0.995534,22.02339,-0.004147,0
CUST_005835,22.44,24.92,560.92,48,2.48,9,0.21,23.02,1.12,1,1.110517,22.508828,0.110517,1
CUST_002480,21.88,21.62,529.38,4,-0.26,192,0.91,21.94,1.02,0,0.988117,24.485661,-0.011883,0
CUST_004366,32.16,31.33,669.04,11,-0.82,196,0.71,33.63,0.95,0,0.974192,21.354612,-0.025498,0
CUST_002381,24.78,21.98,484.26,10,-2.8,144,0.85,25.53,0.84,1,0.887006,22.031847,-0.112994,0
CUST_006922,21.08,7.97,123.57,35,-13.11,187,0.04,16.97,0.95,0,0.378083,15.504391,-0.621917,1
CUST_000277,23.41,16.6,348.04,7,-6.8,57,0.88,25.89,0.82,0,0.709099,20.966265,-0.290474,0
CUST_003940,16.19,15.87,355.16,6,-0.33,150,0.78,15.36,0.89,0,0.980235,22.379332,-0.020383,0
CUST_002288,24.61,22.77,455.12,13,-1.84,114,0.95,26.78,0.92,1,0.925234,19.987703,-0.074766,0
CUST_005617,30.07,73.3,1267.22,43,43.23,8,0.12,32.95,0.97,0,2.437645,17.288131,1.437645,1
CUST_001256,26.38,29.4,696.91,7,3.03,235,0.86,28.19,1.09,0,1.114481,23.704422,0.11486,0
CUST_007666,28.25,11.09,164.31,31,-17.16,7,0.03,25.6,0.98,0,0.392566,14.81605,-0.607434,1
CUST_009294,24.04,71.5,1383.31,30,47.46,134,0.03,24.71,1.19,1,2.97421,19.346993,1.97421,1
CUST_008178,28.25,35.71,591.36,27,7.45,135,0.01,26.17,0.9,1,1.264071,16.560067,0.263717,1
CUST_004996,24.79,23.14,414.44,10,-1.65,176,0.86,23.83,1.03,0,0.933441,17.910112,-0.066559,0
CUST_003798,22.16,21.02,479.76,4,-1.14,121,0.75,22.13,0.83,0,0.948556,22.823977,-0.051444,0
CUST_002270,22.01,19.92,422.48,6,-2.09,173,1.0,23.38,0.83,0,0.905043,21.208835,-0.094957,0
CUST_002319,19.96,20.67,423.23,9,0.71,31,0.72,18.33,1.19,0,1.035571,20.475568,0.035571,0
CUST_006899,16.15,40.21,611.56,33,24.06,1,0.09,16.52,1.0,1,2.489783,15.209152,1.489783,1
CUST_007131,24.09,22.67,420.68,58,-1.42,3,0.24,26.03,0.97,1,0.941054,18.556683,-0.058946,1
CUST_007310,21.16,8.84,100.0,24,-12.32,9,0.06,17.49,1.04,0,0.417769,11.312217,-0.582231,1
CUST_002871,25.71,30.9,629.76,9,5.2,64,0.98,28.54,1.14,0,1.201867,20.380583,0.202256,0
CUST_007637,15.28,25.99,602.34,33,10.71,210,0.17,16.72,1.07,1,1.700916,23.175837,0.700916,1
CUST_004424,32.66,34.92,667.06,6,2.26,209,0.72,30.13,1.02,0,1.069198,19.10252,0.069198,0
CUST_005850,21.58,19.73,429.72,58,-1.85,6,0.17,20.85,0.91,1,0.914272,21.78003,-0.085728,1
CUST_003157,25.37,19.2,328.9,7,-6.17,139,0.79,25.21,0.88,0,0.756799,17.130208,-0.243201,0
CUST_009712,29.8,67.28,1224.94,18,37.48,8,0.01,30.39,1.17,2,2.257718,18.206599,1.257718,1
CUST_003323,24.76,18.53,316.43,7,-6.22,98,0.89,22.53,0.87,0,0.748384,17.076632,-0.251212,0
CUST_004617,19.26,15.22,377.09,9,-4.04,107,0.68,19.42,0.9,0,0.790239,24.775953,-0.209761,0
CUST_006996,28.82,55.34,1325.22,30,26.52,124,0.01,31.57,1.02,0,1.920194,23.946874,0.920194,1
CUST_001902,22.68,28.41,579.62,8,5.73,43,0.86,25.04,1.17,0,1.252646,20.401971,0.252646,0
CUST_003102,24.36,23.67,446.73,7,-0.69,198,0.74,23.86,0.96,0,0.971675,18.873257,-0.028325,0
CUST_004915,18.7,20.11,375.95,6,1.41,62,0.93,20.63,1.08,0,1.075401,18.694679,0.075401,0
CUST_003749,22.3,19.96,337.88,8,-2.34,218,0.85,23.08,0.99,0,0.895067,16.927856,-0.104933,0
CUST_002140,33.76,37.65,619.1,5,3.9,62,0.89,34.18,1.08,0,1.115225,16.443559,0.115521,0
CUST_002992,32.83,34.04,697.19,7,1.22,132,0.88,34.18,0.93,0,1.036857,20.481492,0.037161,0
CUST_003724,22.42,27.72,463.29,5,5.3,182,0.94,21.85,1.17,0,1.236396,16.713203,0.236396,0
CUST_003343,28.85,35.76,702.56,10,6.91,184,0.94,27.77,1.18,0,1.239515,19.646532,0.239515,0
CUST_002098,14.79,14.39,302.52,6,-0.4,170,0.89,16.03,1.02,0,0.972955,21.022933,-0.027045,0
CUST_009053,23.97,23.89,462.84,46,-0.08,5,0.01,23.03,0.95,3,0.996662,19.373797,-0.003338,1
CUST_008432,32.56,35.68,649.06,48,3.12,9,0.5,33.09,1.15,0,1.095823,18.191143,0.095823,1
CUST_001349,17.86,22.57,442.14,3,4.71,38,0.77,16.82,1.11,1,1.263718,19.589721,0.263718,0
CUST_005139,34.43,92.2,1483.12,18,57.77,2,0.31,34.86,1.07,1,2.677897,16.0859,1.677897,1
CUST_000258,27.57,28.05,618.51,10,0.48,145,0.99,28.65,0.93,0,1.01741,22.050267,0.01741,0
CUST_000518,24.85,31.76,764.27,7,6.91,192,0.82,24.86,1.11,0,1.278068,24.063917,0.278068,0
CUST_001131,26.47,19.88,378.57,7,-6.59,132,0.84,25.65,0.83,0,0.751039,19.042757,-0.248961,0
CUST_003608,16.1,17.43,371.73,8,1.34,22,0.87,16.71,1.13,0,1.082609,21.327022,0.08323,0
CUST_002168,19.95,19.22,440.96,7,-0.73,186,0.75,20.15,0.88,0,0.963409,22.942768,-0.036591,0
CUST_005329,20.31,60.33,967.46,33,40.03,1,0.0,24.33,1.19,1,2.970458,16.036135,1.97095,1
CUST_005371,28.08,12.01,204.66,32,-16.06,3,0.33,23.49,1.07,1,0.427707,17.040799,-0.571937,1
CUST_003357,20.8,26.12,414.4,7,5.32,95,0.94,19.8,1.13,0,1.255769,15.865237,0.255769,0
CUST_002317,33.69,31.75,650.99,5,-1.95,214,0.97,31.43,0.89,0,0.942416,20.503622,-0.057881,0
CUST_008712,26.15,11.75,183.46,30,-14.39,208,0.25,25.2,1.12,1,0.449331,15.613617,-0.550287,1
CUST_000325,20.39,27.86,579.69,4,7.47,148,0.86,21.84,1.19,0,1.366356,20.807251,0.366356,0
CUST_004186,21.31,18.49,374.66,8,-2.82,120,0.96,22.97,0.96,0,0.867668,20.262845,-0.132332,0
CUST_000601,26.05,23.04,466.72,5,-3.01,161,0.77,25.18,0.97,0,0.884453,20.256944,-0.115547,0
CUST_004245,24.25,21.23,528.73,6,-3.03,41,0.9,24.26,0.91,0,0.875464,24.904852,-0.124948,0
CUST_004938,22.54,23.28,393.66,4,0.74,84,0.87,23.06,1.07,0,1.032831,16.909794,0.032831,0
CUST_008704,32.48,94.85,1742.82,16,62.37,8,0.49,34.94,1.17,1,2.920259,18.374486,1.920259,1
CUST_002489,16.92,17.77,293.8,5,0.85,195,0.97,17.48,1.05,0,1.050236,16.533483,0.050236,0
CUST_002467,30.61,27.67,546.27,7,-2.94,94,0.87,32.06,0.87,0,0.903953,19.74232,-0.096047,0
CUST_001611,32.6,24.66,439.39,6,-7.94,141,0.55,33.48,0.84,0,0.756442,17.817924,-0.243558,0
CUST_003924,23.82,25.64,413.09,11,1.81,181,0.69,22.85,1.09,0,1.076406,16.111154,0.075987,0
CUST_001621,16.73,16.55,392.68,7,-0.17,229,0.96,16.47,0.98,0,0.989241,23.726888,-0.010161,0
CUST_003851,30.98,38.77,877.36,11,7.79,62,0.86,33.35,1.11,0,1.251453,22.629868,0.251453,0
CUST_007647,25.92,8.96,104.54,43,-16.96,2,0.07,25.31,0.86,1,0.345679,11.667411,-0.654321,1
CUST_008570,20.84,8.32,100.0,28,-12.52,233,0.3,16.64,1.0,1,0.399232,12.019231,-0.600768,1
CUST_009504,30.41,13.93,204.02,44,-16.48,11,0.11,28.94,1.15,1,0.458073,14.646088,-0.541927,1
CUST_002810,27.03,31.9,570.49,1,4.88,208,0.99,27.96,1.11,0,1.18017,17.883699,0.18054,0
CUST_005747,23.66,10.8,178.01,15,-12.86,208,0.02,23.21,1.09,1,0.456467,16.482407,-0.543533,1
CUST_002974,25.18,20.75,511.4,9,-4.43,157,0.64,25.66,0.9,0,0.824067,24.645783,-0.175933,0
CUST_007970,25.39,56.1,1182.8,37,30.71,129,0.2,28.15,0.88,2,2.209531,21.083779,1.209531,1
CUST_003019,16.96,13.42,219.21,6,-3.54,99,0.76,15.79,0.86,0,0.791274,16.334575,-0.208726,0
CUST_006750,20.69,50.48,967.98,38,29.79,167,0.16,25.75,0.98,1,2.439826,19.175515,1.439826,1
CUST_000784,19.09,18.42,310.8,6,-0.67,192,0.96,18.6,0.94,0,0.964903,16.872964,-0.035097,0
CUST_003678,25.77,20.22,347.14,5,-5.55,65,0.52,28.29,0.88,0,0.784633,17.16815,-0.215367,0
CUST_005839,14.5,40.03,761.09,15,25.53,235,0.1,15.35,1.1,2,2.76069,19.01299,1.76069,1
CUST_000250,23.41,27.86,419.77,7,4.46,190,0.7,22.1,1.11,0,1.19009,15.067121,0.190517,0
CUST_004822,15.6,16.54,396.75,11,0.93,236,0.94,16.17,1.12,0,1.060256,23.987304,0.059615,0
CUST_006134,23.6,70.2,1414.48,44,46.59,176,0.03,26.18,1.19,0,2.974576,20.149288,1.974153,1
CUST_000766,24.58,17.71,328.54,14,-6.88,172,0.74,24.63,0.82,0,0.720504,18.551101,-0.279902,0
CUST_002160,23.52,17.25,403.14,5,-6.27,188,0.99,24.51,0.83,0,0.733418,23.370435,-0.266582,0
CUST_007129,32.54,32.25,683.77,25,-0.29,8,0.39,32.14,1.02,3,0.991088,21.202171,-0.008912,1
CUST_000263,26.94,23.99,570.05,9,-2.95,237,0.94,29.93,0.92,0,0.890497,23.761984,-0.109503,0
CUST_002628,34.0,37.34,726.91,8,3.34,50,0.99,33.51,1.04,0,1.098235,19.467327,0.098235,0
CUST_002030,18.49,22.62,422.74,9,4.13,104,0.65,19.16,1.17,0,1.223364,18.688771,0.223364,0
CUST_002306,31.81,35.73,845.26,5,3.92,66,0.93,29.0,1.01,0,1.123232,23.656871,0.123232,0
CUST_007975,19.03,14.2,353.38,20,-4.83,10,0.23,19.48,1.04,2,0.74619,24.885915,-0.25381,1
CUST_007464,21.82,19.06,347.67,45,-2.76,4,0.36,23.58,0.92,1,0.873511,18.240818,-0.126489,1
CUST_009233,29.07,28.77,457.16,52,-0.3,197,0.0,28.27,0.91,0,0.98968,15.890163,-0.01032,1
CUST_000534,30.05,30.16,685.27,3,0.1,163,0.95,30.82,1.0,0,1.003661,22.721154,0.003328,0
CUST_005595,21.66,9.27,126.93,40,-12.39,10,0.16,17.53,1.07,0,0.427978,13.692557,-0.572022,1
CUST_003372,26.16,23.36,508.69,10,-2.8,168,0.68,27.9,0.96,0,0.892966,21.776113,-0.107034,0
CUST_007674,21.01,46.74,778.83,30,25.73,132,0.37,21.11,1.14,1,2.224655,16.66303,1.224655,1
CUST_008311,23.2,8.71,136.6,15,-14.49,6,0.12,19.9,0.94,1,0.375431,15.683123,-0.624569,1
CUST_001594,18.45,16.82,314.1,8,-1.63,172,0.75,19.11,0.85,0,0.911653,18.674197,-0.088347,0
CUST_004602,18.4,20.47,339.64,10,2.07,155,0.96,18.96,0.97,0,1.1125,16.592086,0.1125,0
CUST_005096,23.69,13.36,289.76,29,-10.33,10,0.27,24.53,1.05,1,0.563951,21.688623,-0.436049,1
CUST_004779,23.69,20.95,388.4,3,-2.74,189,0.41,22.26,0.9,0,0.884339,18.539379,-0.115661,0
CUST_006303,20.12,15.6,319.11,40,-4.52,177,0.38,21.41,0.96,2,0.775348,20.455769,-0.224652,1
CUST_005879,41.99,18.12,231.35,25,-23.87,187,0.29,34.7,1.08,1,0.431531,12.76766,-0.568469,1
CUST_003285,22.11,24.28,454.14,8,2.17,219,1.0,20.24,1.2,0,1.098146,18.704283,0.098146,0
CUST_004533,28.06,29.53,494.11,6,1.47,44,0.98,29.8,0.95,0,1.052388,16.732475,0.052388,0
CUST_003850,23.4,20.29,324.73,6,-3.11,71,0.84,25.15,0.99,0,0.867094,16.004436,-0.132906,0
CUST_000496,16.85,20.6,479.76,10,3.74,172,0.82,16.5,1.18,0,1.222552,23.28932,0.221958,0
CUST_008695,25.9,12.09,133.44,21,-13.81,129,0.17,20.76,1.17,1,0.466795,11.037221,-0.533205,1
CUST_007757,29.26,63.54,1273.24,35,34.27,199,0.12,31.26,0.87,1,2.171565,20.038401,1.171224,1
CUST_008750,14.92,35.67,655.77,29,20.74,5,0.21,16.91,0.96,1,2.390751,18.384357,1.39008,1
CUST_000456,26.22,23.09,377.32,10,-3.13,182,0.45,28.56,1.03,0,0.880625,16.341273,-0.119375,0
CUST_009001,25.93,11.08,150.09,20,-14.85,159,0.43,20.64,1.07,1,0.427304,13.546029,-0.572696,1
CUST_002427,30.22,23.0,446.62,11,-7.22,137,0.62,32.51,0.86,0,0.761085,19.418261,-0.238915,0
CUST_004292,20.45,18.2,388.22,9,-2.25,227,0.91,19.84,0.81,0,0.889976,21.330769,-0.110024,0
CUST_008915,39.49,18.26,255.98,31,-21.24,232,0.04,31.28,1.16,1,0.462396,14.01862,-0.537858,1
CUST_001875,18.23,15.74,331.2,7,-2.49,102,0.93,19.21,0.81,0,0.863412,21.041931,-0.136588,0
CUST_007754,29.07,9.62,121.07,42,-19.45,6,0.52,25.57,0.83,0,0.330925,12.585239,-0.669075,1
CUST_008864,17.15,5.51,100.0,17,-11.64,2,0.09,15.9,0.8,1,0.321283,18.14882,-0.678717,1
CUST_001411,34.49,34.03,832.44,4,-0.45,134,0.72,34.36,1.08,0,0.986663,24.461945,-0.013047,0
CUST_006000,27.0,11.31,275.4,37,-15.7,148,0.19,25.93,1.12,1,0.418889,24.350133,-0.581481,1
CUST_001796,27.57,29.22,463.19,6,1.65,86,0.94,25.28,1.06,0,1.059848,15.851814,0.059848,0
CUST_006535,28.06,32.5,541.13,54,4.44,7,0.19,26.57,1.08,1,1.158232,16.650154,0.158232,1
CUST_003466,23.19,19.24,467.58,4,-3.95,36,0.86,21.48,0.83,0,0.829668,24.302495,-0.170332,0
CUST_008352,25.87,8.12,135.91,38,-17.75,9,0.04,24.12,1.12,2,0.313877,16.737685,-0.686123,1
CUST_008560,37.92,35.39,641.92,40,-2.53,6,0.01,34.82,0.88,0,0.933281,18.138457,-0.066719,1
CUST_001766,35.39,38.56,741.11,5,3.17,112,0.97,33.99,1.2,0,1.089573,19.219658,0.089573,0
CUST_005529,15.09,42.08,711.82,26,26.99,121,0.2,16.34,1.12,0,2.788602,16.915875,1.788602,1
CUST_002504,17.44,19.77,384.04,4,2.33,62,0.99,16.71,1.09,1,1.133601,19.425392,0.133601,0
CUST_001486,31.9,25.83,444.39,8,-6.07,45,0.99,29.73,0.86,0,0.809718,17.204413,-0.190282,0
CUST_003646,24.53,28.56,525.2,5,4.03,205,0.91,24.79,1.13,0,1.164289,18.389356,0.164289,0
CUST_005736,26.02,52.16,772.18,15,26.14,183,0.04,29.27,0.8,0,2.004612,14.804064,1.004612,1
CUST_003381,34.46,40.39,759.02,7,5.93,98,0.99,34.08,1.09,0,1.172084,18.792275,0.172084,0
CUST_004219,21.58,23.14,463.37,4,1.57,140,0.81,19.83,1.09,0,1.072289,20.024633,0.072753,0
CUST_008677,15.72,33.82,591.62,33,18.1,5,0.1,15.75,0.86,0,2.151399,17.493199,1.151399,1
CUST_001162,29.07,25.78,583.13,10,-3.29,94,0.73,27.17,0.94,1,0.886825,22.619472,-0.113175,0
CUST_001562,18.29,19.86,303.44,3,1.57,167,0.87,19.16,1.11,0,1.085839,15.278953,0.085839,0
CUST_000866,31.05,33.73,562.32,8,2.68,28,0.75,32.94,1.17,0,1.086312,16.671213,0.086312,0
CUST_001679,26.06,22.94,475.26,6,-3.12,41,0.96,27.65,0.81,0,0.880276,20.717524,-0.119724,0
CUST_007086,38.44,17.84,199.06,15,-20.6,186,0.2,31.55,1.16,0,0.4641,11.158072,-0.5359,1
CUST_004117,29.39,24.54,608.98,2,-4.85,225,0.99,32.63,0.97,0,0.834978,24.815811,-0.165022,0
CUST_004959,19.74,19.91,492.92,7,0.18,194,0.97,21.65,1.04,0,1.008612,24.757408,0.009119,0
CUST_001860,21.31,20.45,499.85,7,-0.86,198,0.98,21.26,0.84,0,0.959643,24.442543,-0.040357,0
CUST_006879,18.21,50.83,834.88,43,32.62,2,0.12,20.59,1.12,0,2.791323,16.424946,1.791323,1
CUST_006368,26.62,12.13,146.27,39,-14.49,9,0.07,23.37,1.14,0,0.455672,12.058533,-0.544328,1
CUST_008341,40.82,13.78,170.38,19,-27.04,154,0.4,32.85,0.84,1,0.33758,12.364296,-0.66242,1
CUST_005815,41.03,17.03,227.97,41,-23.99,11,0.36,32.88,1.04,1,0.415062,13.386377,-0.584694,1
CUST_001556,21.85,16.01,304.91,8,-5.84,209,0.93,21.05,0.84,0,0.732723,19.044972,-0.267277,0
CUST_001069,34.57,35.29,728.4,7,0.72,118,0.87,32.9,0.95,0,1.020827,20.640408,0.020827,0
CUST_005550,19.67,52.2,974.25,24,32.53,5,0.22,21.49,1.06,2,2.653787,18.663793,1.653787,1
CUST_001038,17.85,21.85,411.59,4,4.0,154,0.9,17.01,1.14,0,1.22409,18.837071,0.22409,0
CUST_009409,23.21,37.65,585.37,41,14.44,231,0.17,22.0,0.98,0,1.622146,15.547676,0.622146,1
CUST_006292,20.93,7.31,100.0,34,-13.62,4,0.01,17.3,0.87,1,0.349259,13.679891,-0.650741,1
CUST_005998,24.52,22.54,403.87,36,-1.98,193,0.03,24.54,0.86,1,0.91925,17.917924,-0.08075,1
CUST_007216,27.63,56.43,1239.88,31,28.81,3,0.07,30.96,0.82,0,2.042345,21.972001,1.042707,1
CUST_006816,25.2,9.02,117.1,34,-16.19,8,0.17,24.12,0.89,1,0.357937,12.982262,-0.64246,1
CUST_009264,26.22,11.15,177.45,26,-15.06,218,0.07,25.67,1.06,1,0.425248,15.914798,-0.574371,1
CUST_004578,23.66,29.87,538.74,2,6.2,109,0.76,21.72,1.16,0,1.262468,18.036157,0.262046,0
CUST_006663,24.43,29.64,516.51,27,5.21,238,0.23,23.72,1.15,0,1.213262,17.426113,0.213262,1
CUST_007218,28.9,37.08,884.39,42,8.18,11,0.0,30.37,1.18,2,1.283045,23.850863,0.283045,1
CUST_001861,22.08,17.44,269.06,10,-4.63,21,0.97,21.53,0.88,0,0.789855,15.427752,-0.209692,0
CUST_003478,16.97,21.16,382.55,10,4.19,162,0.81,15.79,1.17,0,1.246906,18.078922,0.246906,0
CUST_002556,18.76,23.66,421.34,5,4.9,91,0.82,18.19,1.19,0,1.261194,17.808115,0.261194,0
CUST_004800,31.47,36.04,803.2,4,4.57,52,0.78,33.24,1.19,0,1.145218,22.286349,0.145218,0
CUST_007833,31.33,13.68,182.35,25,-17.66,1,0.11,24.23,1.09,2,0.436642,13.329678,-0.563677,1
CUST_009666,19.63,46.92,760.03,20,27.29,6,0.01,22.61,0.96,1,2.390219,16.198423,1.390219,1
CUST_007042,18.56,10.03,238.13,24,-8.53,199,0.13,18.76,0.98,2,0.540409,23.741775,-0.459591,1
CUST_002725,18.39,17.58,410.52,1,-0.81,79,0.76,19.37,0.89,0,0.955954,23.351536,-0.044046,0
CUST_003837,33.02,24.63,443.78,8,-8.39,17,0.89,32.75,0.81,0,0.745912,18.017864,-0.254088,0
CUST_001770,21.39,18.12,439.95,13,-3.27,149,0.59,20.35,0.94,0,0.847125,24.279801,-0.152875,0
CUST_005991,14.9,32.33,551.54,30,17.43,221,0.18,18.42,0.87,3,2.169799,17.059697,1.169799,1
CUST_003348,20.44,16.77,305.29,10,-3.68,197,0.81,21.22,0.92,1,0.82045,18.204532,-0.180039,0
CUST_002040,26.46,28.07,536.84,7,1.61,127,0.98,25.81,0.98,0,1.060847,19.125045,0.060847,0
CUST_003755,29.64,34.69,601.34,7,5.05,137,0.97,29.8,1.14,0,1.170378,17.334679,0.170378,0
CUST_008763,14.54,28.21,667.61,31,13.67,236,0.14,15.85,1.01,0,1.940165,23.665721,0.940165,1
CUST_001590,20.76,23.74,376.08,11,2.98,178,0.7,21.58,1.2,0,1.143545,15.841618,0.143545,0
CUST_008635,26.96,23.91,540.69,30,-3.05,154,0.19,26.43,1.18,2,0.886869,22.613551,-0.113131,1
CUST_006223,27.06,27.55,596.35,45,0.49,2,0.03,28.97,1.07,1,1.018108,21.646098,0.018108,1
CUST_004845,16.18,18.25,420.4,8,2.07,97,0.88,15.06,1.18,0,1.127936,23.035616,0.127936,0
CUST_007433,17.87,24.16,367.75,36,6.29,188,0.12,17.79,0.91,1,1.351987,15.22144,0.351987,1
CUST_006664,35.09,52.22,913.63,36,17.12,8,0.38,34.69,1.02,3,1.488173,17.495787,0.487888,1
CUST_008212,29.92,26.92,662.92,42,-3.0,10,0.36,28.75,0.89,0,0.899733,24.625557,-0.100267,1
CUST_003849,26.15,21.63,539.29,9,-4.52,234,0.96,28.4,0.89,0,0.827151,24.932501,-0.172849,0
CUST_005627,38.61,16.57,223.6,19,-22.04,7,0.56,33.21,1.07,0,0.429163,13.494267,-0.570837,1
CUST_008346,31.4,26.74,490.18,52,-4.66,3,0.04,31.67,0.83,1,0.851592,18.331339,-0.148408,1
CUST_006986,29.43,24.62,419.47,59,-4.81,4,0.39,27.0,0.81,2,0.836561,17.037774,-0.163439,1
CUST_004411,24.05,19.77,312.72,12,-4.28,84,0.83,23.34,0.84,0,0.822037,15.817906,-0.177963,0
CUST_009710,30.5,12.51,200.71,15,-17.99,11,0.12,29.54,1.03,0,0.410164,16.043965,-0.589836,1
CUST_001036,22.34,24.47,478.45,7,2.14,59,0.95,24.33,1.2,0,1.095345,19.552513,0.095792,0
CUST_004398,24.76,31.03,746.14,5,6.27,108,0.64,25.9,1.17,0,1.253231,24.045762,0.253231,0
CUST_004876,33.52,36.25,861.25,8,2.73,230,0.84,32.38,1.0,0,1.081444,23.758621,0.081444,0
CUST_004589,36.29,30.21,531.8,5,-6.08,101,0.93,34.0,0.81,0,0.832461,17.603443,-0.167539,0
CUST_008397,17.86,31.06,639.5,30,13.21,137,0.35,16.76,1.14,2,1.739082,20.589182,0.739642,1
CUST_000644,26.16,19.71,365.79,7,-6.44,14,0.79,26.88,0.88,0,0.75344,18.5586,-0.246177,0
CUST_003532,30.63,30.13,744.91,6,-0.5,66,0.5,28.47,1.09,0,0.983676,24.723199,-0.016324,0
CUST_000589,33.91,45.15,1028.01,7,11.25,54,0.79,34.53,1.16,0,1.331466,22.768771,0.331761,0
CUST_000373,30.51,31.7,489.31,8,1.19,12,0.56,31.17,0.96,0,1.039004,15.435647,0.039004,0
CUST_004474,26.74,29.97,649.84,8,3.23,173,0.85,25.4,1.15,0,1.120793,21.683016,0.120793,0
CUST_009132,32.44,93.01,1928.89,37,60.57,9,0.23,33.88,1.15,0,2.867139,20.738523,1.867139,1
CUST_000197,28.08,25.63,429.13,7,-2.45,234,0.92,30.54,0.83,0,0.912749,16.74327,-0.087251,0
CUST_002287,30.22,35.07,671.78,6,4.85,51,0.5,30.3,1.05,0,1.16049,19.155403,0.16049,0
CUST_005933,27.29,23.63,563.09,31,-3.65,7,0.22,30.17,0.83,1,0.865885,23.829454,-0.133749,1
CUST_000315,24.3,18.43,285.48,4,-5.87,104,0.85,25.93,0.84,0,0.758436,15.489962,-0.241564,0
CUST_006263,21.14,56.05,1212.32,30,34.91,216,0.06,25.61,1.06,1,2.651372,21.62926,1.651372,1
CUST_009220,29.26,78.11,1605.14,20,48.85,159,0.28,31.36,1.07,0,2.669515,20.549738,1.669515,1
CUST_008013,17.25,25.19,484.92,34,7.94,3,0.03,15.95,0.92,0,1.46029,19.250496,0.46029,1
CUST_004897,33.76,29.75,627.15,9,-4.01,234,0.77,32.34,0.98,0,0.88122,21.080672,-0.11878,0
CUST_004698,31.9,25.38,575.6,6,-6.52,89,0.85,31.55,0.88,0,0.795611,22.679275,-0.204389,0
CUST_002080,20.72,20.2,465.37,10,-0.52,17,0.72,22.22,1.12,0,0.974903,23.038119,-0.025097,0
CUST_007323,17.56,15.89,336.9,42,-1.67,8,0.5,19.24,0.9,1,0.904897,21.202014,-0.095103,1
CUST_002283,35.28,40.79,806.12,9,5.51,43,0.8,33.72,1.02,0,1.156179,19.762687,0.156179,0
CUST_001778,18.77,20.65,368.02,3,1.87,223,0.98,17.6,1.19,0,1.10016,17.821792,0.099627,0
CUST_000390,24.79,27.31,526.94,6,2.52,185,0.68,23.27,1.02,0,1.101654,19.294764,0.101654,0
CUST_007040,19.96,47.12,772.33,31,27.16,131,0.23,23.83,0.94,1,2.360721,16.390705,1.360721,1
CUST_004962,33.49,28.05,655.42,10,-5.44,24,0.96,30.53,0.94,0,0.837563,23.366132,-0.162437,0
CUST_003078,30.65,33.1,804.35,14,2.44,157,0.99,28.6,1.0,0,1.079935,24.300604,0.079608,0
CUST_006897,34.13,56.8,1184.57,44,22.67,7,0.06,34.15,1.12,2,1.664225,20.855106,0.664225,1
CUST_004466,28.52,24.47,593.47,7,-4.05,78,0.64,26.87,0.84,0,0.857994,24.252963,-0.142006,0
CUST_002287,30.22,35.07,671.78,6,4.85,51,0.5,30.3,1.05,0,1.16049,19.155403,0.16049,0
CUST_004069,25.45,23.93,554.59,8,-1.52,79,0.88,27.26,1.03,0,0.940275,23.175512,-0.059725,0
CUST_008047,13.24,35.19,658.86,30,21.96,7,0.05,15.58,1.06,0,2.657855,18.722933,1.65861,1
CUST_001218,17.04,13.72,236.39,8,-3.32,232,0.36,17.08,0.91,0,0.805164,17.229592,-0.194836,0
CUST_003423,17.26,22.21,385.48,4,4.96,13,0.97,16.65,1.2,1,1.28679,17.356146,0.28737,0
CUST_004159,18.38,21.96,429.85,6,3.58,60,0.73,18.35,1.11,0,1.194777,19.574226,0.194777,0
CUST_000297,21.86,28.3,457.15,5,6.44,29,0.89,21.49,1.18,0,1.294602,16.15371,0.294602,0
CUST_008056,25.69,25.96,512.48,46,0.27,10,0.07,23.37,1.11,1,1.01051,19.74114,0.01051,1
